id,docket,party,itemName,erpItemCode,rmItemCode,productCostActual,productCostExpected,productStatus,costActual,costExpected,costStatus,qrStatus,vaPercent,quotedRate
"cmraowze10007o0v3af8xp2dz","GMD003234","Krishna Construction Co.","SITC of PN-1.6, Double Flanged Modulating Type Electrically Operated Butterfly valves with electric actuator generally conforming to IS:13095  800 mm dia.","FBD010121","FBC010121","","","NULL_BOTH","","","NULL_BOTH","","35",""
"cmraowze10005o0v351lnd1hg","GMD003234","Krishna Construction Co.","SITC of PN-1.6, Double Flanged Modulating Type Electrically Operated Butterfly valves with electric actuator generally conforming to IS:13095 2000 mm dia. PN 1.6","FBC010361","FBD010369","990000","990000","MATCH","1069200","1069200","MATCH","QR_MISMATCH exp~1824696.7","70.66","1824670.00"
"cmraowzoi001no0v3m9rqeill","GMD003248","KALPATARU PROJECTS INTERNATIONAL LIMITED","MANUAL SLUICE VALVENOMINAL DIA (NB)100VALVE RATINGPN 16","FSD030098","RSE100002","","","NULL_BOTH","","","NULL_BOTH","","35",""
"cmraowzoi001oo0v3jlrkgwzi","GMD003248","KALPATARU PROJECTS INTERNATIONAL LIMITED","MANUAL SLUICE VALVENOMINAL DIA (NB)150VALVE RATINGPN 16","FSD040002","RSD110023","","","NULL_BOTH","","","NULL_BOTH","","25",""
"cmraowzoi001mo0v3vkgzall4","GMD003248","KALPATARU PROJECTS INTERNATIONAL LIMITED","MANUAL SLUICE VALVENOMINAL DIA (NB)700VALVE RATINGPN 10","FSD040075","","","","NO_BOM_FOR_CODE","","","NULL_BOTH","","30",""
"cmraowzoi001so0v3adtl1auc","GMD003248","KALPATARU PROJECTS INTERNATIONAL LIMITED","MANUAL SLUICE VALVENOMINAL DIA (NB)400VALVE RATINGPN 16","FSD040037","","","","NO_BOM_FOR_CODE","","","NULL_BOTH","","20",""
"cmraowzoi001jo0v3e6iobpht","GMD003248","KALPATARU PROJECTS INTERNATIONAL LIMITED","MANUAL SLUICE VALVENOMINAL DIA (NB)100VALVE RATINGPN 10","FSD030098","RSE100002","","","NULL_BOTH","","","NULL_BOTH","","35",""
"cmraowzop0029o0v35gm4zwz9","GMD003236","OFFSHORE INFRASTRUCTURES LIMITED","Supply, Installation, Testing and Commissioning of following diameter suitable Rating DI Soft Seated Sluice Valves PN 1.0125mm","FRD020008","RSD110034","","","NULL_BOTH","","","NULL_BOTH","","25",""
"cmraowzop002ho0v30ddzp8l5","GMD003236","OFFSHORE INFRASTRUCTURES LIMITED","Supply, Installation, Testing and Commissioning of following diameter suitable Rating DI Soft Seated Sluice Valves PN 1.6100mm","FSD030098","RSE100002","","","NULL_BOTH","","","NULL_BOTH","","35",""
"cmraowzop002oo0v3d71igedj","GMD003236","OFFSHORE INFRASTRUCTURES LIMITED","Supply, Installation, Testing and Commissioning of following diameter suitable Rating DI Soft Seated Butterfly ValvesPN 1.0500mm","FBC010041","","","","NO_BOM_FOR_CODE","17000","","PRODUCT_NULL_BUT_COST_EXISTS","QR_OK","35","22950.00"
"cmraowzop002jo0v37jtwyvc6","GMD003236","OFFSHORE INFRASTRUCTURES LIMITED","Supply, Installation, Testing and Commissioning of following diameter suitable Rating DI Soft Seated Sluice Valves PN 1.6200mm","FSC060011","RSD120003","1600","1600","MATCH","1728","1728","MATCH","QR_OK","493.17","10250.00"
"cmraowzop0028o0v3twcx9218","GMD003236","OFFSHORE INFRASTRUCTURES LIMITED","Supply, Installation, Testing and Commissioning of following diameter suitable Rating DI Soft Seated Sluice Valves PN 1.0100mm","FSD030098","RSE100002","","","NULL_BOTH","","","NULL_BOTH","","35",""
"cmraowzos002xo0v344iv9rc5","GMD003242","SUDHAKARA INFRATECH PRIVATE LIMITED","80 mmm DI DF Resilient seated type Sluice Valve of PN 1.0
Mpa. The valve face to face shall be as per BS:5163 with
flange end as per IS: 1538","FSD040044","RSD110042","","","NULL_BOTH","","","NULL_BOTH","","25",""
"cmraowzos002wo0v3ax23q0eb","GMD003242","SUDHAKARA INFRATECH PRIVATE LIMITED","150 mmm DI DF Resilient seated type Sluice Valve of PN
1.0 Mpa. The valve face to face shall be as per BS:5163
with flange end as per IS: 1538","FSD040002","RSD110023","","","NULL_BOTH","","","NULL_BOTH","","25",""
"cmraowzp6003to0v33jkgc8w0","GMD003243","Perfect Valves Pvt.Ltd.","Butterfly Valve 150 mm PN-16, DI, Double Flanged, Short Body, IS 13095","FBD010481","FBD010509","378.5833333333333","378.5833333333333","MATCH","408.87","408.87","MATCH","QR_OK","2250.38","9610.00"
"cmraowzp6003uo0v3ituo4ffw","GMD003243","Perfect Valves Pvt.Ltd.","Butterfly Valve 100 mm PN-16, DI, Double Flanged, Short Body, IS 13095","FBD010525","RED140002","","","NULL_BOTH","","","NULL_BOTH","","50",""
"cmraowzz5006yo0v3321uai7v","GMD003250","LCC Projects Limited","DI SLUICE VALVE 150 MM PN16 IS 9523 (M - DI PIPE FITTINGS)","FSD040002","RSD110023","","","NULL_BOTH","","","NULL_BOTH","","25",""
"cmraowzz5006xo0v34bidxb3a","GMD003250","LCC Projects Limited","DI SLUICE VALVE 100 MM PN16 IS 9523 (M - DI PIPE FITTINGS)","FSD040001","RSD110001","","","NULL_BOTH","","","NULL_BOTH","","25",""
"cmraowzz5006zo0v3ycwh38pl","GMD003250","LCC Projects Limited","DI SLUICE VALVE 200 MM PN16 IS 9523 (M - DI PIPE FITTINGS)","FSC060011","RSD120003","1600","1600","MATCH","1728","1728","MATCH","QR_OK","493.17","10250.00"
"cmraowzzm007jo0v3lld3git0","GMD003254","VIKRAN ENGINEERING & EXIM PVT. LTD","DI D/F Sluice Valve(Resilient Seated) PN 1.0(Motorized Type)-200 mm","FSD040020","","","","NO_BOM_FOR_CODE","58294","","PRODUCT_NULL_BUT_COST_EXISTS","QR_MISMATCH exp~72867.5","25","72870.00"
"cmraowzzm007eo0v3fj073dzf","GMD003254","VIKRAN ENGINEERING & EXIM PVT. LTD","DI D/F Sluice Valve(Resilient Seated) PN 1.0- 80mm","FSD040044","RSD110042","","","NULL_BOTH","","","NULL_BOTH","","25",""
"cmraowzzm007vo0v3loupko93","GMD003254","VIKRAN ENGINEERING & EXIM PVT. LTD","DI D/F Butterfly Valve PN 1.6-500mm","FBC010041","","","","NO_BOM_FOR_CODE","17000","","PRODUCT_NULL_BUT_COST_EXISTS","QR_OK","35","22950.00"
"cmraowzzm007io0v35j8wxxfs","GMD003254","VIKRAN ENGINEERING & EXIM PVT. LTD","DI D/F Sluice Valve(Resilient Seated) PN 1.0- 600 mm","FSD040091","","","","NO_BOM_FOR_CODE","110725","","PRODUCT_NULL_BUT_COST_EXISTS","QR_MISMATCH exp~143942.5","30","143940.00"
"cmraowzzp008co0v3c08v5kx8","GMD003256","LCC Projects Limited","DI BUTTERFLY VALVE 800 MM PN16 IS 13095 (M - BUTTERFLY VALVE)","FBD010121","FBC010121","","","NULL_BOTH","","","NULL_BOTH","","35",""
"cmraowzzp008ao0v326kuun6j","GMD003256","LCC Projects Limited","DI BUTTERFLY VALVE 1400 MM PN10 IS 13095","FBC010241","FBD020245","683100","683100","MATCH","737748","737748","MATCH","QR_MISMATCH exp~1277779.5","73.2","1277770.00"
"cmraowzzp008bo0v3gp66w1qn","GMD003256","LCC Projects Limited","DI BUTTERFLY VALVE 1000 MM PN16 IS 13095","FBD010161","FBC010161","","","NULL_BOTH","","","NULL_BOTH","","35",""
"cmraowzzp0089o0v3g4km863e","GMD003256","LCC Projects Limited","DI BUTTERFLY VALVE 1500 MM PN10 IS 13095","FBC010261","","","","NO_BOM_FOR_CODE","","","NULL_BOTH","","65",""
"cmraox021008so0v3slk6jd4r","GMD003258","NCC LIMITED","DI FITTINGS-DOUBLE FLANGE SLUICE VALVE-150 MM X PN 1.6","FSD040002","RSD110023","","","NULL_BOTH","","","NULL_BOTH","","25",""
"cmraox004008io0v32uyhx6u6","GMD003257","LCC Projects Limited","DI SLUICE VALVE 150 MM (M - SLUICE VALVE)Technical Desc : D.F. & PN -1.6","FSD040002","RSD110023","","","NULL_BOTH","","","NULL_BOTH","","25",""
"cmraox004008ho0v3nndemmks","GMD003257","LCC Projects Limited","DI SLUICE VALVE 80MM (M - SLUICE VALVE) Technical Desc : D.F. & PN- 1.6","FSD040044","RSD110042","","","NULL_BOTH","","","NULL_BOTH","","25",""
"cmraox004008ko0v37f850yz4","GMD003257","LCC Projects Limited","DI SLUICE VALVE 350 MM (M - SLUICE VALVE) Technical Desc : D.F. & PN -1.6","FSD040028","RSD130032","","","NULL_BOTH","","","NULL_BOTH","","20",""
"cmraox04x0093o0v3eslo7e2r","GMD003259","KALPATARU PROJECTS INTERNATIONAL LIMITED","Air Valve with sluice valveNOMINAL DIA (NB)100VALVE RATINGPN 16","FSD040001","RSD110001","","","NULL_BOTH","","","NULL_BOTH","","25",""
"cmraox04x0090o0v386ab7id3","GMD003259","KALPATARU PROJECTS INTERNATIONAL LIMITED","Manual Sluice ValveNOMINAL DIA (NB)800VALVE RATINGPN 16","FSD040059","","","","NO_BOM_FOR_CODE","","","NULL_BOTH","","30",""
"cmraox09q00beo0v3rkjngyme","GMD003263","SUDHAKARA INFRATECH PRIVATE LIMITED","100 mmm DI DF Resilient seated type Sluice Valve of PN
1.0 Mpa. The valve face to face shall be as per BS:5163
with flange end as per IS: 1538","FSD040001","RSD110001","","","NULL_BOTH","","","NULL_BOTH","","25",""
"cmraox0ac00bjo0v33ykh9fbd","GMD003265","NCC LIMITED","DI D/F Duel Plate Check Valve (NRV) Springs 65 mm PN-1.0","FCF090030","","","","NO_BOM_FOR_CODE","","","NULL_BOTH","","200",""
"cmraox0ac00bmo0v33h6wsvug","GMD003265","NCC LIMITED","DI D/F Duel Plate Check Valve (NRV) Springs 150 mm PN-1.0","FCF090032","RNC010004","","","NULL_BOTH","","","NULL_BOTH","","200",""
"cmraox0ac00bko0v3np3ndqva","GMD003265","NCC LIMITED","DI D/F Duel Plate Check Valve (NRV) Springs 80 mm PN-1.0","FCF090034","RND010004","","","NULL_BOTH","","","NULL_BOTH","","200",""
"cmraox0ac00blo0v3xeoocc9t","GMD003265","NCC LIMITED","DI D/F Duel Plate Check Valve (NRV) Springs100 mm PN-1.0","FCE080020","","","","NO_BOM_FOR_CODE","","","NULL_BOTH","","200",""
"cmraox0dp00cbo0v39slwq6yb","GMD003271","MeTsi - Solutions","Manually Operated Resilient Seated Sluice Valves of Class PN 1.6.125 mm dia","FRD020008","RSD110034","","","NULL_BOTH","","","NULL_BOTH","","25",""
"cmraox0dp00c8o0v393qo7v53","GMD003271","MeTsi - Solutions","Manually Operated Resilient Seated Sluice Valves of Class PN 1.6.  80 mm dia","FSD040044","RSD110042","","","NULL_BOTH","","","NULL_BOTH","","25",""
"cmraox0dp00cgo0v35dap2jzr","GMD003271","MeTsi - Solutions","Manually Operated Resilient Seated Sluice Valves of Class PN 1.6.350 mm dia","FSD040028","RSD130032","","","NULL_BOTH","","","NULL_BOTH","","20",""
"cmraox0dp00ceo0v34zrryy2x","GMD003271","MeTsi - Solutions","Manually Operated Resilient Seated Sluice Valves of Class PN 1.6.250 mm dia","FSD040084","","","","NO_BOM_FOR_CODE","","","NULL_BOTH","","20",""
"cmraox0dp00cdo0v3t5mulbbs","GMD003271","MeTsi - Solutions","Manually Operated Resilient Seated Sluice Valves of Class PN 1.6.200 mm dia","FSC060011","RSD120003","1600","1600","MATCH","1728","1728","MATCH","QR_OK","493.17","10250.00"
"cmraox0dp00c9o0v3g42sqiww","GMD003271","MeTsi - Solutions","Manually Operated Resilient Seated Sluice Valves of Class PN 1.6.100 mm dia","FSD040001","RSD110001","","","NULL_BOTH","","","NULL_BOTH","","25",""
"cmraox0dp00cao0v30dsywfq9","GMD003271","MeTsi - Solutions","Manually Operated Resilient Seated Sluice Valves of Class PN 1.6.450 mm dia","FSD040159","","","","NO_BOM_FOR_CODE","","","NULL_BOTH","","20",""
"cmraox0dp00cho0v3wr5i126e","GMD003271","MeTsi - Solutions","Manually Operated Resilient Seated Sluice Valves of Class PN 1.6.400 mm dia","FSD040037","","","","NO_BOM_FOR_CODE","","","NULL_BOTH","","20",""
"cmraox0dp00cfo0v3qc1k5bch","GMD003271","MeTsi - Solutions","Manually Operated Resilient Seated Sluice Valves of Class PN 1.6.300 mm dia","FSD040003","RCB040002","","","NULL_BOTH","","","NULL_BOTH","","20",""
"cmraox0dp00cco0v3mhlxx2is","GMD003271","MeTsi - Solutions","Manually Operated Resilient Seated Sluice Valves of Class PN 1.6. 150 mm dia","FSD040002","RSD110023","","","NULL_BOTH","","","NULL_BOTH","","25",""
"cmraox0hr00cxo0v3kmzchsln","GMD003272","KALPATARU PROJECTS INTERNATIONAL LIMITED","Electric Sluice ValveNOMINAL DIA (NB)100PN 16","FSD040001","RSD110001","","","NULL_BOTH","","","NULL_BOTH","","25",""
"cmraox0hr00d4o0v3dyftes61","GMD003272","KALPATARU PROJECTS INTERNATIONAL LIMITED","MANUAL SLUICE VALVESize
 (mm)150PN 16DI","FSD040002","RSD110023","","","NULL_BOTH","","","NULL_BOTH","","25",""
"cmraox0hr00cyo0v3k3qg5oco","GMD003272","KALPATARU PROJECTS INTERNATIONAL LIMITED","Electric Sluice ValveNOMINAL DIA (NB)150PN 16","FSD040002","RSD110023","","","NULL_BOTH","","","NULL_BOTH","","25",""
"cmraox0hr00d5o0v3bjqjwgvf","GMD003272","KALPATARU PROJECTS INTERNATIONAL LIMITED","MANUAL SLUICE VALVESize
 (mm)100PN 16DI","FSD040001","RSD110001","","","NULL_BOTH","","","NULL_BOTH","","25",""
"cmraox0hr00d1o0v3zo9k3k17","GMD003272","KALPATARU PROJECTS INTERNATIONAL LIMITED","Air Valve with sluice valveNOMINAL DIA (NB)40PN 16","FSD040049","RSD120013","","","NULL_BOTH","","","NULL_BOTH","","25",""
"cmraox0hr00d7o0v3c0x6bm4k","GMD003272","KALPATARU PROJECTS INTERNATIONAL LIMITED","MOTORIZED SLUICE VALVESize
 (mm)100PN 16DI","FSD040018","","","","NO_BOM_FOR_CODE","","","NULL_BOTH","","25",""
"cmraox0hr00czo0v3w2r2w5b3","GMD003272","KALPATARU PROJECTS INTERNATIONAL LIMITED","Manual Sluice ValveNOMINAL DIA (NB)100PN 16","FSD040001","RSD110001","","","NULL_BOTH","","","NULL_BOTH","","25",""
"cmraox0hr00d3o0v303z7i3pp","GMD003272","KALPATARU PROJECTS INTERNATIONAL LIMITED","MOTORIZED SLUICE VALVESize
 (mm)100PN 16DI","FSD040018","","","","NO_BOM_FOR_CODE","","","NULL_BOTH","","25",""
"cmraox0hr00d8o0v3g2nl8kzy","GMD003272","KALPATARU PROJECTS INTERNATIONAL LIMITED","MANUAL SLUICE VALVESize
 (mm)100PN 16DI","FSD040001","RSD110001","","","NULL_BOTH","","","NULL_BOTH","","25",""
"cmraox0hr00d2o0v3cruxvihb","GMD003272","KALPATARU PROJECTS INTERNATIONAL LIMITED","MOTORIZED SLUICE VALVESize
 (mm)150PN 16DI","FSD040019","","","","NO_BOM_FOR_CODE","57605","","PRODUCT_NULL_BUT_COST_EXISTS","QR_MISMATCH exp~72012","25.01","72010.00"
"cmraox0hr00d0o0v3gwhqr84u","GMD003272","KALPATARU PROJECTS INTERNATIONAL LIMITED","Manual Sluice ValveNOMINAL DIA (NB)150PN 16","FSD040002","RSD110023","","","NULL_BOTH","","","NULL_BOTH","","25",""
"cmraox0jx00dzo0v3dztk5b72","GMD003273","R C PATEL","Providing ISI mark Ductile Iron Butterfly valves1200 mm dia. (PN-1.0)","FBC010201","","","","NO_BOM_FOR_CODE","","","NULL_BOTH","","65",""
"cmraox0jx00eao0v39fbud20k","GMD003273","R C PATEL","Providing ISI mark Ductile Iron Butterfly valves250 mm dia. (PN-1.0)","FBC010487","","","","NO_BOM_FOR_CODE","","","NULL_BOTH","","50",""
"cmraox0jx00e6o0v36zz5b8s5","GMD003273","R C PATEL","Providing ISI mark Ductile Iron Butterfly valves500 mm dia. (PN-1.0)","FBC010041","","","","NO_BOM_FOR_CODE","17000","","PRODUCT_NULL_BUT_COST_EXISTS","QR_OK","35","22950.00"
"cmraox0jx00e0o0v381oqipmr","GMD003273","R C PATEL","Providing ISI mark Ductile Iron Butterfly valves1100 mm dia. (PN-1.0)","FBD010181","FBC010181","","","NULL_BOTH","","","NULL_BOTH","","65",""
"cmraox0jx00eno0v35os7zpe6","GMD003273","R C PATEL","Providing ISI mark Ductile Iron Butterfly valves1300 mm dia. (PN-1.0)","FBC010221","","","","NO_BOM_FOR_CODE","","","NULL_BOTH","","65",""
"cmraox0jx00ego0v38bc4pai6","GMD003273","R C PATEL","Providing, supplying ISI marked Ductile Iron D.F. Sluice Valves150 mm dia. (PN-1.0)","FSD040002","RSD110023","","","NULL_BOTH","","","NULL_BOTH","","25",""
"cmraox0jx00e9o0v3jzhwelgu","GMD003273","R C PATEL","Providing ISI mark Ductile Iron Butterfly valves300 mm dia. (PN-1.0)","FBC020511","","","","NO_BOM_FOR_CODE","","","NULL_BOTH","","50",""
"cmraox0jx00e8o0v3ar948iai","GMD003273","R C PATEL","Providing ISI mark Ductile Iron Butterfly valves350 mm dia. (PN-1.0)","FBC020489","","","","NO_BOM_FOR_CODE","","","NULL_BOTH","","50",""
"cmraox0jx00eko0v3rp6afwe2","GMD003273","R C PATEL","Providing Kinetic Temper proof, Combination type Air valves (as per AWWA C 512) with an isolation sluice valve Air Valves having a single Float - Capsule Type of SS 304100 mm dia. (PN-1.0)","FSD040001","RSD110001","","","NULL_BOTH","","","NULL_BOTH","","25",""
"cmraox0jx00dyo0v3nkc8czqw","GMD003273","R C PATEL","Providing ISI mark Ductile Iron Butterfly valves1400 mm dia. (PN-1.0)","FBC010241","FBD020245","683100","683100","MATCH","737748","737748","MATCH","QR_MISMATCH exp~1277779.5","73.2","1277770.00"
"cmraox0jx00ebo0v3ile6yfbc","GMD003273","R C PATEL","Providing, supplying ISI marked Ductile Iron D.F. Sluice Valves400 mm dia. (PN-1.0)","FSD040037","","","","NO_BOM_FOR_CODE","","","NULL_BOTH","","20",""
"cmraox0jx00edo0v3xnb80fzl","GMD003273","R C PATEL","Providing, supplying ISI marked Ductile Iron D.F. Sluice Valves65 mm dia. (PN-1.0)","FSD040050","RSD130015","","","NULL_BOTH","","","NULL_BOTH","","25",""
"cmraox0jx00e4o0v31s6jmqde","GMD003273","R C PATEL","Providing ISI mark Ductile Iron Butterfly valves700 mm dia. (PN-1.0)","FBC010081","FBD020643","92200","92200","MATCH","99576","99576","MATCH","QR_MISMATCH exp~156324.4","56.99","156320.00"
"cmraox0jx00efo0v3mekk1ggf","GMD003273","R C PATEL","Providing, supplying ISI marked Ductile Iron D.F. Sluice Valves100 mm dia. (PN-1.0)","FSD040001","RSD110001","","","NULL_BOTH","","","NULL_BOTH","","25",""
"cmraox0jx00dwo0v3h1w30wqe","GMD003273","R C PATEL","Providing ISI mark Ductile Iron Butterfly valves1600 mm dia. (PN-1.0)","FBC010281","","","","NO_BOM_FOR_CODE","","","NULL_BOTH","","65",""
"cmraox0jx00eio0v357op9tra","GMD003273","R C PATEL","Providing Kinetic Temper proof, Combination type Air valves (as per AWWA C 512) with an isolation sluice valve Air Valves having a single Float - Capsule Type of SS 30450 mm dia. (PN-1.0)","FSD040038","RSD130008","","","NULL_BOTH","","","NULL_BOTH","","25",""
"cmraox0jx00dxo0v3a9b8ecao","GMD003273","R C PATEL","Providing ISI mark Ductile Iron Butterfly valves1500 mm dia. (PN-1.0)","FBC010261","","","","NO_BOM_FOR_CODE","","","NULL_BOTH","","65",""
"cmraox0jx00ejo0v3j2gi4koy","GMD003273","R C PATEL","Providing Kinetic Temper proof, Combination type Air valves (as per AWWA C 512) with an isolation sluice valve Air Valves having a single Float - Capsule Type of SS 30480 mm dia. (PN-1.0)","FSD040044","RSD110042","","","NULL_BOTH","","","NULL_BOTH","","25",""
"cmraox0jx00elo0v3w8qzjzny","GMD003273","R C PATEL","Providing Kinetic Temper proof, Combination type Air valves (as per AWWA C 512) with an isolation sluice valve Air Valves having a single Float - Capsule Type of SS 304150 mm dia. (PN-1.0)","FSD040002","RSD110023","","","NULL_BOTH","","","NULL_BOTH","","25",""
"cmraox0jx00e2o0v32jijt9bt","GMD003273","R C PATEL","Providing ISI mark Ductile Iron Butterfly valves900 mm dia. (PN-1.0)","FBD010141","","","","NO_BOM_FOR_CODE","","","NULL_BOTH","","35",""
"cmraox0jx00e3o0v30cc55ful","GMD003273","R C PATEL","Providing ISI mark Ductile Iron Butterfly valves800 mm dia. (PN-1.0)","FBD010121","FBC010121","","","NULL_BOTH","","","NULL_BOTH","","35",""
"cmraox0jx00eho0v31kv8w2ef","GMD003273","R C PATEL","Providing, supplying ISI marked Ductile Iron D.F. Sluice Valves200 mm dia. (PN-1.0)","FSC060011","RSD120003","1600","1600","MATCH","1728","1728","MATCH","QR_OK","493.17","10250.00"
"cmraox0jx00eco0v3mkibygm7","GMD003273","R C PATEL","Providing, supplying ISI marked Ductile Iron D.F. Sluice Valves300 mm dia. (PN-1.0)","FSD040003","RCB040002","","","NULL_BOTH","","","NULL_BOTH","","20",""
"cmraox0jx00e5o0v391s42785","GMD003273","R C PATEL","Providing ISI mark Ductile Iron Butterfly valves600 mm dia. (PN-1.0)","FBC010061","","","","NO_BOM_FOR_CODE","","","NULL_BOTH","","35",""
"cmraox0jx00eeo0v3eplyj7qe","GMD003273","R C PATEL","Providing, supplying ISI marked Ductile Iron D.F. Sluice Valves80 mm dia. (PN-1.0)","FSD040044","RSD110042","","","NULL_BOTH","","","NULL_BOTH","","25",""
"cmraox0jx00e1o0v3p30tcrto","GMD003273","R C PATEL","Providing ISI mark Ductile Iron Butterfly valves1000 mm dia. (PN-1.0)","FBD010161","FBC010161","","","NULL_BOTH","","","NULL_BOTH","","35",""
"cmraox0k100f4o0v3ov4qyphv","GMD003275","H C JAIN ENGINEERING PVT LTD","DI DOUBLE FLANGE BUTTERFLY
 VALVE PN 1.0 AS PER IS 13095 PART 1
 MANUALLY GEAR OPERATEDSIZE500 mm","FBC010041","","","","NO_BOM_FOR_CODE","17000","","PRODUCT_NULL_BUT_COST_EXISTS","QR_OK","35","22950.00"
"cmraox0k100ezo0v30llugl9m","GMD003275","H C JAIN ENGINEERING PVT LTD","DI DF RESILIENT SEATED SLUICE VALVE PN 1.0 ELECTRICALLY OPERATED WITH ACTUATORSIZE150 mm","FSD040019","","","","NO_BOM_FOR_CODE","57605","","PRODUCT_NULL_BUT_COST_EXISTS","QR_MISMATCH exp~72012","25.01","72010.00"
"cmraox0k100exo0v3apnqjsk3","GMD003275","H C JAIN ENGINEERING PVT LTD","DI DF RESILIENT SEATED SLUICE VALVE PN 1.0 MANUALLY
 HANDWHEEL OPERATEDSIZE700 mm","FSD040075","","","","NO_BOM_FOR_CODE","","","NULL_BOTH","","30",""
"cmraox0k100ewo0v3qalugx8b","GMD003275","H C JAIN ENGINEERING PVT LTD","DI DF RESILIENT SEATED SLUICE VALVE PN 1.0 MANUALLY
 HANDWHEEL OPERATEDSIZE600 mm","FSD040091","","","","NO_BOM_FOR_CODE","110725","","PRODUCT_NULL_BUT_COST_EXISTS","QR_MISMATCH exp~143942.5","30","143940.00"
"cmraox0k100eyo0v3wob7op3s","GMD003275","H C JAIN ENGINEERING PVT LTD","DI DF RESILIENT SEATED SLUICE VALVE PN 1.0 ELECTRICALLY OPERATED WITH ACTUATOR & 3
 PHASE STARTER ( ACTUATOR MAKE -
 ROTORK/AUMA)SIZE100 mm","FSD040018","","","","NO_BOM_FOR_CODE","","","NULL_BOTH","","25",""
"cmraox0k900f5o0v30orsjzgk","GMD003276","H C JAIN ENGINEERING PVT LTD","MS DISMANTLING JOINT PN 16SIZE700 MM","FUX040013","","","","NO_BOM_FOR_CODE","","","NULL_BOTH","","15",""
"cmraox0k900fao0v3rew9ap82","GMD003276","H C JAIN ENGINEERING PVT LTD","MS DISMANTLING JOINT PN 16SIZE600 MM","FUX040012","","","","NO_BOM_FOR_CODE","","","NULL_BOTH","","15",""
"cmraox0k900f8o0v3vkapie37","GMD003276","H C JAIN ENGINEERING PVT LTD","MS DISMANTLING JOINT PN 16SIZE500 MM","FUX040011","","","","NO_BOM_FOR_CODE","","","NULL_BOTH","","15",""
"cmraox0k900f9o0v3y12v5g4i","GMD003276","H C JAIN ENGINEERING PVT LTD","MS DISMANTLING JOINT PN 16SIZE450 MM","FUX040010","","","","NO_BOM_FOR_CODE","","","NULL_BOTH","","15",""
"cmraox0k900f7o0v32zlxdr6w","GMD003276","H C JAIN ENGINEERING PVT LTD","MS DISMANTLING JOINT PN 16SIZE1100 MM","FUX040017","","","","NO_BOM_FOR_CODE","","","NULL_BOTH","","15",""
"cmraox0k900f6o0v32b8xkkcn","GMD003276","H C JAIN ENGINEERING PVT LTD","MS DISMANTLING JOINT PN 16SIZE1100 MM","FUX040017","","","","NO_BOM_FOR_CODE","","","NULL_BOTH","","15",""
"cmraox0kx00fco0v3959ko6oa","GMD003280","ZUBERI ENGINEERING CONSTRUCTION PVT. LTD.","Cast Iron Gate /Sluice Valve, Manual hand wheel operated, Rising Stem, outside screw, bolted bonnet, renewable seat, standard BS 5352 /API 598 / BS EN 12266-1 / BS 5150 /IS 14846 /
 Equivalent, Rating PN 1.0 [10 kg/cm2(g)], Flanged Ends as per ANSI B16.1, Class 125 lbs, Flat Face50 NB","FGC030250","","","","NO_BOM_FOR_CODE","","","NULL_BOTH","","35",""
"cmraox0ky00fho0v3mnyolkio","GMD003279","MeTsi - Solutions","Manually Operated Resilient Seated Sluice Valves of Class PN 1.6. 150 mm dia","FSD040002","RSD110023","","","NULL_BOTH","","","NULL_BOTH","","25",""
"cmraox0ky00fgo0v3z9td21d9","GMD003279","MeTsi - Solutions","Manually Operated Resilient Seated Sluice Valves of Class PN 1.6. 125 mm dia","FRD020008","RSD110034","","","NULL_BOTH","","","NULL_BOTH","","25",""
"cmraox0ky00fio0v3xsk2lpna","GMD003279","MeTsi - Solutions","Manually Operated Resilient Seated Sluice Valves of Class PN 1.6. 200mm dia","FSC060011","RSD120003","1600","1600","MATCH","1728","1728","MATCH","QR_OK","493.17","10250.00"
"cmraox0ne00g2o0v3fsbrq5gy","GMD003283","H C JAIN ENGINEERING PVT LTD","DI DOUBLE FLANGE SOFT SEATED RESILIENT SLUICE VALVE PN 10 AS PER IS 14846-2000 MANUALLY OPERATED WITH HANDWHEEL200 MM","FSC030212","","","","NO_BOM_FOR_CODE","","","NULL_BOTH","","35",""
"cmraox0uk00hzo0v3ht4xwpsz","GMD003286","H C JAIN ENGINEERING PVT LTD","sluice valve Diameter: 700 mm Pressure rating: PN1.0","FSD040075","","","","NO_BOM_FOR_CODE","","","NULL_BOTH","","30",""
"cmraox0ud00hqo0v3ljl3syvc","GMD003289","R C PATEL","Providing, supplying ISI marked Ductile Iron D.F. Sluice Valves as per attached data sheet.200 mm dia. (PN-1.0)","FSC060011","RSD120003","1600","1600","MATCH","1728","1728","MATCH","QR_OK","493.17","10250.00"
"cmraox0ud00hbo0v3fynsoez2","GMD003289","R C PATEL","Providing ISI mark Ductile Iron Butterfly valves(P N-1.0) as per attached data sheet with bye pass arrangement.900 mm dia. (PN-1.0)","FBD010141","","","","NO_BOM_FOR_CODE","","","NULL_BOTH","","35",""
"cmraox0ud00h7o0v30g5ovmv4","GMD003289","R C PATEL","Providing ISI mark Ductile Iron Butterfly valves(P N-1.0) as per attached data sheet with bye pass arrangement.1300 mm dia. (PN-1.0)","FBC010221","","","","NO_BOM_FOR_CODE","","","NULL_BOTH","","65",""
"cmraox0ud00hno0v3ia8wyihi","GMD003289","R C PATEL","Providing, supplying ISI marked Ductile Iron D.F. Sluice Valves as per attached data sheet.80 mm dia. (PN-1.0)","FSD040044","RSD110042","","","NULL_BOTH","","","NULL_BOTH","","25",""
"cmraox0ud00hlo0v30fqnhcb6","GMD003289","R C PATEL","Providing, supplying ISI marked Ductile Iron D.F. Sluice Valves as per attached data sheet.300 mm dia. (PN-1.0)","FSD040003","RCB040002","","","NULL_BOTH","","","NULL_BOTH","","20",""
"cmraox0ud00hco0v3faptg06g","GMD003289","R C PATEL","Providing ISI mark Ductile Iron Butterfly valves(P N-1.0) as per attached data sheet with bye pass arrangement.800 mm dia. (PN-1.0)","FBD010121","FBC010121","","","NULL_BOTH","","","NULL_BOTH","","35",""
"cmraox0ud00heo0v3meoit464","GMD003289","R C PATEL","Providing ISI mark Ductile Iron Butterfly valves(P N-1.0) as per attached data sheet with bye pass arrangement.600 mm dia. (PN-1.0)","FBC010061","","","","NO_BOM_FOR_CODE","","","NULL_BOTH","","35",""
"cmraox0ud00h9o0v3zb201aim","GMD003289","R C PATEL","Providing ISI mark Ductile Iron Butterfly valves(P N-1.0) as per attached data sheet with bye pass arrangement.1100 mm dia. (PN-1.0)","FBD010181","FBC010181","","","NULL_BOTH","","","NULL_BOTH","","65",""
"cmraox0ud00hao0v3tiyg75i2","GMD003289","R C PATEL","Providing ISI mark Ductile Iron Butterfly valves(P N-1.0) as per attached data sheet with bye pass arrangement.1000 mm dia. (PN-1.0)","FBD010161","FBC010161","","","NULL_BOTH","","","NULL_BOTH","","35",""
"cmraox0ud00hro0v30s8ebpyy","GMD003289","R C PATEL","Providing Kinetic Temper proof, Combination type Air valves (as per AWWA C 512) with an isolation sluice valve Air Valves having a single Float - Capsule Type of SS 304 as per attached data sheet.50 mm dia. (PN-1.0)","FSD040038","RSD130008","","","NULL_BOTH","","","NULL_BOTH","","25",""
"cmraox0ud00h8o0v3jydflvtr","GMD003289","R C PATEL","Providing ISI mark Ductile Iron Butterfly valves(P N-1.0) as per attached data sheet with bye pass arrangement.1200 mm dia. (PN-1.0)","FBC010201","","","","NO_BOM_FOR_CODE","","","NULL_BOTH","","65",""
"cmraox0ud00hio0v36k9ujz42","GMD003289","R C PATEL","Providing ISI mark Ductile Iron Butterfly valves(P N-1.0) as per attached data sheet with bye pass arrangement.300 mm dia. (PN-1.0)","FBC020511","","","","NO_BOM_FOR_CODE","","","NULL_BOTH","","50",""
"cmraox0ud00hso0v3yu4tx0vb","GMD003289","R C PATEL","Providing Kinetic Temper proof, Combination type Air valves (as per AWWA C 512) with an isolation sluice valve Air Valves having a single Float - Capsule Type of SS 304 as per attached data sheet.80 mm dia. (PN-1.0)","FSD040044","RSD110042","","","NULL_BOTH","","","NULL_BOTH","","25",""
"cmraox0ud00h5o0v3tjrhcb6l","GMD003289","R C PATEL","Providing ISI mark Ductile Iron Butterfly valves(P N-1.0) as per attached data sheet with bye pass arrangement.1500 mm dia. (PN-1.0)","FBC010261","","","","NO_BOM_FOR_CODE","","","NULL_BOTH","","65",""
"cmraox0ud00hko0v3r4tflgvj","GMD003289","R C PATEL","Providing, supplying ISI marked Ductile Iron D.F. Sluice Valves as per attached data sheet.400 mm dia. (PN-1.0)","FSD040037","","","","NO_BOM_FOR_CODE","","","NULL_BOTH","","20",""
"cmraox0ud00h6o0v33ss45gce","GMD003289","R C PATEL","Providing ISI mark Ductile Iron Butterfly valves(P N-1.0) as per attached data sheet with bye pass arrangement.1400 mm dia. (PN-1.0)","FBC010241","FBD020245","683100","683100","MATCH","737748","737748","MATCH","QR_MISMATCH exp~1277779.5","73.2","1277770.00"
"cmraox0ud00hjo0v3quvkv71p","GMD003289","R C PATEL","Providing ISI mark Ductile Iron Butterfly valves(P N-1.0) as per attached data sheet with bye pass arrangement.250 mm dia. (PN-1.0)","FBC010487","","","","NO_BOM_FOR_CODE","","","NULL_BOTH","","50",""
"cmraox0ud00hfo0v3dhxvqmnj","GMD003289","R C PATEL","Providing ISI mark Ductile Iron Butterfly valves(P N-1.0) as per attached data sheet with bye pass arrangement.500 mm dia. (PN-1.0)","FBC010041","","","","NO_BOM_FOR_CODE","17000","","PRODUCT_NULL_BUT_COST_EXISTS","QR_OK","35","22950.00"
"cmraox0ud00hdo0v33vhwjc46","GMD003289","R C PATEL","Providing ISI mark Ductile Iron Butterfly valves(P N-1.0) as per attached data sheet with bye pass arrangement.700 mm dia. (PN-1.0)","FBC010081","FBD020643","92200","92200","MATCH","99576","99576","MATCH","QR_MISMATCH exp~156324.4","56.99","156320.00"
"cmraox0ud00hho0v3jw1pgt6m","GMD003289","R C PATEL","Providing ISI mark Ductile Iron Butterfly valves(P N-1.0) as per attached data sheet with bye pass arrangement.350 mm dia. (PN-1.0)","FBC020489","","","","NO_BOM_FOR_CODE","","","NULL_BOTH","","50",""
"cmraox0ud00h4o0v3xbz6wp7t","GMD003289","R C PATEL","Providing ISI mark Ductile Iron Butterfly valves(P N-1.0) as per attached data sheet with bye pass arrangement.1600 mm dia. (PN-1.0)","FBC010281","","","","NO_BOM_FOR_CODE","","","NULL_BOTH","","65",""
"cmraox0ud00hoo0v3xolp4gu3","GMD003289","R C PATEL","Providing, supplying ISI marked Ductile Iron D.F. Sluice Valves as per attached data sheet.100 mm dia. (PN-1.0)","FSD040001","RSD110001","","","NULL_BOTH","","","NULL_BOTH","","25",""
"cmraox0ud00hpo0v3d7dlyh6s","GMD003289","R C PATEL","Providing, supplying ISI marked Ductile Iron D.F. Sluice Valves as per attached data sheet.150 mm dia. (PN-1.0)","FSD040002","RSD110023","","","NULL_BOTH","","","NULL_BOTH","","25",""
"cmraox0ue00hyo0v39ecoas0b","GMD003291","KALPATARU PROJECTS INTERNATIONAL LIMITED","MANUAL SLUICE VALVENominal Dia125 mmPN 10","FRD020008","RSD110034","","","NULL_BOTH","","","NULL_BOTH","","25",""
"cmraox0ue00hxo0v3vxg5y0f1","GMD003291","KALPATARU PROJECTS INTERNATIONAL LIMITED","MANUAL SLUICE VALVENominal Dia80 mmPN 10","FSD040044","RSD110042","","","NULL_BOTH","","","NULL_BOTH","","25",""
"cmraox0ue00hwo0v3yru84s0b","GMD003291","KALPATARU PROJECTS INTERNATIONAL LIMITED","DPCVNominal Dia80 mmPN 10","FCF090034","RND010004","","","NULL_BOTH","","","NULL_BOTH","","200",""
"cmraox3pa00t5o0v3lr6i102o","GMD/2026-27/004","CLASSIC NETWORK PVT LTD","DI D/F Butterfly valves IS 13095 with ISI Mark (PN-1.0/1.6) as Isolation Valves having non-rising spindle
with hand wheel and with bypass arrangement, spindle, etc. as per requirement, including providing
and fixing expansion Bellow. Hydraulic tests certificate & certificate of material of construction of parts shall be
submitted,including all local and central taxes, transportation, freight charges, octroi, inspection charges,
loading to departmental stores.800 mm dia.","FBD010121","FBC010121","","","NULL_BOTH","","","NULL_BOTH","","35",""
"cmraox3pa00t6o0v3ttsdr14n","GMD/2026-27/004","CLASSIC NETWORK PVT LTD","DI D/F Butterfly valves IS 13095 with ISI Mark (PN-1.0/1.6) as Isolation Valves having non-rising spindle
with hand wheel and with bypass arrangement, spindle, etc. as per requirement, including providing
and fixing expansion Bellow. Hydraulic tests certificate & certificate of material of construction of parts shall be
submitted,including all local and central taxes, transportation, freight charges, octroi, inspection charges,
loading to departmental stores.1000 mm dia.","FBD010161","FBC010161","","","NULL_BOTH","","","NULL_BOTH","","35",""
"cmraox3yb00voo0v3ls03xxay","GMD/2026-27/012","GKC Projects Ltd","800 mm dia.Providing & erecting DI D/F Butterfly valves IS 13095 with ISI Mark (PN-1.0/1.6) 300 mm dia.","FBD010121","FBC010121","","","NULL_BOTH","","","NULL_BOTH","","35",""
"cmraox3yb00vxo0v3x91x64oz","GMD/2026-27/012","GKC Projects Ltd","100 mm dia Air Valve Providing and fixing in position and jointing of D.I temper proof Kinetic Double Orifice Cast Steel Tamper Proof non- tamper Air release valve with isolating sluice valve of PN1.0","FED010005","","","","NO_BOM_FOR_CODE","","","NULL_BOTH","","35",""
"cmraox3yb00vzo0v3bn5god4x","GMD/2026-27/012","GKC Projects Ltd","200 mm dia Air ValveProviding and fixing in position and jointing of D.I temper proof Kinetic Double Orifice Cast Steel Tamper Proof non- tamper Air release valve with isolating sluice valve of PN1.0","FED010006","","","","NO_BOM_FOR_CODE","","","NULL_BOTH","","35",""
"cmraox3yb00vpo0v3luw10ecl","GMD/2026-27/012","GKC Projects Ltd","1000 mm dia.Providing & erecting DI D/F Butterfly valves IS 13095 with ISI Mark (PN-1.0/1.6) 300 mm dia.","FBD010161","FBC010161","","","NULL_BOTH","","","NULL_BOTH","","35",""
"cmraox3yb00vvo0v3ybmd494n","GMD/2026-27/012","GKC Projects Ltd","600 mm dia. Sluice ValveSITC of double flanged Sluice Valve generally conforming to IS :780 / IS : 2906, (PN 1.0/1.6)","FSD040091","","","","NO_BOM_FOR_CODE","110725","","PRODUCT_NULL_BUT_COST_EXISTS","QR_MISMATCH exp~143942.5","30","143940.00"
"cmraox3yb00vmo0v3dpn8xl9n","GMD/2026-27/012","GKC Projects Ltd","350 mm dia.Providing & erecting DI D/F Butterfly valves IS 13095 with ISI Mark (PN-1.0/1.6) 300 mm dia.","FBC020489","","","","NO_BOM_FOR_CODE","","","NULL_BOTH","","50",""
"cmraox3yb00vyo0v3il0e8u85","GMD/2026-27/012","GKC Projects Ltd","150 mm dia Air ValveProviding and fixing in position and jointing of D.I temper proof Kinetic Double Orifice Cast Steel Tamper Proof non- tamper Air release valve with isolating sluice valve of PN1.0","FED010001","","","","NO_BOM_FOR_CODE","","","NULL_BOTH","","35",""
"cmraox3yb00vro0v329kdm54f","GMD/2026-27/012","GKC Projects Ltd","250 mm dia. Sluice ValveSITC of double flanged Sluice Valve generally conforming to IS :780 / IS : 2906, (PN 1.0/1.6)","FSD040084","","","","NO_BOM_FOR_CODE","","","NULL_BOTH","","20",""
"cmraox3yb00vto0v3d3a19c05","GMD/2026-27/012","GKC Projects Ltd","450 mm dia. Sluice ValveSITC of double flanged Sluice Valve generally conforming to IS :780 / IS : 2906, (PN 1.0/1.6)","FSD040159","","","","NO_BOM_FOR_CODE","","","NULL_BOTH","","20",""
"cmraox3yb00vqo0v3bx1um96f","GMD/2026-27/012","GKC Projects Ltd","SITC of double flanged Sluice Valve generally conforming to IS :780 / IS : 2906, (PN 1.0/1.6) 200 mm dia. Sluice Valve","FSC060011","RSD120003","1600","1600","MATCH","1728","1728","MATCH","QR_OK","493.17","10250.00"
"cmraox3yb00vuo0v3mcgr1e03","GMD/2026-27/012","GKC Projects Ltd","500 mm dia. Sluice ValveSITC of double flanged Sluice Valve generally conforming to IS :780 / IS : 2906, (PN 1.0/1.6)","FSD040074","","","","NO_BOM_FOR_CODE","","","NULL_BOTH","","30",""
"cmraox3yb00vso0v3pbf0f0g5","GMD/2026-27/012","GKC Projects Ltd","350 mm dia. Sluice ValveSITC of double flanged Sluice Valve generally conforming to IS :780 / IS : 2906, (PN 1.0/1.6)","FSD040028","RSD130032","","","NULL_BOTH","","","NULL_BOTH","","20",""
"cmraox49z00z7o0v3vk8i3dy1","GMD/2026-27/022","JSIW INFRASTRUCTURE PVT. LTD.","Providing & erecting DI D/F Butterfly valves IS 13095 with ISI Mark (PN-1.0/1.6) as Isolation Valves .800 mm dia.","FBD010121","FBC010121","","","NULL_BOTH","","","NULL_BOTH","","35",""
"cmraox49z00z8o0v3cyho8cz5","GMD/2026-27/022","JSIW INFRASTRUCTURE PVT. LTD.","Providing & erecting DI D/F Butterfly valves IS 13095 with ISI Mark (PN-1.0/1.6) as Isolation Valves .1000 mm dia.","FBD010161","FBC010161","","","NULL_BOTH","","","NULL_BOTH","","35",""
"cmraox4ez0118o0v3d3v7j3i1","GMD/2026-27/024","LUMINO INDUSTRIES LIMITED","Sluice valve PN10DIA (MM)100","FSD040001","RSD110001","","","NULL_BOTH","","","NULL_BOTH","","25",""
"cmraox4ez011bo0v3o0vev2yg","GMD/2026-27/024","LUMINO INDUSTRIES LIMITED","Sluice valve PN10DIA (MM)200","FSC060011","RSD120003","1600","1600","MATCH","1728","1728","MATCH","QR_OK","493.17","10250.00"
"cmraox4ez0119o0v3iwuk6ue4","GMD/2026-27/024","LUMINO INDUSTRIES LIMITED","Sluice valve PN10DIA (MM)125","FRD020008","RSD110034","","","NULL_BOTH","","","NULL_BOTH","","25",""
"cmraox4ez011ao0v3u1iurjot","GMD/2026-27/024","LUMINO INDUSTRIES LIMITED","Sluice valve PN10DIA (MM)150","FSD040002","RSD110023","","","NULL_BOTH","","","NULL_BOTH","","25",""
"cmraox4et010ko0v3jf3xhdm8","GMD/2026-27/026","KALPATARU PROJECTS INTERNATIONAL LIMITED","Sluice ValveNOMINAL DIA (NB)100VALVE RATINGPN 1.0","FSD040001","RSD110001","","","NULL_BOTH","","","NULL_BOTH","","25",""
"cmraox4et0100o0v3qlnkdwuo","GMD/2026-27/026","KALPATARU PROJECTS INTERNATIONAL LIMITED","Air Valve with Sluice ValveNOMINAL DIA (NB)50VALVE RATINGPN 1.0","FSD040038","RSD130008","","","NULL_BOTH","","","NULL_BOTH","","25",""
"cmraox4et010oo0v31p07iyiy","GMD/2026-27/026","KALPATARU PROJECTS INTERNATIONAL LIMITED","Sluice ValveNOMINAL DIA (NB)250VALVE RATINGPN 1.0","FSD040084","","","","NO_BOM_FOR_CODE","","","NULL_BOTH","","20",""
"cmraox4et010ro0v3h90c5fho","GMD/2026-27/026","KALPATARU PROJECTS INTERNATIONAL LIMITED","Sluice ValveNOMINAL DIA (NB)100VALVE RATINGPN1.6","FSD040001","RSD110001","","","NULL_BOTH","","","NULL_BOTH","","25",""
"cmraox4et010uo0v3f7cme9lw","GMD/2026-27/026","KALPATARU PROJECTS INTERNATIONAL LIMITED","Sluice ValveNOMINAL DIA (NB)250VALVE RATINGPN1.6","FSD040084","","","","NO_BOM_FOR_CODE","","","NULL_BOTH","","20",""
"cmraox4et010qo0v38d0ivtug","GMD/2026-27/026","KALPATARU PROJECTS INTERNATIONAL LIMITED","Sluice ValveNOMINAL DIA (NB)80VALVE RATINGPN1.6","FSD040044","RSD110042","","","NULL_BOTH","","","NULL_BOTH","","25",""
"cmraox4et0106o0v3co9bmxt5","GMD/2026-27/026","KALPATARU PROJECTS INTERNATIONAL LIMITED","Air Valve with Sluice ValveNOMINAL DIA (NB)80VALVE RATINGPN2.5","FSD040170","FSD040170","56.1010101010101","","UNEXPECTED_FILLED","60.59","60.59","MATCH","QR_OK","32.03","80.00"
"cmraox4et010io0v35hvwj96z","GMD/2026-27/026","KALPATARU PROJECTS INTERNATIONAL LIMITED","Sluice ValveNOMINAL DIA (NB)40VALVE RATINGPN 1.0","FSD040049","RSD120013","","","NULL_BOTH","","","NULL_BOTH","","25",""
"cmraox4et010mo0v371n1jm7h","GMD/2026-27/026","KALPATARU PROJECTS INTERNATIONAL LIMITED","Sluice ValveNOMINAL DIA (NB)150VALVE RATINGPN 1.0","FSD040002","RSD110023","","","NULL_BOTH","","","NULL_BOTH","","25",""
"cmraox4et010no0v3todp2196","GMD/2026-27/026","KALPATARU PROJECTS INTERNATIONAL LIMITED","Sluice ValveNOMINAL DIA (NB)200VALVE RATINGPN 1.0","FSC060011","RSD120003","1600","1600","MATCH","1728","1728","MATCH","QR_OK","493.17","10250.00"
"cmraox4et010to0v3yhttbwiv","GMD/2026-27/026","KALPATARU PROJECTS INTERNATIONAL LIMITED","Sluice ValveNOMINAL DIA (NB)200VALVE RATINGPN1.6","FSC060011","RSD120003","1600","1600","MATCH","1728","1728","MATCH","QR_OK","493.17","10250.00"
"cmraox4et010lo0v358cgmiui","GMD/2026-27/026","KALPATARU PROJECTS INTERNATIONAL LIMITED","Sluice ValveNOMINAL DIA (NB)125VALVE RATINGPN 1.0","FRD020008","RSD110034","","","NULL_BOTH","","","NULL_BOTH","","25",""
"cmraox4et010wo0v3jb0fjrt5","GMD/2026-27/026","KALPATARU PROJECTS INTERNATIONAL LIMITED","Sluice ValveNOMINAL DIA (NB)100VALVE RATINGPN2.5","FSD040155","RSD100021","","","NULL_BOTH","","","NULL_BOTH","","25",""
"cmraox4et010po0v3kmiyx7io","GMD/2026-27/026","KALPATARU PROJECTS INTERNATIONAL LIMITED","Sluice ValveNOMINAL DIA (NB)300VALVE RATINGPN 1.0","FSD040003","RCB040002","","","NULL_BOTH","","","NULL_BOTH","","20",""
"cmraox4et010vo0v3b3h9z6bd","GMD/2026-27/026","KALPATARU PROJECTS INTERNATIONAL LIMITED","Sluice ValveNOMINAL DIA (NB)300VALVE RATINGPN1.6","FSD040003","RCB040002","","","NULL_BOTH","","","NULL_BOTH","","20",""
"cmraox4et00zzo0v3p826bwi0","GMD/2026-27/026","KALPATARU PROJECTS INTERNATIONAL LIMITED","Air Valve with Sluice ValveNOMINAL DIA (NB)40VALVE RATINGPN 1.0","FSD040049","RSD120013","","","NULL_BOTH","","","NULL_BOTH","","25",""
"cmraox4et0104o0v3e4k5bjua","GMD/2026-27/026","KALPATARU PROJECTS INTERNATIONAL LIMITED","Air Valve with Sluice ValveNOMINAL DIA (NB)40VALVE RATINGPN1.6","FSD040049","RSD120013","","","NULL_BOTH","","","NULL_BOTH","","25",""
"cmraox4et010so0v3njg639ta","GMD/2026-27/026","KALPATARU PROJECTS INTERNATIONAL LIMITED","Sluice ValveNOMINAL DIA (NB)150VALVE RATINGPN1.6","FSD040002","RSD110023","","","NULL_BOTH","","","NULL_BOTH","","25",""
"cmraox4et0101o0v3d5ys6fb5","GMD/2026-27/026","KALPATARU PROJECTS INTERNATIONAL LIMITED","Air Valve with Sluice ValveNOMINAL DIA (NB)80VALVE RATINGPN 1.0","FSD040044","RSD110042","","","NULL_BOTH","","","NULL_BOTH","","25",""
"cmraox4et0103o0v32rlrhbcp","GMD/2026-27/026","KALPATARU PROJECTS INTERNATIONAL LIMITED","Air Valve with Sluice ValveNOMINAL DIA (NB)150VALVE RATINGPN 1.0","FSD040002","RSD110023","","","NULL_BOTH","","","NULL_BOTH","","25",""
"cmraox4et0102o0v3czm90iwc","GMD/2026-27/026","KALPATARU PROJECTS INTERNATIONAL LIMITED","Air Valve with Sluice ValveNOMINAL DIA (NB)100VALVE RATINGPN 1.0","FSD040001","RSD110001","","","NULL_BOTH","","","NULL_BOTH","","25",""
"cmraox4et010jo0v3nxv7fmy6","GMD/2026-27/026","KALPATARU PROJECTS INTERNATIONAL LIMITED","Sluice ValveNOMINAL DIA (NB)80VALVE RATINGPN 1.0","FSD040044","RSD110042","","","NULL_BOTH","","","NULL_BOTH","","25",""
"cmraox4et0105o0v3a9htoxig","GMD/2026-27/026","KALPATARU PROJECTS INTERNATIONAL LIMITED","Air Valve with Sluice ValveNOMINAL DIA (NB)80VALVE RATINGPN1.6","FSD040044","RSD110042","","","NULL_BOTH","","","NULL_BOTH","","25",""
"cmraox4fj012vo0v3qilbyijp","GMD/2026-27/030","KALPATARU PROJECTS INTERNATIONAL LIMITED","SLUICE VALVE (MANUAL)NOMINAL DIA (NB)350VALVE RATINGPN 25","FSD040146","","","","NO_BOM_FOR_CODE","","","NULL_BOTH","","20",""
"cmraox4fj012so0v3p6vrdimg","GMD/2026-27/030","KALPATARU PROJECTS INTERNATIONAL LIMITED","SLUICE VALVE (MANUAL)NOMINAL DIA (NB)80VALVE RATINGPN 16","FSD040044","RSD110042","","","NULL_BOTH","","","NULL_BOTH","","25",""
"cmraox4fj012oo0v3q56vlfn7","GMD/2026-27/030","KALPATARU PROJECTS INTERNATIONAL LIMITED","BUTTERFLY VALVE (ELECTRIC), WITH EXTENDED SPINDLENOMINAL DIA (NB)150VALVE RATINGPN 16","FBD010489","","","","NO_BOM_FOR_CODE","","","NULL_BOTH","","50",""
"cmraox4fj012wo0v3tgvvaeus","GMD/2026-27/030","KALPATARU PROJECTS INTERNATIONAL LIMITED","SLUICE VALVE (ELECTRIC)NOMINAL DIA (NB)150VALVE RATINGPN 16","FSD040019","","","","NO_BOM_FOR_CODE","57605","","PRODUCT_NULL_BUT_COST_EXISTS","QR_MISMATCH exp~72012","25.01","72010.00"
"cmraox4fj012mo0v3wowk5epb","GMD/2026-27/030","KALPATARU PROJECTS INTERNATIONAL LIMITED","BUTTERFLY VALVE (ELECTRIC)NOMINAL DIA (NB)250VALVE RATINGPN 16","FBD020494","","","","NO_BOM_FOR_CODE","39713.9","","PRODUCT_NULL_BUT_COST_EXISTS","QR_MISMATCH exp~59570.9","50","59570.00"
"cmraox4fj012do0v35rw0vqyj","GMD/2026-27/030","KALPATARU PROJECTS INTERNATIONAL LIMITED","NON RETURN VALVENOMINAL DIA (NB)150VALVE RATINGPN 16","FCF090032","RNC010004","","","NULL_BOTH","","","NULL_BOTH","","200",""
"cmraox4fj012jo0v31rpvor9n","GMD/2026-27/030","KALPATARU PROJECTS INTERNATIONAL LIMITED","BUTTERFLY VALVE (MANUAL)NOMINAL DIA (NB)250VALVE RATINGPN 16","FBC010487","","","","NO_BOM_FOR_CODE","","","NULL_BOTH","","50",""
"cmraox4fj012ho0v31iitw97c","GMD/2026-27/030","KALPATARU PROJECTS INTERNATIONAL LIMITED","BUTTERFLY VALVE (MANUAL)NOMINAL DIA (NB)80VALVE RATINGPN 16","FBC010506","FBD010483","2300","2300","MATCH","2484","2484","MATCH","QR_OK","50.16","3730.00"
"cmraox4fj012po0v3co8icj4n","GMD/2026-27/030","KALPATARU PROJECTS INTERNATIONAL LIMITED","BUTTERFLY VALVE (ELECTRIC), WITH EXTENDED SPINDLENOMINAL DIA (NB)300VALVE RATINGPN 16","FBD020493","","","","NO_BOM_FOR_CODE","","","NULL_BOTH","","50",""
"cmraox4fj012xo0v3lhpu9ec1","GMD/2026-27/030","KALPATARU PROJECTS INTERNATIONAL LIMITED","SLUICE VALVE (ELECTRIC)NOMINAL DIA (NB)300VALVE RATINGPN 25","FSD040239","","","","NO_BOM_FOR_CODE","","","NULL_BOTH","","20",""
"cmraox4fj012to0v3lxethyaj","GMD/2026-27/030","KALPATARU PROJECTS INTERNATIONAL LIMITED","SLUICE VALVE (MANUAL)NOMINAL DIA (NB)100VALVE RATINGPN 16","FSD040001","RSD110001","","","NULL_BOTH","","","NULL_BOTH","","25",""
"cmraox4fj012ro0v3fe5nrn9k","GMD/2026-27/030","KALPATARU PROJECTS INTERNATIONAL LIMITED","BUTTERFLY VALVE (ELECTRIC), WITH EXTENDED SPINDLENOMINAL DIA (NB)500VALVE RATINGPN 16","FBC010041","","","","NO_BOM_FOR_CODE","17000","","PRODUCT_NULL_BUT_COST_EXISTS","QR_OK","35","22950.00"
"cmraox4fj012eo0v3eoncuuc8","GMD/2026-27/030","KALPATARU PROJECTS INTERNATIONAL LIMITED","NON RETURN VALVENOMINAL DIA (NB)250VALVE RATINGPN 16","FCE080025","","","","NO_BOM_FOR_CODE","","","NULL_BOTH","","200",""
"cmraox4fj012fo0v36bjm7rfm","GMD/2026-27/030","KALPATARU PROJECTS INTERNATIONAL LIMITED","NON RETURN VALVENOMINAL DIA (NB)300VALVE RATINGPN 25","FCF090077","","","","NO_BOM_FOR_CODE","","","NULL_BOTH","","200",""
"cmraox4fj012ko0v320qmqtl8","GMD/2026-27/030","KALPATARU PROJECTS INTERNATIONAL LIMITED","BUTTERFLY VALVE (MANUAL)NOMINAL DIA (NB)500VALVE RATINGPN 25","FBD050053","","","","NO_BOM_FOR_CODE","","","NULL_BOTH","","35",""
"cmraox4fj012uo0v3ceit83a8","GMD/2026-27/030","KALPATARU PROJECTS INTERNATIONAL LIMITED","SLUICE VALVE (MANUAL)NOMINAL DIA (NB)200VALVE RATINGPN 16","FSC060011","RSD120003","1600","1600","MATCH","1728","1728","MATCH","QR_OK","493.17","10250.00"
"cmraox4fj012io0v3tkgjsuax","GMD/2026-27/030","KALPATARU PROJECTS INTERNATIONAL LIMITED","BUTTERFLY VALVE (MANUAL)NOMINAL DIA (NB)100VALVE RATINGPN 16","FBD010525","RED140002","","","NULL_BOTH","","","NULL_BOTH","","50",""
"cmraox4fj012lo0v33hqv4vy3","GMD/2026-27/030","KALPATARU PROJECTS INTERNATIONAL LIMITED","BUTTERFLY VALVE (ELECTRIC)NOMINAL DIA (NB)150VALVE RATINGPN 16","FBD010489","","","","NO_BOM_FOR_CODE","","","NULL_BOTH","","50",""
"cmraox4fj012yo0v3j5qyato4","GMD/2026-27/030","KALPATARU PROJECTS INTERNATIONAL LIMITED","SLUICE VALVE (ELECTRIC)NOMINAL DIA (NB)450VALVE RATINGPN 25","FSD040263","","","","NO_BOM_FOR_CODE","","","NULL_BOTH","","20",""
"cmraox4fj012no0v3w02wsckn","GMD/2026-27/030","KALPATARU PROJECTS INTERNATIONAL LIMITED","BUTTERFLY VALVE (ELECTRIC)NOMINAL DIA (NB)500VALVE RATINGPN 16","FBC010041","","","","NO_BOM_FOR_CODE","17000","","PRODUCT_NULL_BUT_COST_EXISTS","QR_OK","35","22950.00"
"cmraox4fj012co0v3qr4rilb2","GMD/2026-27/030","KALPATARU PROJECTS INTERNATIONAL LIMITED","NON RETURN VALVENOMINAL DIA (NB)80VALVE RATINGPN 16","FCF090034","RND010004","","","NULL_BOTH","","","NULL_BOTH","","200",""
"cmraox4pa0143o0v3o9bglno4","GMD/2026-27/035","JSIW INFRASTRUCTURE PVT. LTD.","SITC of PN-2.0, Double Flanged Manual Operated Sluice Valve generally conforming to API 600 200 mm dia.","FSD040148","","","","NO_BOM_FOR_CODE","","","NULL_BOTH","","25",""
"cmraox4pa013po0v3uvcfo7rb","GMD/2026-27/035","JSIW INFRASTRUCTURE PVT. LTD.","SITC of PN-1.6, Double Flanged Modulating Type Electrically Operated Butterfly valves with electric actuator having integral starter . 800 mm dia.","FBD010121","FBC010121","","","NULL_BOTH","","","NULL_BOTH","","35",""
"cmraox4pa0141o0v3dx5f7k8a","GMD/2026-27/035","JSIW INFRASTRUCTURE PVT. LTD.","SITC of PN-2.0, Double Flanged Modulating Type Electrically Operated Butterfly valves with electric actuator having integral starter generally conforming to IS:13095 1600 mm dia. PN 2.0
 The motorized actuator .","FBC010293","FBC010281","271600","271600","MATCH","293328","293328","MATCH","QR_MISMATCH exp~544475.4","85.62","544480.00"
"cmraox4pa013vo0v3y7xgszyc","GMD/2026-27/035","JSIW INFRASTRUCTURE PVT. LTD.","SITC of PN-1.6, ISI mark Double Flanged Sluice Valve (Non rising) generally conforming to IS :14846 450 mm dia. (For by pass on Common Header)","FGC030081","","","","NO_BOM_FOR_CODE","","","NULL_BOTH","","35",""
"cmraox4pa013to0v3pzv3sd9p","GMD/2026-27/035","JSIW INFRASTRUCTURE PVT. LTD.","SITC of PN-1.6, Double Flanged Electric Operated Sluice Valve with electrical actuator having integral starter 
  800 mm dia. (01 No. on each delivery pipe)","FSD040059","","","","NO_BOM_FOR_CODE","","","NULL_BOTH","","30",""
"cmraox4pa013ro0v38a5pmj9r","GMD/2026-27/035","JSIW INFRASTRUCTURE PVT. LTD.","SITC of PN-1.6, Double Flanged Modulating Type Electrically Operated Butterfly valves with electric actuator 2400 mm dia. PN 1.6 (Interconnection Branch Pipe Line)","FBC010441","","","","NO_BOM_FOR_CODE","","","NULL_BOTH","","65",""
"cmraox4pa013wo0v326jwysyw","GMD/2026-27/035","JSIW INFRASTRUCTURE PVT. LTD.","SITC of PN-1.6, Flanged High Performance, single chamber, temper proof Kinetic Air Valve confirming to AWWA C 512 200 mm dia. (on Common Header)","FDC040021","","","","NO_BOM_FOR_CODE","","","NULL_BOTH","","35",""
"cmraox4pa013zo0v3gjdckur0","GMD/2026-27/035","JSIW INFRASTRUCTURE PVT. LTD.","SITC of PN-2.0, Double Flanged Dual Plate Check Valve (DPCV), 600 mm dia.","FCF090071","","","","NO_BOM_FOR_CODE","","","NULL_BOTH","","200",""
"cmraox4pa013qo0v30lllqjxc","GMD/2026-27/035","JSIW INFRASTRUCTURE PVT. LTD.","SITC of PN-1.6, Double Flanged Modulating Type Electrically Operated Butterfly valves with electric actuator 
 (A) 2000 mm dia. PN 1.6 (01 No. on Header & 01 No. on Branch Pipe)","FBC010361","FBD010369","990000","990000","MATCH","1069200","1069200","MATCH","QR_MISMATCH exp~1824696.7","70.66","1824670.00"
"cmraox4pa0140o0v3x87u440i","GMD/2026-27/035","JSIW INFRASTRUCTURE PVT. LTD.","SITC of PN-2.0, Double Flanged Modulating Type Electrically Operated Butterfly valves with electric actuator having integral starter generally conforming to IS:13095 600 mm dia.","FBC010073","","","","NO_BOM_FOR_CODE","","","NULL_BOTH","","35",""
"cmraox4pc0149o0v3dio0tw59","GMD/2026-27/037","KALPATARU PROJECTS INTERNATIONAL LIMITED","MANUAL SLUICE VALVE WITH EXTENDEND SPINDLE FOR CWR-1 & 2 NOMINAL DIA (MM)1200PN 16","FSD040114","","","","NO_BOM_FOR_CODE","","","NULL_BOTH","","30",""
"cmraox4q3014to0v36b6ptk67","GMD/2026-27/039","SHIELD AND ALLIED","Butterfly valve DN 1000 PN 1.6","FBD010161","FBC010161","","","NULL_BOTH","","","NULL_BOTH","","35",""
"cmraox4q3014vo0v3jcztjcnr","GMD/2026-27/039","SHIELD AND ALLIED","Sluice Valve DN 300 PN 1.0","FSD040003","RCB040002","","","NULL_BOTH","","","NULL_BOTH","","20",""
"cmraox4q3014so0v3xd8w0bnj","GMD/2026-27/039","SHIELD AND ALLIED","Butterfly valve DN 1000 PN 1.6","FBD010161","FBC010161","","","NULL_BOTH","","","NULL_BOTH","","35",""
"cmraox4zt0175o0v3732wdvok","GMD/2026-27/046","MeTsi - Solutions","CI dismantling joint of Class PN - 1.0150 mm dia","FUC020001","","","","NO_BOM_FOR_CODE","","","NULL_BOTH","","15",""
"cmraox4zt0173o0v3605k3aoz","GMD/2026-27/046","MeTsi - Solutions","CI dismantling joint of Class PN - 1.0100 mm dia","FUX040016","","","","NO_BOM_FOR_CODE","","","NULL_BOTH","","15",""
"cmraox4zt016zo0v3g24bdcm7","GMD/2026-27/046","MeTsi - Solutions","CI D/F Sluice valves Manually Operated CI Sluice valve of Class PN 1.0150 mm HW","FSD040002","RSD110023","","","NULL_BOTH","","","NULL_BOTH","","25",""
"cmraox4zt016yo0v34qiwycrl","GMD/2026-27/046","MeTsi - Solutions","CI D/F Sluice valves Manually Operated CI Sluice valve of Class PN 1.0125 mm HW","FRD020008","RSD110034","","","NULL_BOTH","","","NULL_BOTH","","25",""
"cmraox4zt0171o0v3zkx527yo","GMD/2026-27/046","MeTsi - Solutions","CI D/F Sluice valves Manually Operated CI Sluice valve of Class PN 1.0250 mm HW","FSD040084","","","","NO_BOM_FOR_CODE","","","NULL_BOTH","","20",""
"cmraox4zt016mo0v3ms7fmaf3","GMD/2026-27/046","MeTsi - Solutions","DI D/F Resilient seated (soft seated)Sluice Valves
 Manually Operated Resilient Seated Sluice Valves of Class PN 1.6100 mm dia","FSD040001","RSD110001","","","NULL_BOTH","","","NULL_BOTH","","25",""
"cmraox4zt016xo0v38esl1ju7","GMD/2026-27/046","MeTsi - Solutions","CI D/F Sluice valves Manually Operated CI Sluice valve of Class PN 1.0100 mm HW","FSD040001","RSD110001","","","NULL_BOTH","","","NULL_BOTH","","25",""
"cmraox4zt015vo0v3ffxrd3dw","GMD/2026-27/044","LCC Projects Limited","350 mm dia. Providing & erecting DI D/F Butterfly valves IS 13095 with ISI Mark (PN-1.0/1.6)","FBC020489","","","","NO_BOM_FOR_CODE","","","NULL_BOTH","","50",""
"cmraox4zt016no0v3w5hxgfbg","GMD/2026-27/046","MeTsi - Solutions","DI D/F Resilient seated (soft seated)Sluice Valves
 Manually Operated Resilient Seated Sluice Valves of Class PN 1.6150 mm dia","FSD040002","RSD110023","","","NULL_BOTH","","","NULL_BOTH","","25",""
"cmraox4zt015yo0v3649umz1m","GMD/2026-27/044","LCC Projects Limited","1000 mm dia. Providing & erecting DI D/F Butterfly valves IS 13095 with ISI Mark (PN-1.0/1.6) 300 mm dia.","FBD010161","FBC010161","","","NULL_BOTH","","","NULL_BOTH","","35",""
"cmraox4zt0177o0v3o8tg8org","GMD/2026-27/046","MeTsi - Solutions","CI dismantling joint of Class PN - 1.0250 mm dia","FUX040016","","","","NO_BOM_FOR_CODE","","","NULL_BOTH","","15",""
"cmraox4zt0170o0v3tzfsp4k7","GMD/2026-27/046","MeTsi - Solutions","CI D/F Sluice valves Manually Operated CI Sluice valve of Class PN 1.0200 mm HW","FSC060011","RSD120003","1600","1600","MATCH","1728","1728","MATCH","QR_OK","493.17","10250.00"
"cmraox4zt016wo0v3qqutfb81","GMD/2026-27/046","MeTsi - Solutions","CI D/F Sluice valves Manually Operated CI Sluice valve of Class PN 1.080 mm HW","FSD040001","RSD110001","","","NULL_BOTH","","","NULL_BOTH","","25",""
"cmraox4zt015xo0v31jxvglcm","GMD/2026-27/044","LCC Projects Limited","800 mm dia. Providing & erecting DI D/F Butterfly valves IS 13095 with ISI Mark (PN-1.0/1.6) 300 mm dia.","FBD010121","FBC010121","","","NULL_BOTH","","","NULL_BOTH","","35",""
"cmraox4zt016oo0v3f50gvpzr","GMD/2026-27/046","MeTsi - Solutions","DI D/F Resilient seated (soft seated)Sluice Valves
 Manually Operated Resilient Seated Sluice Valves of Class PN 1.6200 mm dia","FSC060011","RSD120003","1600","1600","MATCH","1728","1728","MATCH","QR_OK","493.17","10250.00"
"cmraox4zt015uo0v396rotlwu","GMD/2026-27/044","LCC Projects Limited","Providing & erecting DI D/F Butterfly valves IS 13095 with ISI Mark (PN-1.0/1.6) 300 mm dia.","FBC020511","","","","NO_BOM_FOR_CODE","","","NULL_BOTH","","50",""
"cmraox4zt016ro0v39dk5b6fw","GMD/2026-27/046","MeTsi - Solutions","CI dismantling joint of Class PN - 1.0100 mm dia","FUX040016","","","","NO_BOM_FOR_CODE","","","NULL_BOTH","","15",""
"cmraox58v0195o0v3ozynsizx","GMD/2026-27/052","CLASSIC NETWORK PVT LTD","Providing and supplying ISI mark CI BF/Sluice valves as per IS 13095 (latest edition) of following class and
diameter including all taxes, insurance, transportation, freight charges, octroi, inspection charges , loading ,
unloading coveyance to depatmental stores, stacking etc complete Butterfly valves IS 13095 with ISI mark PN 1.0 800 mm dia Valve","FBD010121","FBC010121","","","NULL_BOTH","","","NULL_BOTH","","35",""
"cmraox58v0196o0v3f3xhrcfb","GMD/2026-27/052","CLASSIC NETWORK PVT LTD","Providing and supplying ISI mark CI BF/Sluice valves as per IS 13095 (latest edition) of following class and
diameter including all taxes, insurance, transportation, freight charges, octroi, inspection charges , loading ,
unloading coveyance to depatmental stores, stacking etc complete Butterfly valves IS 13095 with ISI mark PN 1.0 600 mm dia Valve","FBC010061","","","","NO_BOM_FOR_CODE","","","NULL_BOTH","","35",""
"cmraox58v0190o0v3cl57yxvh","GMD/2026-27/052","CLASSIC NETWORK PVT LTD","Providing and supplying ISI mark CI BF/Sluice valves as per IS 13095 (latest edition) of following class and
diameter including all taxes, insurance, transportation, freight charges, octroi, inspection charges , loading , unloading
coveyance to depatmental stores, stacking etc complete Butterfly valves IS 13095 with ISI mark PN 1.0 1200 mm dia.
Butterfly valve","FBC010201","","","","NO_BOM_FOR_CODE","","","NULL_BOTH","","65",""
"cmraox58v0194o0v3ju27tdjm","GMD/2026-27/052","CLASSIC NETWORK PVT LTD","Providing and supplying ISI mark CI BF/Sluice valves as per IS 13095 (latest edition) of following class and
diameter including all taxes, insurance, transportation, freight charges, octroi, inspection charges , loading ,
unloading coveyance to depatmental stores, stacking etc complete Butterfly valves IS 13095 with ISI mark PN 1.0 900 mm dia B/F Valve","FBD010141","","","","NO_BOM_FOR_CODE","","","NULL_BOTH","","35",""
"cmraox58v0192o0v3pf7pmg3x","GMD/2026-27/052","CLASSIC NETWORK PVT LTD","Providing and supplying ISI mark CI BF/Sluice valves as per IS 14846 (latest edition) of following class and
diameter including all taxes, insurance, transportation, freight charges, octroi, inspection charges, loading , unloading
coveyance to depatmental stores, stacking etc complete Scour Valve - PN 1 600 mm dia with body (Class-10)","FSC030422","","","","NO_BOM_FOR_CODE","","","NULL_BOTH","","40",""
"cmraox58v0198o0v3cymchme7","GMD/2026-27/052","CLASSIC NETWORK PVT LTD","Providing and supplying ISI mark CI BF/Sluice valves as per IS 14846 (latest edition) of following class and
diameter including all taxes, insurance, transportation, freight charges, octroi, inspection charges , loading ,
unloading coveyance to depatmental stores, stacking etc complete Scour Valve - PN 1 with hand wheel / cap operated
(PD type short body) 600 mm dia with body (Class-10)","FSC030422","","","","NO_BOM_FOR_CODE","","","NULL_BOTH","","40",""
"cmraox5aa01awo0v3a52c01zq","GMD/2026-27/055","GAJA ENGINEERING PVT LTD","Providing, supplying & erecting of approved make Ductile Iron Double Flanged Double Eccentric Butterfly Valves Sluice valve - PN - 1 with by pass arrangement150Dia. in mm","FBD010481","FBD010509","378.5833333333333","378.5833333333333","MATCH","6408.87","6408.87","MATCH","QR_OK","49.95","9610.00"
"cmraox5aa01c5o0v3nl3rsqmk","GMD/2026-27/055","GAJA ENGINEERING PVT LTD","NON RETURN VALVES (N.R.V.) PN rating 1.6Size 300 mm, PN 1.6","FCG010085","","","","NO_BOM_FOR_CODE","","","NULL_BOTH","","200",""
"cmraox5a901ajo0v3tjc5saot","GMD/2026-27/055","GAJA ENGINEERING PVT LTD","Providing, supplying & erecting of approved make Ductile Iron Double Flanged Double Eccentric Butterfly Valves Sluice valve - PN - 1 with by pass arrangement1100Dia. in mm","FBD010181","FBC010181","","","NULL_BOTH","","","NULL_BOTH","","65",""
"cmraox5aa01cco0v3jnp7u3u6","GMD/2026-27/055","GAJA ENGINEERING PVT LTD","KINETIC AIR VALVES Size 50 mm dia PN 1.6","FDC040005","FTD050002","13.25301204819277","17.310880829015545","MISMATCH diff=4.06","14.31","14.31","MATCH","QR_MISMATCH exp~19.3","35","20.00"
"cmraox5aa01c7o0v3bsxqtdk9","GMD/2026-27/055","GAJA ENGINEERING PVT LTD","BUTTERFLY VALVES WITH ACUTATOR  Dia-1000 mm P.N.1.6","FBD010161","FBC010161","","","NULL_BOTH","","","NULL_BOTH","","35",""
"cmraox5a901aio0v3pt2vbrb1","GMD/2026-27/055","GAJA ENGINEERING PVT LTD","Providing, supplying & erecting of approved make Ductile Iron Double Flanged Double Eccentric Butterfly Valves Sluice valve - PN - 1 with by pass arrangement1200Dia. in mm","FBC010201","","","","NO_BOM_FOR_CODE","","","NULL_BOTH","","65",""
"cmraox5a901aoo0v31j44flrt","GMD/2026-27/055","GAJA ENGINEERING PVT LTD","Providing, supplying & erecting of approved make Ductile Iron Double Flanged Double Eccentric Butterfly Valves Sluice valve - PN - 1 with by pass arrangement600Dia. in mm","FBC010061","","","","NO_BOM_FOR_CODE","","","NULL_BOTH","","35",""
"cmraox5aa01cgo0v36v4pwvbx","GMD/2026-27/055","GAJA ENGINEERING PVT LTD","Providing and supplying Kinetic Double Orifice type Air Valves confirming to IS 14845 Size 100 mm dia PN 1","FDC040013","FTD050018","5421","5421","MATCH","5854.68","5854.68","MATCH","QR_OK","168.67","15730.00"
"cmraox5aa01cfo0v38omwmy52","GMD/2026-27/055","GAJA ENGINEERING PVT LTD","Providing and supplying Kinetic Double Orifice type Air Valves confirming to IS 14845 Size 150 mm dia PN 1","FDC040017","FBD010509","378.5833333333333","378.5833333333333","MATCH","408.87","408.87","MATCH","QR_OK","2015.59","8650.00"
"cmraox5aa01avo0v392yxzmfx","GMD/2026-27/055","GAJA ENGINEERING PVT LTD","Providing, supplying & erecting of approved make Ductile Iron Double Flanged Double Eccentric Butterfly Valves Sluice valve - PN - 1 with by pass arrangement200Dia. in mm","FBC010486","","","","NO_BOM_FOR_CODE","","","NULL_BOTH","","50",""
"cmraox5aa01cwo0v37553riqw","GMD/2026-27/055","GAJA ENGINEERING PVT LTD","Providing double flange sluice valve (size 50-1200 mm)confirming for IS-2906/14846 including worn gear arrangements as per test pressure, stainless steel spindle, caps, , transportation etc. all complete.Sluice valve PN-1.0 (with bypass arrangement)500 mm dia","FSC030632","","","","NO_BOM_FOR_CODE","","","NULL_BOTH","","40",""
"cmraox5a901alo0v3tixrsbnd","GMD/2026-27/055","GAJA ENGINEERING PVT LTD","Providing, supplying & erecting of approved make Ductile Iron Double Flanged Double Eccentric Butterfly Valves Sluice valve - PN - 1 with by pass arrangement900Dia. in mm","FBD010141","","","","NO_BOM_FOR_CODE","","","NULL_BOTH","","35",""
"cmraox5a901ago0v385yte4pw","GMD/2026-27/055","GAJA ENGINEERING PVT LTD","Providing, supplying & erecting of approved make double flange Ductile Iron non-rising spindle soft seated / Resilient seated sluice Valves Sluice valve - PN - 1 with by pass arrangement80Dia. in mm","FGC030245","RSD100019","","","NULL_BOTH","","","NULL_BOTH","","35",""
"cmraox5aa01cao0v3kqy640ms","GMD/2026-27/055","GAJA ENGINEERING PVT LTD","KINETIC AIR VALVES Size 100 mm dia PN 1.6","FDC040013","FTD050018","5421","5421","MATCH","5854.68","5854.68","MATCH","QR_OK","168.67","15730.00"
"cmraox5aa01d4o0v3sj23a1fx","GMD/2026-27/055","GAJA ENGINEERING PVT LTD","Providing, double flanged short body pattern type manually operated Butterfly Valve having body, disc and end cover in graded cast iron to IS-210 Gr.CF 200 generally confirming to IS-13095-1991, Butterfly valve - PN - 1 (With by pass arrangement)","FBC010486","","","","NO_BOM_FOR_CODE","","","NULL_BOTH","","50",""
"cmraox5aa01d2o0v30rsj29w8","GMD/2026-27/055","GAJA ENGINEERING PVT LTD","Providing, double flanged short body pattern type manually operated Butterfly Valve having body, disc and end cover in graded cast iron to IS-210 Gr.CF 200 generally confirming to IS-13095-1991, Butterfly valve - PN - 1 (With by pass arrangement)","FBC010486","","","","NO_BOM_FOR_CODE","","","NULL_BOTH","","50",""
"cmraox5a9019so0v3x1oms3ie","GMD/2026-27/055","GAJA ENGINEERING PVT LTD","Providing, supplying & erecting of approved make double flange Ductile Iron non-rising spindle soft seated / Resilient seated sluice Valves 400 MM PN 1.6","FGC030065","","","","NO_BOM_FOR_CODE","","","NULL_BOTH","","35",""
"cmraox5aa01auo0v39g14x243","GMD/2026-27/055","GAJA ENGINEERING PVT LTD","Providing, supplying & erecting of approved make Ductile Iron Double Flanged Double Eccentric Butterfly Valves Sluice valve - PN - 1 with by pass arrangement250Dia. in mm","FBC010487","","","","NO_BOM_FOR_CODE","","","NULL_BOTH","","50",""
"cmraox5aa01c3o0v34rcg38jc","GMD/2026-27/055","GAJA ENGINEERING PVT LTD","NON RETURN VALVES (N.R.V.) PN rating 1.6Size 600 mm, PN 1.6","FCG010076","","","","NO_BOM_FOR_CODE","","","NULL_BOTH","","200",""
"cmraox5aa01cso0v3v9ww88ew","GMD/2026-27/055","GAJA ENGINEERING PVT LTD","Providing double flange sluice valve (size 50-1200 mm)confirming for IS-2906/14846 including worn gear arrangements as per test pressure, stainless steel spindle, caps, , transportation etc. all complete.Sluice valve PN-1.0 (with bypass arrangement)300 mm dia","FSC030632","","","","NO_BOM_FOR_CODE","","","NULL_BOTH","","40",""
"cmraox5aa01c8o0v3gesnnza6","GMD/2026-27/055","GAJA ENGINEERING PVT LTD","KINETIC AIR VALVES Size 200 mm dia PN 1.6","FDC040021","","","","NO_BOM_FOR_CODE","","","NULL_BOTH","","35",""
"cmraox5aa01cpo0v3fz8bquun","GMD/2026-27/055","GAJA ENGINEERING PVT LTD","Providing double flange sluice valve (size 50-1200 mm)confirming for IS-2906/14846 including worn gear arrangements as per test pressure, stainless steel spindle, caps, , transportation etc. all complete.Sluice valve PN-1.0 (with bypass arrangement)150 mm dia","FSC030632","","","","NO_BOM_FOR_CODE","","","NULL_BOTH","","40",""
"cmraox5aa01czo0v3r58m9w58","GMD/2026-27/055","GAJA ENGINEERING PVT LTD","Providing double flange sluice valve (size 50-1200 mm)confirming for IS-2906/14846 including worn gear arrangements as per test pressure, stainless steel spindle, caps, , transportation etc. all complete.Sluice valve PN-1.0 (with bypass arrangement)800 mm dia","FSC030632","","","","NO_BOM_FOR_CODE","","","NULL_BOTH","","40",""
"cmraox5a9019oo0v3jrrtndpf","GMD/2026-27/055","GAJA ENGINEERING PVT LTD","Providing, supplying & erecting of approved make double flange Ductile Iron non-rising spindle soft seated / Resilient seated sluice Valves 800 MM PN 1.6","FGC030161","","","","NO_BOM_FOR_CODE","","","NULL_BOTH","","40",""
"cmraox5aa01c4o0v3ti3042m8","GMD/2026-27/055","GAJA ENGINEERING PVT LTD","NON RETURN VALVES (N.R.V.) PN rating 1.6Size 500 mm, PN 1.6","FCG010075","","","","NO_BOM_FOR_CODE","","","NULL_BOTH","","200",""
"cmraox5a901a4o0v3lwqm1trp","GMD/2026-27/055","GAJA ENGINEERING PVT LTD","Providing, supplying & erecting of approved make double flange Ductile Iron non-rising spindle soft seated / Resilient seated sluice Valves Sluice valve - PN - 1 with by pass arrangement700Dia. in mm","FGC030129","","","","NO_BOM_FOR_CODE","","","NULL_BOTH","","40",""
"cmraox5aa01cro0v3ay07oa78","GMD/2026-27/055","GAJA ENGINEERING PVT LTD","Providing double flange sluice valve (size 50-1200 mm)confirming for IS-2906/14846 including worn gear arrangements as per test pressure, stainless steel spindle, caps, , transportation etc. all complete.Sluice valve PN-1.0 (with bypass arrangement)250mm dia","FSC030632","","","","NO_BOM_FOR_CODE","","","NULL_BOTH","","40",""
"cmraox5a901aso0v3jgex4dnm","GMD/2026-27/055","GAJA ENGINEERING PVT LTD","Providing, supplying & erecting of approved make Ductile Iron Double Flanged Double Eccentric Butterfly Valves Sluice valve - PN - 1 with by pass arrangement350Dia. in mm","FBC020489","","","","NO_BOM_FOR_CODE","","","NULL_BOTH","","50",""
"cmraox5a901ano0v3gro5ymsq","GMD/2026-27/055","GAJA ENGINEERING PVT LTD","Providing, supplying & erecting of approved make Ductile Iron Double Flanged Double Eccentric Butterfly Valves Sluice valve - PN - 1 with by pass arrangement700Dia. in mm","FBC010081","FBD020643","92200","92200","MATCH","115795","115795","MATCH","QR_MISMATCH exp~156323.3","35.00","156320.00"
"cmraox5a901a5o0v3z2cbddju","GMD/2026-27/055","GAJA ENGINEERING PVT LTD","Providing, supplying & erecting of approved make double flange Ductile Iron non-rising spindle soft seated / Resilient seated sluice Valves Sluice valve - PN - 1 with by pass arrangement600Dia. in mm","FGC030113","","","","NO_BOM_FOR_CODE","","","NULL_BOTH","","40",""
"cmraox5a901a6o0v3rni56lke","GMD/2026-27/055","GAJA ENGINEERING PVT LTD","Providing, supplying & erecting of approved make double flange Ductile Iron non-rising spindle soft seated / Resilient seated sluice Valves Sluice valve - PN - 1 with by pass arrangement500Dia. in mm","FGC030097","","","","NO_BOM_FOR_CODE","","","NULL_BOTH","","40",""
"cmraox5aa01ceo0v3gaw47yf0","GMD/2026-27/055","GAJA ENGINEERING PVT LTD","Providing and supplying Kinetic Double Orifice type Air Valves confirming to IS 14845 Size 200 mm dia PN 1","FDC040021","","","","NO_BOM_FOR_CODE","","","NULL_BOTH","","35",""
"cmraox5aa01cho0v36c2pjmej","GMD/2026-27/055","GAJA ENGINEERING PVT LTD","Providing and supplying Kinetic Double Orifice type Air Valves confirming to IS 14845 Size 80 mm dia PN 1","FDC040009","FTD050023","2800","141.90625","MISMATCH diff=2658.09","3024","3024","MATCH","QR_OK","34.92","4080.00"
"cmraox5a9019qo0v36mdsmmyj","GMD/2026-27/055","GAJA ENGINEERING PVT LTD","Providing, supplying & erecting of approved make double flange Ductile Iron non-rising spindle soft seated / Resilient seated sluice Valves 600 MM PN 1.6","FGC030113","","","","NO_BOM_FOR_CODE","","","NULL_BOTH","","40",""
"cmraox5aa01cqo0v3mc7i7rht","GMD/2026-27/055","GAJA ENGINEERING PVT LTD","Providing double flange sluice valve (size 50-1200 mm)confirming for IS-2906/14846 including worn gear arrangements as per test pressure, stainless steel spindle, caps, , transportation etc. all complete.Sluice valve PN-1.0 (with bypass arrangement)200 mm dia","FSC030632","","","","NO_BOM_FOR_CODE","","","NULL_BOTH","","40",""
"cmraox5aa01d5o0v3xxans371","GMD/2026-27/055","GAJA ENGINEERING PVT LTD","Providing, double flanged short body pattern type manually operated Butterfly Valve having body, disc and end cover in graded cast iron to IS-210 Gr.CF 200 generally confirming to IS-13095-1991, Butterfly valve - PN - 1 (With by pass arrangement)","FBC010486","","","","NO_BOM_FOR_CODE","","","NULL_BOTH","","50",""
"cmraox5aa01cuo0v3dv4drx8o","GMD/2026-27/055","GAJA ENGINEERING PVT LTD","Providing double flange sluice valve (size 50-1200 mm)confirming for IS-2906/14846 including worn gear arrangements as per test pressure, stainless steel spindle, caps, , transportation etc. all complete.Sluice valve PN-1.0 (with bypass arrangement)400 mm dia","FSC030632","","","","NO_BOM_FOR_CODE","","","NULL_BOTH","","40",""
"cmraox5aa01coo0v3sab5ycnc","GMD/2026-27/055","GAJA ENGINEERING PVT LTD","Providing double flange sluice valve (size 50-1200 mm)confirming for IS-2906/14846 including worn gear arrangements as per test pressure, stainless steel spindle, caps, , transportation etc. all complete.Sluice valve PN-1.0 (with bypass arrangement)100 mm dia","FSC030632","","","","NO_BOM_FOR_CODE","","","NULL_BOTH","","40",""
"cmraox5a901a3o0v3sjzfp063","GMD/2026-27/055","GAJA ENGINEERING PVT LTD","Providing, supplying & erecting of approved make double flange Ductile Iron non-rising spindle soft seated / Resilient seated sluice Valves Sluice valve - PN - 1 with by pass arrangement800Dia. in mm","FGC030161","","","","NO_BOM_FOR_CODE","","","NULL_BOTH","","40",""
"cmraox5a901a7o0v3swz3uruf","GMD/2026-27/055","GAJA ENGINEERING PVT LTD","Providing, supplying & erecting of approved make double flange Ductile Iron non-rising spindle soft seated / Resilient seated sluice Valves Sluice valve - PN - 1 with by pass arrangement450Dia. in mm","FGC030081","","","","NO_BOM_FOR_CODE","","","NULL_BOTH","","35",""
"cmraox5aa01cdo0v3gy68cg7o","GMD/2026-27/055","GAJA ENGINEERING PVT LTD","KINETIC AIR VALVES  Size 200 mm dia. PN 1.6 CI","FDC040021","","","","NO_BOM_FOR_CODE","","","NULL_BOTH","","35",""
"cmraox5a9019no0v3wtgtpvp5","GMD/2026-27/055","GAJA ENGINEERING PVT LTD","Providing, supplying & erecting of approved make double flange Ductile Iron non-rising spindle soft seated / Resilient seated sluice Valves 900 MM PN 1.6","FGC030177","","","","NO_BOM_FOR_CODE","","","NULL_BOTH","","40",""
"cmraox5a9019po0v3vao6cyah","GMD/2026-27/055","GAJA ENGINEERING PVT LTD","Providing, supplying & erecting of approved make double flange Ductile Iron non-rising spindle soft seated / Resilient seated sluice Valves 700 MM PN 1.6","FGC030129","","","","NO_BOM_FOR_CODE","","","NULL_BOTH","","40",""
"cmraox5aa01cyo0v3qiaqatv6","GMD/2026-27/055","GAJA ENGINEERING PVT LTD","Providing double flange sluice valve (size 50-1200 mm)confirming for IS-2906/14846 including worn gear arrangements as per test pressure, stainless steel spindle, caps, , transportation etc. all complete.Sluice valve PN-1.0 (with bypass arrangement)700 mm dia","FSC030632","","","","NO_BOM_FOR_CODE","","","NULL_BOTH","","40",""
"cmraox5aa01cxo0v3bde9pe3t","GMD/2026-27/055","GAJA ENGINEERING PVT LTD","Providing double flange sluice valve (size 50-1200 mm)confirming for IS-2906/14846 including worn gear arrangements as per test pressure, stainless steel spindle, caps, , transportation etc. all complete.Sluice valve PN-1.0 (with bypass arrangement)600 mm dia","FSC030632","","","","NO_BOM_FOR_CODE","","","NULL_BOTH","","40",""
"cmraox5aa01cvo0v3yq8ym24j","GMD/2026-27/055","GAJA ENGINEERING PVT LTD","Providing double flange sluice valve (size 50-1200 mm)confirming for IS-2906/14846 including worn gear arrangements as per test pressure, stainless steel spindle, caps, , transportation etc. all complete.Sluice valve PN-1.0 (with bypass arrangement)450 mm dia","FSC030632","","","","NO_BOM_FOR_CODE","","","NULL_BOTH","","40",""
"cmraox5aa01cto0v3syk7bq19","GMD/2026-27/055","GAJA ENGINEERING PVT LTD","Providing double flange sluice valve (size 50-1200 mm)confirming for IS-2906/14846 including worn gear arrangements as per test pressure, stainless steel spindle, caps, , transportation etc. all complete.Sluice valve PN-1.0 (with bypass arrangement)350 mm dia","FSC030632","","","","NO_BOM_FOR_CODE","","","NULL_BOTH","","40",""
"cmraox5aa01c9o0v3mj1tymrz","GMD/2026-27/055","GAJA ENGINEERING PVT LTD","KINETIC AIR VALVES Size 150 mm dia PN 1.6","FDC040017","FBD010509","378.5833333333333","378.5833333333333","MATCH","408.87","408.87","MATCH","QR_OK","2015.59","8650.00"
"cmraox5aa01cio0v355x4366g","GMD/2026-27/055","GAJA ENGINEERING PVT LTD","Providing and supplying Kinetic Double Orifice type Air Valves confirming to IS 14845 Size 50 mm dia PN 1","FDC040005","FTD050002","13.25301204819277","17.310880829015545","MISMATCH diff=4.06","14.31","14.31","MATCH","QR_MISMATCH exp~19.3","35","20.00"
"cmraox5a9019ro0v3bedi3m7c","GMD/2026-27/055","GAJA ENGINEERING PVT LTD","Providing, supplying & erecting of approved make double flange Ductile Iron non-rising spindle soft seated / Resilient seated sluice Valves 500 MM PN 1.6","FGC030097","","","","NO_BOM_FOR_CODE","","","NULL_BOTH","","40",""
"cmraox5aa01cbo0v3tle2jm1x","GMD/2026-27/055","GAJA ENGINEERING PVT LTD","KINETIC AIR VALVES Size 80 mm dia PN 1.6","FDC040009","FTD050023","2800","141.90625","MISMATCH diff=2658.09","3024","3024","MATCH","QR_OK","34.92","4080.00"
"cmraox5a901ato0v3q7d6ua1p","GMD/2026-27/055","GAJA ENGINEERING PVT LTD","Providing, supplying & erecting of approved make Ductile Iron Double Flanged Double Eccentric Butterfly Valves Sluice valve - PN - 1 with by pass arrangement300Dia. in mm","FBC020511","","","","NO_BOM_FOR_CODE","","","NULL_BOTH","","50",""
"cmraox5a901amo0v3w87tf5ga","GMD/2026-27/055","GAJA ENGINEERING PVT LTD","Providing, supplying & erecting of approved make Ductile Iron Double Flanged Double Eccentric Butterfly Valves Sluice valve - PN - 1 with by pass arrangement800Dia. in mm","FBD010121","FBC010121","","","NULL_BOTH","","","NULL_BOTH","","35",""
"cmraox5a901ako0v38kzw1pe0","GMD/2026-27/055","GAJA ENGINEERING PVT LTD","Providing, supplying & erecting of approved make Ductile Iron Double Flanged Double Eccentric Butterfly Valves Sluice valve - PN - 1 with by pass arrangement1000Dia. in mm","FBD010161","FBC010161","","","NULL_BOTH","","","NULL_BOTH","","35",""
"cmraox5a901apo0v3a98w9hfs","GMD/2026-27/055","GAJA ENGINEERING PVT LTD","Providing, supplying & erecting of approved make Ductile Iron Double Flanged Double Eccentric Butterfly Valves Sluice valve - PN - 1 with by pass arrangement500Dia. in mm","FBC010041","","","","NO_BOM_FOR_CODE","17000","","PRODUCT_NULL_BUT_COST_EXISTS","QR_OK","35","22950.00"
"cmraox5aa01d3o0v3ya1f5ze2","GMD/2026-27/055","GAJA ENGINEERING PVT LTD","Providing, double flanged short body pattern type manually operated Butterfly Valve having body, disc and end cover in graded cast iron to IS-210 Gr.CF 200 generally confirming to IS-13095-1991, Butterfly valve - PN - 1 (With by pass arrangement)","FBC010486","","","","NO_BOM_FOR_CODE","","","NULL_BOTH","","50",""
"cmraox5aa01d1o0v35dbxpk18","GMD/2026-27/055","GAJA ENGINEERING PVT LTD","Providing, double flanged short body pattern type manually operated Butterfly Valve having body, disc and end cover in graded cast iron to IS-210 Gr.CF 200 generally confirming to IS-13095-1991, Butterfly valve - PN - 1 (With by pass arrangement)","FBC010486","","","","NO_BOM_FOR_CODE","","","NULL_BOTH","","50",""
"cmraox5a901a8o0v3aqxljxco","GMD/2026-27/055","GAJA ENGINEERING PVT LTD","Providing, supplying & erecting of approved make double flange Ductile Iron non-rising spindle soft seated / Resilient seated sluice Valves Sluice valve - PN - 1 with by pass arrangement400Dia. in mm","FGC030065","","","","NO_BOM_FOR_CODE","","","NULL_BOTH","","35",""
"cmraox5aa01d0o0v3k2azhf05","GMD/2026-27/055","GAJA ENGINEERING PVT LTD","Providing, double flanged short body pattern type manually operated Butterfly Valve having body, disc and end cover in graded cast iron to IS-210 Gr.CF 200 generally confirming to IS-13095-1991, Butterfly valve - PN - 1 (With by pass arrangement)","FBC010486","","","","NO_BOM_FOR_CODE","","","NULL_BOTH","","50",""
"cmraox5ab01dco0v3joffh8l7","GMD/2026-27/057","KALPATARU PROJECTS INTERNATIONAL LIMITED","MANUAL SLUICE VALVE NOMINAL DIA
(MM) 100 PN 10","FSD040001","RSD110001","","","NULL_BOTH","","","NULL_BOTH","","25",""
"cmraox5ab01ddo0v363r99s5h","GMD/2026-27/057","KALPATARU PROJECTS INTERNATIONAL LIMITED","MANUAL SLUICE VALVE NOMINAL DIA
(MM) 150PN 10","FSD040002","RSD110023","","","NULL_BOTH","","","NULL_BOTH","","25",""
"cmraox5ab01dbo0v32g5d3let","GMD/2026-27/057","KALPATARU PROJECTS INTERNATIONAL LIMITED","MANUAL SLUICE VALVE NOMINAL DIA
(MM) 250 PN 10","FSD040084","","","","NO_BOM_FOR_CODE","","","NULL_BOTH","","20",""
"cmraox5b901dio0v3r9pcwsl3","GMD/2026-27/058","KALPATARU PROJECTS INTERNATIONAL LIMITED","Manual Butterfly ValveNOMINAL DIA (MM)900PN 40","FBD020619","FBS040037","","","NULL_BOTH","","","NULL_BOTH","","35",""
"cmraox5he01e0o0v3amimm6qj","GMD/2026-27/061","UNIVERSAL MEP Projects & Engineering Services Ltd.","DI Dual Plate Check Valve 150mm, PN 10 rating
FLANGE DRILLING STANDARD SHALL  COMPLY IS 9523- 2000 , PN 10, TABLE-4","FCF090032","RNC010004","","","NULL_BOTH","","","NULL_BOTH","","200",""
"cmraox5kg01eso0v3oomhsv44","GMD/2026-27/063","H C JAIN ENGINEERING PVT LTD","DI DOUBLE FLANGE NON RETURN VALVE PN 16150 MM","FCF090032","RNC010004","","","NULL_BOTH","","","NULL_BOTH","","200",""
"cmraox5kg01ejo0v3dng6soq9","GMD/2026-27/063","H C JAIN ENGINEERING PVT LTD","Ductile Iron Manually optd. Double Flange Resilient seated soft sealing Sluice valves with body bonnet of Ductile iron/S.G. iron, wedge fully rubber lined with EPDM food grade quality and seals of NBR and the valves should be of vacuum tight and 100% leak proof with face to face
 dimensions as per BS5163-89/IS14846-2000/DIN 3202 F 4. All the valves should be with Electrostatic powder coating both inside and outside
 pocket less body passage. Drilled as per IS:1538, PN-16400 MM","FSD040267","","","","NO_BOM_FOR_CODE","","","NULL_BOTH","","30",""
"cmraox5kg01eqo0v3h8o54woj","GMD/2026-27/063","H C JAIN ENGINEERING PVT LTD","Ductile Iron Manually optd. Double Flange Resilient seated soft sealing Sluice valves with body bonnet of Ductile iron/S.G. iron, wedge fully rubber lined with EPDM food grade quality and seals of NBR and the valves should be of vacuum tight and 100% leak proof with face to face
 dimensions as per BS5163-89/IS14846-2000/DIN 3202 F 4. All the valves should be with Electrostatic powder coating both inside and outside
 pocket less body passage. Drilled as per IS:1538, PN-16200 MM","FSD040267","","","","NO_BOM_FOR_CODE","","","NULL_BOTH","","30",""
"cmraox5kg01emo0v31b8v8wb5","GMD/2026-27/063","H C JAIN ENGINEERING PVT LTD","DI DOUBLE FLANGE NON RETURN VALVE PN 16300 MM","FCF090037","RNC020003","","","NULL_BOTH","","","NULL_BOTH","","200",""
"cmraox5kg01elo0v3waffwchy","GMD/2026-27/063","H C JAIN ENGINEERING PVT LTD","DI DOUBLE FLANGE NON RETURN VALVE PN 16400 MM","FCE080023","","","","NO_BOM_FOR_CODE","","","NULL_BOTH","","200",""
"cmraox5kg01edo0v34c3lqtb2","GMD/2026-27/063","H C JAIN ENGINEERING PVT LTD","Ductile Iron Manually optd. Double Flange Resilient seated soft sealing Sluice valves with body bonnet of Ductile iron/S.G. iron, wedge fully rubber lined with EPDM food grade quality and seals of NBR and the valves should be of vacuum tight and 100% leak proof with face to face
 dimensions as per BS5163-89/IS14846-2000/DIN 3202 F 4. All the valves should be with Electrostatic powder coating both inside and outside pocket less body passage. Drilled as per IS:1538, PN-16350 MM","FSD040267","","","","NO_BOM_FOR_CODE","","","NULL_BOTH","","30",""
"cmraox5kg01eeo0v3wwrdn6tf","GMD/2026-27/063","H C JAIN ENGINEERING PVT LTD","Ductile Iron Manually optd. Double Flange Resilient seated soft sealing Sluice valves with body bonnet of Ductile iron/S.G. iron, wedge fully rubber lined with EPDM food grade quality and seals of NBR and the valves should be of vacuum tight and 100% leak proof with face to face
 dimensions as per BS5163-89/IS14846-2000/DIN 3202 F 4. All the valves should be with Electrostatic powder coating both inside and outside
 pocket less body passage. Drilled as per IS:1538, PN-16250 MM","FSD040267","","","","NO_BOM_FOR_CODE","","","NULL_BOTH","","30",""
"cmraox5kg01evo0v30n9pf0ys","GMD/2026-27/063","H C JAIN ENGINEERING PVT LTD","DI DOUBLE FLANGE NON RETURN VALVE PN 16300 MM","FCF090037","RNC020003","","","NULL_BOTH","","","NULL_BOTH","","200",""
"cmraox5kg01eoo0v3jvuukgw5","GMD/2026-27/063","H C JAIN ENGINEERING PVT LTD","Ductile Iron Manually optd. Double Flange Resilient seated soft sealing Sluice valves with body bonnet of Ductile iron/S.G. iron, wedge fully rubber lined with EPDM food grade quality and seals of NBR and the valves should be of vacuum tight and 100% leak proof with face to face
 dimensions as per BS5163-89/IS14846-2000/DIN 3202 F 4. All the valves should be with Electrostatic powder coating both inside and outside
 pocket less body passage. Drilled as per IS:1538, PN-16250 MM","FSD040084","","","","NO_BOM_FOR_CODE","","","NULL_BOTH","","20",""
"cmraox5kg01eto0v35p4upbkf","GMD/2026-27/063","H C JAIN ENGINEERING PVT LTD","Ductile Iron Manually optd. Double Flange Resilient seated soft sealing Sluice valves with body bonnet of Ductile iron/S.G. iron, wedge fully rubber lined with EPDM food grade quality and seals of NBR and the valves should be of vacuum tight and 100% leak proof with face to face
 dimensions as per BS5163-89/IS14846-2000/DIN 3202 F 4. All the valves should be with Electrostatic powder coating both inside and outside
 pocket less body passage. Drilled as per IS:1538, PN-16300 MM","FSD040267","","","","NO_BOM_FOR_CODE","","","NULL_BOTH","","30",""
"cmraox5kg01efo0v3umb41cqt","GMD/2026-27/063","H C JAIN ENGINEERING PVT LTD","DI DOUBLE FLANGE NON RETURN VALVE PN 16250 MM","FCE080025","","","","NO_BOM_FOR_CODE","","","NULL_BOTH","","200",""
"cmraox5kg01ewo0v3eanl3261","GMD/2026-27/063","H C JAIN ENGINEERING PVT LTD","DI DOUBLE FLANGE NON RETURN VALVE PN 16200 MM","FCE080028","","","","NO_BOM_FOR_CODE","","","NULL_BOTH","","200",""
"cmraox5kg01ego0v3r7ne43po","GMD/2026-27/063","H C JAIN ENGINEERING PVT LTD","Ductile Iron Manually optd. Double Flange Resilient seated soft sealing Sluice valves with body bonnet of Ductile iron/S.G. iron, wedge fully rubber lined with EPDM food grade quality and seals of NBR and the valves should be of vacuum tight and 100% leak proof with face to face
 dimensions as per BS5163-89/IS14846-2000/DIN 3202 F 4. All the valves should be with Electrostatic powder coating both inside and outside
 pocket less body passage. Drilled as per IS:1538, PN-16250 MM","FSD040267","","","","NO_BOM_FOR_CODE","","","NULL_BOTH","","30",""
"cmraox5kg01epo0v3emkakhh6","GMD/2026-27/063","H C JAIN ENGINEERING PVT LTD","DI DOUBLE FLANGE NON RETURN VALVE PN 16250 MM","FCE080025","","","","NO_BOM_FOR_CODE","","","NULL_BOTH","","200",""
"cmraox5kg01eko0v3vymxnpfb","GMD/2026-27/063","H C JAIN ENGINEERING PVT LTD","Ductile Iron Manually optd. Double Flange Resilient seated soft sealing Sluice valves with body bonnet of Ductile iron/S.G. iron, wedge fully rubber lined with EPDM food grade quality and seals of NBR and the valves should be of vacuum tight and 100% leak proof with face to face
 dimensions as per BS5163-89/IS14846-2000/DIN 3202 F 4. All the valves should be with Electrostatic powder coating both inside and outside
 pocket less body passage. Drilled as per IS:1538, PN-16300 MM","FSD040267","","","","NO_BOM_FOR_CODE","","","NULL_BOTH","","30",""
"cmraox5kg01eio0v3mvhe5qhx","GMD/2026-27/063","H C JAIN ENGINEERING PVT LTD","DI DOUBLE FLANGE NON RETURN VALVE PN 16200 MM","FCE080028","","","","NO_BOM_FOR_CODE","","","NULL_BOTH","","200",""
"cmraox5kg01eho0v3ikp8a7cx","GMD/2026-27/063","H C JAIN ENGINEERING PVT LTD","Ductile Iron Manually optd. Double Flange Resilient seated soft sealing Sluice valves with body bonnet of Ductile iron/S.G. iron, wedge fully rubber lined with EPDM food grade quality and seals of NBR and the valves should be of vacuum tight and 100% leak proof with face to face
 dimensions as per BS5163-89/IS14846-2000/DIN 3202 F 4. All the valves should be with Electrostatic powder coating both inside and outside
 pocket less body passage. Drilled as per IS:1538, PN-16200 MM","FSD040267","","","","NO_BOM_FOR_CODE","","","NULL_BOTH","","30",""
"cmraox5kg01ero0v3qgpoucw3","GMD/2026-27/063","H C JAIN ENGINEERING PVT LTD","Ductile Iron Manually optd. Double Flange Resilient seated soft sealing Sluice valves with body bonnet of Ductile iron/S.G. iron, wedge fully rubber lined with EPDM food grade quality and seals of NBR and the valves should be of vacuum tight and 100% leak proof with face to face
 dimensions as per BS5163-89/IS14846-2000/DIN 3202 F 4. All the valves should be with Electrostatic powder coating both inside and outside
 pocket less body passage. Drilled as per IS:1538, PN-16150 MM","FSC060011","RSD120003","1600","1600","MATCH","1728","1728","MATCH","QR_OK","493.17","10250.00"
"cmraox5kl01f6o0v3ndv0nbfh","GMD/2026-27/065","LCC Projects Limited","Providing and Supplying DI Sluice Valves PN : 16
 Manual Operated Resilant Seated
 Flange Drilling as pe IS 9523 PN 16450 MM","FSD040159","","","","NO_BOM_FOR_CODE","","","NULL_BOTH","","20",""
"cmraox5kl01f3o0v30efm1t08","GMD/2026-27/065","LCC Projects Limited","Providing and Supplying DI Sluice Valves PN : 16
 Manual Operated Resilant Seated
 Flange Drilling as pe IS 9523 PN 16300 MM","FSD040003","RCB040002","","","NULL_BOTH","","","NULL_BOTH","","20",""
"cmraox5kl01ezo0v38suhbyzo","GMD/2026-27/065","LCC Projects Limited","Providing and Supplying DI Sluice Valves PN : 16
 Manual Operated Resilant Seated
 Flange Drilling as pe IS 9523 PN 16150 MM","FSD040002","RSD110023","","","NULL_BOTH","","","NULL_BOTH","","25",""
"cmraox5kl01eyo0v3gycq4xr7","GMD/2026-27/065","LCC Projects Limited","Providing and Supplying DI Sluice Valves PN : 16
 Manual Operated Resilant Seated
 Flange Drilling as pe IS 9523 PN 16100 MM","FSD040001","RSD110001","","","NULL_BOTH","","","NULL_BOTH","","25",""
"cmraox5kl01f9o0v3ra5i7ax7","GMD/2026-27/065","LCC Projects Limited","Providing and Supplying DI Sluice Valves PN : 16
 Manual Operated Resilant Seated
 Flange Drilling as pe IS 9523 PN 16400 MM","FSD040037","","","","NO_BOM_FOR_CODE","","","NULL_BOTH","","20",""
"cmraox5kl01f5o0v34yizre9d","GMD/2026-27/065","LCC Projects Limited","Providing and Supplying DI Sluice Valves PN : 16
 Manual Operated Resilant Seated
 Flange Drilling as pe IS 9523 PN 16400 MM","FSD040037","","","","NO_BOM_FOR_CODE","","","NULL_BOTH","","20",""
"cmraox5kl01fao0v3rmes6b6n","GMD/2026-27/065","LCC Projects Limited","DI SLUICE VALVE 300MM[I SI mark DI D/F sluice
 Valves as per IS:14846 / BS: 5163 (Latest Edition) of following class and diameter pN-1.6 with Flange
 Drilling as per IS 1538
 300 MM","FSC030272","","","","NO_BOM_FOR_CODE","","","NULL_BOTH","","35",""
"cmraox5kl01f8o0v3i9rok9yg","GMD/2026-27/065","LCC Projects Limited","Providing and Supplying DI Sluice Valves PN : 16
 Manual Operated Resilant Seated
 Flange Drilling as pe IS 9523 PN 16150 MM","FSD040002","RSD110023","","","NULL_BOTH","","","NULL_BOTH","","25",""
"cmraox5kl01f4o0v38papbn9r","GMD/2026-27/065","LCC Projects Limited","Providing and Supplying DI Sluice Valves PN : 16
 Manual Operated Resilant Seated
 Flange Drilling as pe IS 9523 PN 16350 MM","FSD040028","RSD130032","","","NULL_BOTH","","","NULL_BOTH","","20",""
"cmraox5kl01f7o0v37tjm5skv","GMD/2026-27/065","LCC Projects Limited","Providing and Supplying DI Sluice Valves PN : 16
 Manual Operated Resilant Seated
 Flange Drilling as pe IS 9523 PN 16500 MM","FSD040002","RSD110023","","","NULL_BOTH","","","NULL_BOTH","","25",""
"cmraox5kt01gao0v3ffk4m7gr","GMD/2026-27/066","LCC Projects Limited","SITC of double flanged Sluice Valve generally conforming to IS :780 / IS : 2906, (PN 1.0/1.6) with ISI Mark-and including SS Expansion Bellow500 mm dia. Sluice Valve","FSD040074","","","","NO_BOM_FOR_CODE","","","NULL_BOTH","","30",""
"cmraox5kt01gbo0v3tft9bnuz","GMD/2026-27/066","LCC Projects Limited","SITC of double flanged Sluice Valve generally conforming to IS :780 / IS : 2906, (PN 1.0/1.6) with ISI Mark-and including SS Expansion Bellow 600 mm dia. Sluice Valve","FSD040091","","","","NO_BOM_FOR_CODE","110725","","PRODUCT_NULL_BUT_COST_EXISTS","QR_MISMATCH exp~143942.5","30","143940.00"
"cmraox5kt01g7o0v3hzmbpb8y","GMD/2026-27/066","LCC Projects Limited","SITC of double flanged Sluice Valve generally conforming to IS :780 / IS : 2906, (PN 1.0/1.6) with ISI Mark-and including SS Expansion Bellow 250 mm dia. Sluice Valve","FSD040084","","","","NO_BOM_FOR_CODE","","","NULL_BOTH","","20",""
"cmraox5kt01g9o0v3pawq8koq","GMD/2026-27/066","LCC Projects Limited","SITC of double flanged Sluice Valve generally conforming to IS :780 / IS : 2906, (PN 1.0/1.6) with ISI Mark-and including SS Expansion Bellow 450 mm dia. Sluice Valve","FSD040159","","","","NO_BOM_FOR_CODE","","","NULL_BOTH","","20",""
"cmraox5kt01g6o0v3xlrhui1p","GMD/2026-27/066","LCC Projects Limited","SITC of double flanged Sluice Valve generally conforming to IS :780 / IS : 2906, (PN 1.0/1.6) with ISI Mark-and including SS Expansion Bellow 200 mm dia. Sluice Valve","FSC060011","RSD120003","1600","1600","MATCH","1728","1728","MATCH","QR_OK","493.17","10250.00"
"cmraox5kt01g5o0v3cz1o0e09","GMD/2026-27/066","LCC Projects Limited","Providing DI D/F Butterfly valves IS 13095 with ISI Mark (PN-1.0/1.6) as Isolation Valves 
 1000 mm dia.","FBD010161","FBC010161","","","NULL_BOTH","","","NULL_BOTH","","35",""
"cmraox5kt01g4o0v3g3dgged5","GMD/2026-27/066","LCC Projects Limited","Providing DI D/F Butterfly valves IS 13095 with ISI Mark (PN-1.0/1.6) as Isolation Valves 
 800 mm dia.","FBD010121","FBC010121","","","NULL_BOTH","","","NULL_BOTH","","35",""
"cmraox5kt01g8o0v376oqs6ro","GMD/2026-27/066","LCC Projects Limited","SITC of double flanged Sluice Valve generally conforming to IS :780 / IS : 2906, (PN 1.0/1.6) with ISI Mark-and including SS Expansion Bellow 350 mm dia. Sluice Valve","FSD040028","RSD130032","","","NULL_BOTH","","","NULL_BOTH","","20",""
"cmraox5lt01hjo0v38u78u28s","GMD/2026-27/070","LCC Projects Limited","Providing, lowering, aligning, fixing in position in pipe line, DI D/F resilient seated (soft seated) short body pattern type double eccentric Butterfly valves of approved make of following class & dia complete confirming to BS EN 593/ BS 5155/ IS 13095/1991 amended up to date and of followingClass PN 1.0, Motorised Operated700 mm dia","FBC010081","FBD020643","92200","92200","MATCH","99576","99576","MATCH","QR_MISMATCH exp~156324.4","56.99","156320.00"
"cmraox5lt01hso0v3o8wma1ub","GMD/2026-27/070","LCC Projects Limited","Providing, lowering, laying, aligning, fixing in position and jointing CI dismantling joint (Suitable for Sluice valves etc.) as per IS specifications complete of the following sizes including all jointing material, cost of all labour, testing and commissioning Technical Specifications and as per direction of Engineer. Class PN 1.0450 MM","FSD040159","","","","NO_BOM_FOR_CODE","","","NULL_BOTH","","20",""
"cmraox5lt01h5o0v3fbkjj1lg","GMD/2026-27/070","LCC Projects Limited","Manually Operated Butterfly Valve PN-1.0600 mm dia (With Gear Operated)","FBD010161","FBC010161","","","NULL_BOTH","","","NULL_BOTH","","35",""
"cmraox5lt01hno0v3rzrn947b","GMD/2026-27/070","LCC Projects Limited","Providing, lowering, laying, aligning, fixing in position and jointing CI dismantling joint (Suitable for Sluice valves etc.) as per IS specifications complete of the following sizes including all jointing material, cost of all labour, testing and commissioning Technical Specifications and as per direction of Engineer. Class PN 1.0200 MM","FSC060011","RSD120003","1600","1600","MATCH","1728","1728","MATCH","QR_OK","493.17","10250.00"
"cmraox5lt01hio0v3lc57ksl5","GMD/2026-27/070","LCC Projects Limited","Providing, lowering, aligning, fixing in position in pipe line, DI D/F resilient seated (soft seated) short body pattern type double eccentric Butterfly valves of approved make of following class & dia complete confirming to BS EN 593/ BS 5155/ IS 13095/1991 amended up to date and of followingClass PN 1.0, Motorised Operated600 mm dia","FBC010061","","","","NO_BOM_FOR_CODE","","","NULL_BOTH","","35",""
"cmraox5lt01gyo0v30231dv56","GMD/2026-27/070","LCC Projects Limited","Manually Operated CI Sluice valve of Class PN-1.0250 mm HW","FSD040084","","","","NO_BOM_FOR_CODE","","","NULL_BOTH","","20",""
"cmraox5lt01hro0v3xuo8smo4","GMD/2026-27/070","LCC Projects Limited","Providing, lowering, laying, aligning, fixing in position and jointing CI dismantling joint (Suitable for Sluice valves etc.) as per IS specifications complete of the following sizes including all jointing material, cost of all labour, testing and commissioning Technical Specifications and as per direction of Engineer. Class PN 1.0400 MM","FSD040037","","","","NO_BOM_FOR_CODE","","","NULL_BOTH","","20",""
"cmraox5lt01h3o0v3mvlrkmfe","GMD/2026-27/070","LCC Projects Limited","Manually Operated Butterfly Valve PN-1.0400 mm dia (With Gear Operated)","FBD010161","FBC010161","","","NULL_BOTH","","","NULL_BOTH","","35",""
"cmraox5lt01h6o0v3b3kjtgug","GMD/2026-27/070","LCC Projects Limited","Manually Operated Butterfly Valve PN-1.0700 mm dia (With Gear Operated)","FBD010161","FBC010161","","","NULL_BOTH","","","NULL_BOTH","","35",""
"cmraox5lt01h2o0v30li6a1gw","GMD/2026-27/070","LCC Projects Limited","Manually Operated Butterfly Valve PN-1.0250 mm dia","FBC010487","","","","NO_BOM_FOR_CODE","","","NULL_BOTH","","50",""
"cmraox5lt01gxo0v34z4mnlfe","GMD/2026-27/070","LCC Projects Limited","Manually Operated CI Sluice valve of Class PN-1.0200 mm HW (For Scouring)","FSC060011","RSD120003","1600","1600","MATCH","1728","1728","MATCH","QR_OK","493.17","10250.00"
"cmraox5lt01hmo0v3gv7x9es3","GMD/2026-27/070","LCC Projects Limited","Providing, lowering, laying, aligning, fixing in position and jointing CI dismantling joint (Suitable for Sluice valves etc.) as per IS specifications complete of the following sizes including all jointing material, cost of all labour, testing and commissioning Technical Specifications and as per direction of Engineer. Class PN 1.0150 MM","FSD040002","RSD110023","","","NULL_BOTH","","","NULL_BOTH","","25",""
"cmraox5lt01hko0v3dhyr8at0","GMD/2026-27/070","LCC Projects Limited","Providing, lowering, aligning, fixing in position in pipe line, DI D/F resilient seated (soft seated) short body pattern type double eccentric Butterfly valves of approved make of following class & dia complete confirming to BS EN 593/ BS 5155/ IS 13095/1991 amended up to date and of followingClass PN 1.0, Motorised Operated1200 mm dia","FBC010201","","","","NO_BOM_FOR_CODE","","","NULL_BOTH","","65",""
"cmraox5lt01hoo0v3310sb8r7","GMD/2026-27/070","LCC Projects Limited","Providing, lowering, laying, aligning, fixing in position and jointing CI dismantling joint (Suitable for Sluice valves etc.) as per IS specifications complete of the following sizes including all jointing material, cost of all labour, testing and commissioning Technical Specifications and as per direction of Engineer. Class PN 1.0250 MM","FSD040084","","","","NO_BOM_FOR_CODE","","","NULL_BOTH","","20",""
"cmraox5ls01gio0v3mqakh06c","GMD/2026-27/068","ALCON CONSULTING ENGINEERS (INDIA) PVT LTD","Surge control Valve PN - 10.0400dia (mm)","FCF180005","","","","NO_BOM_FOR_CODE","","","NULL_BOTH","","200",""
"cmraox5lt01hlo0v35xb6m0rx","GMD/2026-27/070","LCC Projects Limited","Providing, lowering, laying, aligning, fixing in position and jointing CI dismantling joint (Suitable for Sluice valves etc.) as per IS specifications complete of the following sizes including all jointing material, cost of all labour, testing and commissioning Technical Specifications and as per direction of Engineer. Class PN 1.0100 MM","FSD040001","RSD110001","","","NULL_BOTH","","","NULL_BOTH","","25",""
"cmraox5lt01h1o0v3m464a2bz","GMD/2026-27/070","LCC Projects Limited","Motorized Sluice Valves with Electric Actuator with integral starter of Class PN 1.0200 mm dia","FSD040020","","","","NO_BOM_FOR_CODE","58294","","PRODUCT_NULL_BUT_COST_EXISTS","QR_MISMATCH exp~72867.5","25","72870.00"
"cmraox5lt01hpo0v3fgefnvkb","GMD/2026-27/070","LCC Projects Limited","Providing, lowering, laying, aligning, fixing in position and jointing CI dismantling joint (Suitable for Sluice valves etc.) as per IS specifications complete of the following sizes including all jointing material, cost of all labour, testing and commissioning Technical Specifications and as per direction of Engineer. Class PN 1.0300 MM","FSD040003","RCB040002","","","NULL_BOTH","","","NULL_BOTH","","20",""
"cmraox5lt01hho0v323lamcmk","GMD/2026-27/070","LCC Projects Limited","Providing, lowering, aligning, fixing in position in pipe line, DI D/F resilient seated (soft seated) short body pattern type double eccentric Butterfly valves of approved make of following class & dia complete confirming to BS EN 593/ BS 5155/ IS 13095/1991 amended up to date and of followingClass PN 1.0, Motorised Operated500 mm dia","FBC010041","","","","NO_BOM_FOR_CODE","17000","","PRODUCT_NULL_BUT_COST_EXISTS","QR_OK","35","22950.00"
"cmraox5lt01hqo0v36mm5a5fd","GMD/2026-27/070","LCC Projects Limited","Providing, lowering, laying, aligning, fixing in position and jointing CI dismantling joint (Suitable for Sluice valves etc.) as per IS specifications complete of the following sizes including all jointing material, cost of all labour, testing and commissioning Technical Specifications and as per direction of Engineer. Class PN 1.0350 MM","FSD040028","RSD130032","","","NULL_BOTH","","","NULL_BOTH","","20",""
"cmraox5lt01hto0v3dcvx7239","GMD/2026-27/070","LCC Projects Limited","Providing, lowering, laying, aligning, fixing in position and jointing CI dismantling joint (Suitable for Sluice valves etc.) as per IS specifications complete of the following sizes including all jointing material, cost of all labour, testing and commissioning Technical Specifications and as per direction of Engineer. Class PN 1.0600 MM","FSD040091","","","","NO_BOM_FOR_CODE","110725","","PRODUCT_NULL_BUT_COST_EXISTS","QR_MISMATCH exp~143942.5","30","143940.00"
"cmraox5ud01iwo0v3xiz674hm","GMD/2026-27/071","Maxwell Project Private Limited","Manual Ball On-Off Valves MOC- (SS-304) (with out spare) Socket End #150 -WEDGE/DISC/BALL-SS-30465 NB x PN-10","FCE070023","FBD010509","378.5833333333333","378.5833333333333","MATCH","408.87","408.87","MATCH","QR_OK","2250.38","9610.00"
"cmraox5ud01jbo0v36rquxwj1","GMD/2026-27/071","Maxwell Project Private Limited","Manual Ball On-Off Valves MOC- (SS-316) (with out spare)Flanged End #150 -WEDGE/DISC/BALL-SS-SS-31640 NB x PN-10","FCE070023","FBD010509","378.5833333333333","378.5833333333333","MATCH","408.87","408.87","MATCH","QR_OK","2250.38","9610.00"
"cmraox5ud01izo0v365bj8d47","GMD/2026-27/071","Maxwell Project Private Limited","Manual Ball On-Off Valves MOC- (SS-316) (with out spare) ANSI B16.5 #150 -WEDGE/DISC/BALL-SS-SS-31625 NB x PN-10","FCE070023","FBD010509","378.5833333333333","378.5833333333333","MATCH","408.87","408.87","MATCH","QR_OK","2250.38","9610.00"
"cmraox5ud01iuo0v3acs3fe8s","GMD/2026-27/071","Maxwell Project Private Limited","Manual Ball On-Off Valves MOC- (SS-304) (with out spare) Socket End #150 -WEDGE/DISC/BALL-SS-30425 NB x PN-10","FCE070023","FBD010509","378.5833333333333","378.5833333333333","MATCH","408.87","408.87","MATCH","QR_OK","2250.38","9610.00"
"cmraox5ud01ivo0v30tg4ny32","GMD/2026-27/071","Maxwell Project Private Limited","Manual Ball On-Off Valves MOC- (SS-304) (with out spare) Socket End #150 -WEDGE/DISC/BALL-SS-30440 NB x PN-10","FCE070023","FBD010509","378.5833333333333","378.5833333333333","MATCH","408.87","408.87","MATCH","QR_OK","2250.38","9610.00"
"cmraox5ud01ito0v3ghuzoizi","GMD/2026-27/071","Maxwell Project Private Limited","Manual Ball On-Off Valves MOC- (SS-304) (with out spare) Socket End #150 -WEDGE/DISC/BALL-SS-30415 NB x PN-10","FCE070023","FBD010509","378.5833333333333","378.5833333333333","MATCH","408.87","408.87","MATCH","QR_OK","2250.38","9610.00"
"cmraox5ud01ixo0v3xlg5fo44","GMD/2026-27/071","Maxwell Project Private Limited","Manual Ball On-Off Valves MOC- (SS-304) (with out spare) Socket End #150 -WEDGE/DISC/BALL-SS-304100 NB x PN-10","FCE070023","FBD010509","378.5833333333333","378.5833333333333","MATCH","408.87","408.87","MATCH","QR_OK","2250.38","9610.00"
"cmraox5ud01j1o0v3g23q6dkd","GMD/2026-27/071","Maxwell Project Private Limited","Manual Ball On-Off Valves MOC- (SS-316) (with out spare) ANSI B16.5 #150 -WEDGE/DISC/BALL-SS-SS-31665 NB x PN-10","FCE070023","FBD010509","378.5833333333333","378.5833333333333","MATCH","408.87","408.87","MATCH","QR_OK","2250.38","9610.00"
"cmraox5ud01j2o0v3jgxgsodj","GMD/2026-27/071","Maxwell Project Private Limited","Manual Ball On-Off Valves MOC- (SS-316) (with out spare) ANSI B16.5 #150 -WEDGE/DISC/BALL-SS-SS-316100 NB x PN-10","FCE070023","FBD010509","378.5833333333333","378.5833333333333","MATCH","408.87","408.87","MATCH","QR_OK","2250.38","9610.00"
"cmraox5ud01iyo0v3chc2jnfn","GMD/2026-27/071","Maxwell Project Private Limited","Manual Ball On-Off Valves MOC- (SS-316) (with out spare) ANSI B16.5 #150 -WEDGE/DISC/BALL-SS-SS-31615 NB x PN-10","FCE070023","FBD010509","378.5833333333333","378.5833333333333","MATCH","408.87","408.87","MATCH","QR_OK","2250.38","9610.00"
"cmraox5ud01j0o0v3qkiereo8","GMD/2026-27/071","Maxwell Project Private Limited","Manual Ball On-Off Valves MOC- (SS-316) (with out spare) ANSI B16.5 #150 -WEDGE/DISC/BALL-SS-SS-31640 NB x PN-10","FCE070023","FBD010509","378.5833333333333","378.5833333333333","MATCH","408.87","408.87","MATCH","QR_OK","2250.38","9610.00"
"cmraox68g01kvo0v3utx7qfhg","GMD/2026-27/084","LARSEN AND TOUBRO LTD","6CL3M0AW0000000-VALVE BODY; FOR BUTTERFLY VALVES; CLASS :- PN 16; DIAMETER :- DN 300 mm;","FBC020511","","","","NO_BOM_FOR_CODE","","","NULL_BOTH","","50",""
"cmraox69201muo0v3nrnof9zb","GMD/2026-27/083","LARSEN AND TOUBRO LTD","6CL3M0AW0000000-VALVE BODY; FOR BUTTERFLY VALVES; CLASS :- PN 16; DIAMETER :- DN 300 mm;","FBC020511","","","","NO_BOM_FOR_CODE","","","NULL_BOTH","","50",""
"cmraox69101mlo0v3m4ahj2mv","GMD/2026-27/082","LARSEN AND TOUBRO LTD","6CL3M0AW0000000-VALVE BODY; FOR BUTTERFLY VALVES; CLASS :- PN 16;
DIAMETER :- DN 300 mm;","FBC020511","","","","NO_BOM_FOR_CODE","","","NULL_BOTH","","50",""
"cmraox6it01opo0v3tqxflv9z","GMD/2026-27/087","KALPATARU PROJECTS INTERNATIONAL LIMITED","Manual Sluice ValveNOMINAL DIA
 (MM)50PN 10","FSD040038","RSD130008","","","NULL_BOTH","","","NULL_BOTH","","25",""
"cmraox6it01oqo0v3h0yxwc6o","GMD/2026-27/087","KALPATARU PROJECTS INTERNATIONAL LIMITED","Manual Sluice ValveNOMINAL DIA
 (MM)80PN 10","FSD040044","RSD110042","","","NULL_BOTH","","","NULL_BOTH","","25",""
"cmraox6it01olo0v3ys2nib6x","GMD/2026-27/087","KALPATARU PROJECTS INTERNATIONAL LIMITED","Motorized Sluice ValveNOMINAL DIA
 (MM)80PN 16","FSD040017","","","","NO_BOM_FOR_CODE","54405","","PRODUCT_NULL_BUT_COST_EXISTS","QR_MISMATCH exp~68006.3","25","68010.00"
"cmraox6it01p2o0v3yqsj34no","GMD/2026-27/087","KALPATARU PROJECTS INTERNATIONAL LIMITED","Air Valve with sluice valveNOMINAL DIA
 (MM)50PN 10","FSD040038","RSD130008","","","NULL_BOTH","","","NULL_BOTH","","25",""
"cmraox6it01p0o0v38kew5lh4","GMD/2026-27/087","KALPATARU PROJECTS INTERNATIONAL LIMITED","Air Valve with sluice valveNOMINAL DIA
 (MM)40PN 10","FSD040049","RSD120013","","","NULL_BOTH","","","NULL_BOTH","","25",""
"cmraox6it01oko0v3z7ksr9v7","GMD/2026-27/087","KALPATARU PROJECTS INTERNATIONAL LIMITED","Motorized Sluice ValveNOMINAL DIA
 (MM)50PN 10","FSD040097","","","","NO_BOM_FOR_CODE","","","NULL_BOTH","","25",""
"cmraox6it01p1o0v30xj0uk0c","GMD/2026-27/087","KALPATARU PROJECTS INTERNATIONAL LIMITED","Air Valve with sluice valveNOMINAL DIA
 (MM)40PN 16","FSD040049","RSD120013","","","NULL_BOTH","","","NULL_BOTH","","25",""
"cmraox6it01ooo0v349042r6v","GMD/2026-27/087","KALPATARU PROJECTS INTERNATIONAL LIMITED","Motorized Sluice ValveNOMINAL DIA
 (MM)250PN 16","FSD040084","","","","NO_BOM_FOR_CODE","","","NULL_BOTH","","20",""
"cmraox6it01ono0v3kh5b3ehk","GMD/2026-27/087","KALPATARU PROJECTS INTERNATIONAL LIMITED","Motorized Sluice ValveNOMINAL DIA
 (MM)200PN 16","FSD040020","","","","NO_BOM_FOR_CODE","58294","","PRODUCT_NULL_BUT_COST_EXISTS","QR_MISMATCH exp~72867.5","25","72870.00"
"cmraox6it01oyo0v3ihbd8f2e","GMD/2026-27/087","KALPATARU PROJECTS INTERNATIONAL LIMITED","Butterfly ValveNOMINAL DIA
 (MM)200PN 16","FBC010486","","","","NO_BOM_FOR_CODE","","","NULL_BOTH","","50",""
"cmraox6it01omo0v34q0qaej5","GMD/2026-27/087","KALPATARU PROJECTS INTERNATIONAL LIMITED","Motorized Sluice ValveNOMINAL DIA
 (MM)100PN 10","FSD040018","","","","NO_BOM_FOR_CODE","","","NULL_BOTH","","25",""
"cmraox6it01ozo0v3q20yz597","GMD/2026-27/087","KALPATARU PROJECTS INTERNATIONAL LIMITED","Butterfly ValveNOMINAL DIA
 (MM)250PN 16","FBC010487","","","","NO_BOM_FOR_CODE","","","NULL_BOTH","","50",""
"cmraox6it01oxo0v3xkj25okc","GMD/2026-27/087","KALPATARU PROJECTS INTERNATIONAL LIMITED","Butterfly ValveNOMINAL DIA
 (MM)100PN 16","FBD010525","RED140002","","","NULL_BOTH","","","NULL_BOTH","","50",""
"cmraox6it01oso0v3xu8gimxd","GMD/2026-27/087","KALPATARU PROJECTS INTERNATIONAL LIMITED","Manual Sluice ValveNOMINAL DIA
 (MM)200PN 10","FSC060011","RSD120003","1600","1600","MATCH","1728","1728","MATCH","QR_OK","493.17","10250.00"
"cmraox6it01oro0v3yvcqvchx","GMD/2026-27/087","KALPATARU PROJECTS INTERNATIONAL LIMITED","Manual Sluice ValveNOMINAL DIA
 (MM)150PN 10","FSD040002","RSD110023","","","NULL_BOTH","","","NULL_BOTH","","25",""
"cmraox6kp01q8o0v39j571jgz","GMD/2026-27/092","LCC Projects Limited","Supply & Installation of Valves - Supply, procurement and transportation to worksite(s)/workshop(s) including loading, unloading, handling and installation for the following materials by the Contractor as per the requirement of data-sheet, scope of work, specifications and applicable addendum (if any), standards, instructions of Owner/ Engineer-in-Charge and other provisions of Contract. Supply of all the valves (including commissioning spares (as applicable)) as per EIL Specification No. 6-44-0052 (Technical notes for valves) & their addendum (if any), Job Specifications, Data sheets & any other information, as per the following details: 1) Air Valves as per IS-14845, Manufacturing and supplying, Providing and Installing of Combination Type Temper Proof (Kinetic Air Valve), To be installed at all peak elevations, with maximum 600m distance between successive valves. 8"" (200 mm) , Body-Grey Cast Iron, Internals & Trim material: Bronze, PN 1.6.","FDC040021","","","","NO_BOM_FOR_CODE","","","NULL_BOTH","","35",""
"cmraox6tc01rdo0v3p6ikz2m1","GMD/2026-27/097","NCC LIMITED","Providing, supplying ISI mark Ductile Iron (DI) D/F below specified diameter of PN 1.6 Butterfly Valves with Expansion (PN 1.6) Bellow as per 1S:13095
 (latest revision/amendment) 800m dia","FBD010121","FBC010121","","","NULL_BOTH","","","NULL_BOTH","","35",""
"cmraox6tc01rfo0v3c1piqipl","GMD/2026-27/097","NCC LIMITED","Providing, supplying ISI mark P.N.1.6 with hand wheel/cap operated (PD type short body) Ductile Iron (DI) D/F Sluice Valves with Expansion (PN 1.6)
 Bellow as per IS:14846 (latest revision/amendment) 400mm","FSC030339","","","","NO_BOM_FOR_CODE","","","NULL_BOTH","","35",""
"cmraox6ta01rbo0v3qv62f8ng","GMD/2026-27/095","KALPATARU PROJECTS INTERNATIONAL LIMITED","NRV,DI,PVC,3IN,PN10","FCF090034","RND010004","","","NULL_BOTH","","","NULL_BOTH","","200",""
"cmraox6tc01reo0v3s016mxhx","GMD/2026-27/097","NCC LIMITED","Providing, supplying ISI mark P.N.1.6 with hand wheel/cap operated (PD type short body) Ductile Iron (DI) D/F Sluice Valves with Expansion (PN 1.6)
 Bellow as per IS:14846 (latest revision/amendment) 450mm","FSC030362","","","","NO_BOM_FOR_CODE","","","NULL_BOTH","","35",""
"cmraox6tb01rco0v3uikqysoz","GMD/2026-27/097","NCC LIMITED","Providing, supplying ISI mark Ductile Iron (DI) D/F below specified diameter of PN 1.6 Butterfly Valves with Expansion (PN 1.6) Bellow as per 1S:13095
 (latest revision/amendment) 2400mm dia","FBC010441","","","","NO_BOM_FOR_CODE","","","NULL_BOTH","","65",""
"cmraox78401wao0v3cc8rje9o","GMD/2026-27/112","Shapoorji Pallonji And Company Private Limited","Check valve-Dual plate wafer luggedSize(NB) Class
 150","FCG010052","","","","NO_BOM_FOR_CODE","","","NULL_BOTH","","200",""
"cmraox78401x7o0v3edsjwvox","GMD/2026-27/113","Krishna Construction Co.","Providing & erecting Ductile Iron D/F Butterfly valves IS 13095 with ISI Mark (PN-1.6) 300 mm Dia 350 mm Dia","FBC020511","","","","NO_BOM_FOR_CODE","","","NULL_BOTH","","50",""
"cmraox78401xco0v3de9qmvep","GMD/2026-27/113","Krishna Construction Co.","SITC of double flanged Gear Operated Sluice Valve generally conforming to IS :780 / IS : 2906, Sluice valves as per IS :780 / IS : 2906 (PN 1.6) with ISI Mark-Gear operated and including SS Expansion Bellow 350 mm Dia Sluice Valve","FSD040073","","","","NO_BOM_FOR_CODE","","","NULL_BOTH","","20",""
"cmraox78401x9o0v32geys575","GMD/2026-27/113","Krishna Construction Co.","Providing & erecting Ductile Iron D/F Butterfly valves IS 13095 with ISI Mark (PN-1.6) 900 mm Dia","FBD010141","","","","NO_BOM_FOR_CODE","","","NULL_BOTH","","35",""
"cmraox78401x6o0v384fz96nv","GMD/2026-27/113","Krishna Construction Co.","Providing & erecting Ductile Iron D/F Butterfly valves IS 13095 with ISI Mark (PN-1.6) 300 mm Dia","FBC020511","","","","NO_BOM_FOR_CODE","","","NULL_BOTH","","50",""
"cmraox78401xbo0v3ekf7wc38","GMD/2026-27/113","Krishna Construction Co.","SITC of double flanged Gear Operated Sluice Valve generally conforming to IS :780 / IS : 2906, Sluice valves as per IS :780 / IS : 2906 (PN 1.6) with ISI Mark-Gear operated and including SS Expansion Bellow 150 mm Dia Sluice Valve","FSD040069","","","","NO_BOM_FOR_CODE","","","NULL_BOTH","","25",""
"cmraox78401xao0v3mwslhpy3","GMD/2026-27/113","Krishna Construction Co.","SITC of double flanged Gear Operated Sluice Valve generally conforming to IS :780 / IS : 2906, Sluice valves as per IS :780 / IS : 2906 (PN 1.6) with ISI Mark-Gear operated and including SS Expansion Bellow 125 mm Dia Sluice Valve","FSD040068","","","","NO_BOM_FOR_CODE","","","NULL_BOTH","","25",""
"cmraox7c701xso0v3tpru4lcj","GMD/2026-27/114","CLASSIC NETWORK PVT LTD","Providing & erecting Ductile Iron D/F Butterfly valves IS 13095 with ISI Mark (PN-1.6) 350 mm Dia","FBC020489","","","","NO_BOM_FOR_CODE","","","NULL_BOTH","","50",""
"cmraox7c701xwo0v3a9glqxpj","GMD/2026-27/114","CLASSIC NETWORK PVT LTD","SITC of double flanged Gear Operated Sluice Valve generally conforming to IS :780 / IS : 2906, Sluice valves as per IS :780 / IS : 2906 (PN 1.6) with ISI Mark-Gear operated150 mm Dia Sluice Valve","FSD040069","","","","NO_BOM_FOR_CODE","","","NULL_BOTH","","25",""
"cmraox7c701xvo0v3yveox6ff","GMD/2026-27/114","CLASSIC NETWORK PVT LTD","SITC of double flanged Gear Operated Sluice Valve generally conforming to IS :780 / IS : 2906, Sluice valves as per IS :780 / IS : 2906 (PN 1.6) with ISI Mark-Gear operated125 mm Dia Sluice Valve","FSD040068","","","","NO_BOM_FOR_CODE","","","NULL_BOTH","","25",""
"cmraox7c701xuo0v3g3moqwnk","GMD/2026-27/114","CLASSIC NETWORK PVT LTD","Providing & erecting Ductile Iron D/F Butterfly valves IS 13095 with ISI Mark (PN-1.6) 900 mm Dia","FBD010141","","","","NO_BOM_FOR_CODE","","","NULL_BOTH","","35",""
"cmraox7c701xxo0v3jybu5lgp","GMD/2026-27/114","CLASSIC NETWORK PVT LTD","SITC of double flanged Gear Operated Sluice Valve generally conforming to IS :780 / IS : 2906, Sluice valves as per IS :780 / IS : 2906 (PN 1.6) with ISI Mark-Gear operated350 mm Dia Sluice Valve","FSD040073","","","","NO_BOM_FOR_CODE","","","NULL_BOTH","","20",""
"cmraox7c701xro0v3z951ip9h","GMD/2026-27/114","CLASSIC NETWORK PVT LTD","Providing & erecting Ductile Iron D/F Butterfly valves IS 13095 with ISI Mark (PN-1.6) 300 mm Dia","FBC020511","","","","NO_BOM_FOR_CODE","","","NULL_BOTH","","50",""
"cmraox7ju01zvo0v38n53tyet","GMD/2026-27/122","GA INFRA PVT LTD","Globe Valve, Outside Screwed, Rising Spindle Type with Stem and GM Seat Ring complete with Back seat, Indicator arrangement, PN 16, SIZE 150 MM NB","FCE020004","","","","NO_BOM_FOR_CODE","","","NULL_BOTH","","40",""
"cmraox7ju01zpo0v3d939kmgc","GMD/2026-27/122","GA INFRA PVT LTD","Globe Valve, Outside Screwed, Rising Spindle Type with Stem and GM Seat Ring complete with Back seat, Indicator arrangement, PN 10, SIZE 65 MM NB","FCE020009","","","","NO_BOM_FOR_CODE","","","NULL_BOTH","","40",""
"cmraox7ju01zuo0v3h6jr0bvu","GMD/2026-27/122","GA INFRA PVT LTD","Globe Valve, Outside Screwed, Rising Spindle Type with Stem and GM Seat Ring complete with Back seat, Indicator arrangement, PN 10, SIZE 150 MM NB","FCE020004","","","","NO_BOM_FOR_CODE","","","NULL_BOTH","","40",""
"cmraox7ju01zro0v3308wfntf","GMD/2026-27/122","GA INFRA PVT LTD","Globe Valve, Outside Screwed, Rising Spindle Type with Stem and GM Seat Ring complete with Back seat, Indicator arrangement, PN 10, SIZE 100 MM NB","FCE020002","","","","NO_BOM_FOR_CODE","","","NULL_BOTH","","40",""
"cmraox7ju01zto0v3vyug9j2w","GMD/2026-27/122","GA INFRA PVT LTD","Globe Valve, Outside Screwed, Rising Spindle Type with Stem and GM Seat Ring complete with Back seat, Indicator arrangement, PN 10, SIZE 125 MM NB","FCE020003","","","","NO_BOM_FOR_CODE","","","NULL_BOTH","","40",""
"cmraox7ju01zso0v3r7uj5qnt","GMD/2026-27/122","GA INFRA PVT LTD","Globe Valve, Outside Screwed, Rising Spindle Type with Stem and GM Seat Ring complete with Back seat, Indicator arrangement, PN 16, SIZE 100 MM NB","FCE020002","","","","NO_BOM_FOR_CODE","","","NULL_BOTH","","40",""
"cmraox7ju01zqo0v34uk2bhla","GMD/2026-27/122","GA INFRA PVT LTD","Globe Valve, Outside Screwed, Rising Spindle Type with Stem and GM Seat Ring complete with Back seat, Indicator arrangement, PN 10, SIZE 80 MM NB","FCE020001","","","","NO_BOM_FOR_CODE","","","NULL_BOTH","","40",""
"cmraox7vi022co0v3tl3gt3bo","GMD/2026-27/133","LCC Projects Limited","Providing, supplying & Erection ISI mark P.N.1.6 with hand wheel/cap operated (PD type short body) Ductile Iron (DI) D/F Sluice Valves with Expansion (PN 1.6) Bellow as per IS:14846 (latest revision/amendment) 450mm Dia","FSC030362","","","","NO_BOM_FOR_CODE","","","NULL_BOTH","","35",""
"cmraox7vi022bo0v305jzuajv","GMD/2026-27/133","LCC Projects Limited","Providing, supplying & Erection ISI mark Ductile Iron (DI) D/F below specified diameter of PN 1.6 Butterfly Valves with Expansion (PN 1.6) Bellow as per 1S:13095 (latest revision/amendment) 800mm Dia","FBD010121","FBC010121","","","NULL_BOTH","","","NULL_BOTH","","35",""
"cmraox7vi022do0v3p7l6jzzp","GMD/2026-27/133","LCC Projects Limited","Providing, supplying & Erection ISI mark P.N.1.6 with hand wheel/cap operated (PD type short body) Ductile Iron (DI) D/F Sluice Valves with Expansion (PN 1.6) Bellow as per IS:14846 (latest revision/amendment) 400mm Dia","FSC030339","","","","NO_BOM_FOR_CODE","","","NULL_BOTH","","35",""
"cmraox7vi022ao0v3hj3oc079","GMD/2026-27/133","LCC Projects Limited","Providing, supplying & Erection ISI mark Ductile Iron (DI) D/F below specified diameter of PN 1.6 Butterfly Valves with Expansion (PN 1.6) Bellow as per 1S:13095 (latest revision/amendment) 2400mm Dia","FBC010441","","","","NO_BOM_FOR_CODE","","","NULL_BOTH","","65",""
"cmraox7z4023no0v3jjbw7w4r","GMD/2026-27/134","JSIW INFRASTRUCTURE PVT. LTD.","Providing, supplying & Erection ISI mark Ductile Iron (DI) D/F below specified diameter of PN 1.6 Butterfly Valves with Expansion (PN 1.6) Bellow as per 1S:13095 (latest revision/amendment) 2400mm Dia","FBC010441","","","","NO_BOM_FOR_CODE","","","NULL_BOTH","","65",""
"cmraox7z4023po0v3c75muipu","GMD/2026-27/134","JSIW INFRASTRUCTURE PVT. LTD.","Providing, supplying & Erection ISI mark P.N.1.6 with hand wheel/cap operated (PD type short body) Ductile Iron (DI) D/F Sluice Valves with Expansion (PN 1.6) Bellow as per IS:14846 (latest revision/amendment) 450mm Dia","FSC030362","","","","NO_BOM_FOR_CODE","","","NULL_BOTH","","35",""
"cmraox7z4023qo0v30owf4aoc","GMD/2026-27/134","JSIW INFRASTRUCTURE PVT. LTD.","Providing, supplying & Erection ISI mark P.N.1.6 with hand wheel/cap operated (PD type short body) Ductile Iron (DI) D/F Sluice Valves with Expansion (PN 1.6) Bellow as per IS:14846 (latest revision/amendment) 400mm Dia","FSC030339","","","","NO_BOM_FOR_CODE","","","NULL_BOTH","","35",""
"cmraox7z4023oo0v387i1oeq6","GMD/2026-27/134","JSIW INFRASTRUCTURE PVT. LTD.","Providing, supplying & Erection ISI mark Ductile Iron (DI) D/F below specified diameter of PN 1.6 Butterfly Valves with Expansion (PN 1.6) Bellow as per 1S:13095 (latest revision/amendment) 800mm Dia","FBD010121","FBC010121","","","NULL_BOTH","","","NULL_BOTH","","35",""
"cmraox89o025mo0v3n2gopcvf","GMD/2026-27/145","H C JAIN ENGINEERING PVT LTD","DI DF SLUICE VALVE PN 1.0 RESIILIENT SEATED 250mm","FSD040084","","","","NO_BOM_FOR_CODE","","","NULL_BOTH","","20","21200.00"
"cmraox89o025bo0v3ym9kf1im","GMD/2026-27/144","Gurumaharaj Engicon Pvt.Ltd.","Tamper Proof Combination Air Valve PN-10, DI-100mm","FDC040013","FTD050018","5421","5421","MATCH","5854.68","5854.68","MATCH","QR_OK","41.77","8300.00"
"cmraox89o025go0v3jzvkgbd8","GMD/2026-27/144","Gurumaharaj Engicon Pvt.Ltd.","Tamper Proof Combination Air Valve PN-10, DI-80mm","FDC040009","FTD050023","2800","141.90625","MISMATCH diff=2658.09","3024","3024","MATCH","QR_OK","138.1","7200.00"
"cmraox89o025ao0v323y4fncg","GMD/2026-27/144","Gurumaharaj Engicon Pvt.Ltd.","Tamper Proof Combination Air Valve PN-10, DI-150mm","FDC040017","FBD010509","378.5833333333333","378.5833333333333","MATCH","408.87","408.87","MATCH","QR_OK","3739.85","15700.00"
"cmraox89o025no0v3qh3o9hjg","GMD/2026-27/145","H C JAIN ENGINEERING PVT LTD","DI DF SLUICE VALVE PN 1.0 RESIILIENT SEATED 300mm","FSD040003","RCB040002","","","NULL_BOTH","","","NULL_BOTH","","20","16800.00"
"cmraox8a20262o0v3owdnj0gv","GMD/2026-27/149","YAHA WATER SYSTEMS PRIVATE LIMITED","AIR VALVE - DI - PN - 10, 80 MM SIZE","FDC040009","FTD050023","2800","141.90625","MISMATCH diff=2658.09","3024","3024","MATCH","QR_OK","34.92","4080.00"
"cmraox8iu028xo0v3ksq409e2","GMD/2026-27/152","KALPATARU PROJECTS INTERNATIONAL LIMITED","Butterfly valveMotorised200DiaPN 16","FBD020487","","","","NO_BOM_FOR_CODE","36802.9006","","PRODUCT_NULL_BUT_COST_EXISTS","QR_MISMATCH exp~55200.7","49.99","55200.00"
"cmraox8iu0298o0v30izpoohq","GMD/2026-27/152","KALPATARU PROJECTS INTERNATIONAL LIMITED","NRVSingle door, drip tight closure with external weight80DiaPN 16","FCF090034","RND010004","","","NULL_BOTH","","","NULL_BOTH","","200",""
"cmraox8iu028wo0v30t53bvti","GMD/2026-27/152","KALPATARU PROJECTS INTERNATIONAL LIMITED","Butterfly valveMotorised100DiaPN 16","FBD010488","","","","NO_BOM_FOR_CODE","","","NULL_BOTH","","50",""
"cmraox8iu0296o0v3f7ugm88n","GMD/2026-27/152","KALPATARU PROJECTS INTERNATIONAL LIMITED","NRVSingle door, drip tight closure with external weight200DiaPN 16","FCE080028","","","","NO_BOM_FOR_CODE","","","NULL_BOTH","","200",""
"cmraox8iv02a2o0v3trn1ylzx","GMD/2026-27/153","KRISHNA CORPINDIA PRIVATE LIMITED","Providing, supplying & Erection ISI mark P.N.1.6 with hand wheel/cap operated (PD type short body) Ductile Iron (DI) D/F Sluice Valves with Expansion (PN 1.6) Bellow as per IS:14846 (latest revision/amendment) of 450mm Dia","FSC030362","","","","NO_BOM_FOR_CODE","","","NULL_BOTH","","35",""
"cmraox8iu029co0v3ns2hyl4l","GMD/2026-27/152","KALPATARU PROJECTS INTERNATIONAL LIMITED","NRVSingle door, drip tight closure with external weight150DiaPN 16","FCF090032","RNC010004","","","NULL_BOTH","","","NULL_BOTH","","200",""
"cmraox8iu029ao0v3ppwlqbl6","GMD/2026-27/152","KALPATARU PROJECTS INTERNATIONAL LIMITED","NRVSingle door, drip tight closure with external weight100DiaPN 25","FCF090076","","","","NO_BOM_FOR_CODE","","","NULL_BOTH","","200",""
"cmraox8iu0294o0v31hwkixb2","GMD/2026-27/152","KALPATARU PROJECTS INTERNATIONAL LIMITED","NRVSingle door, drip tight closure with external weight200DiaPN 16","FCE080028","","","","NO_BOM_FOR_CODE","","","NULL_BOTH","","200",""
"cmraox8iu029ro0v32mnsr0en","GMD/2026-27/152","KALPATARU PROJECTS INTERNATIONAL LIMITED","Air ValveVaccum break type150DiaPN 25","FDC040019","FBD010509","378.5833333333333","378.5833333333333","MATCH","408.87","408.87","MATCH","QR_OK","2015.59","8650.00"
"cmraox8iu0297o0v3uvydazri","GMD/2026-27/152","KALPATARU PROJECTS INTERNATIONAL LIMITED","NRVSingle door, drip tight closure with external weight200DiaPN 16","FCE080028","","","","NO_BOM_FOR_CODE","","","NULL_BOTH","","200",""
"cmraox8iu028to0v3yx4zw5yh","GMD/2026-27/152","KALPATARU PROJECTS INTERNATIONAL LIMITED","Butterfly valveMotorised350DiaPN 16","FBD020495","","","","NO_BOM_FOR_CODE","","","NULL_BOTH","","50",""
"cmraox8iv02a4o0v3p08xcw7b","GMD/2026-27/153","KRISHNA CORPINDIA PRIVATE LIMITED","Providing, supplying & Erection ISI mark P.N.1.6 with hand wheel/cap operated (PD type short body) Ductile Iron (DI) D/F Sluice Valves with Expansion (PN 1.6) Bellow as per IS:14846 (latest revision/amendment) of 300mm Dia","FSC030271","","","","NO_BOM_FOR_CODE","","","NULL_BOTH","","35",""
"cmraox8iv02a1o0v3de4y7zsm","GMD/2026-27/153","KRISHNA CORPINDIA PRIVATE LIMITED","Providing, supplying & Erection ISI mark Ductile Iron (DI) D/F below specified diameter of PN
 1.6 Butterfly Valves with Expansion (PN 1.6) Bellow as per 1S:13095 (latest
 revision/amendment) 800mm Dia","FBD010121","FBC010121","","","NULL_BOTH","","","NULL_BOTH","","35",""
"cmraox8iu029do0v3e6ni7vrm","GMD/2026-27/152","KALPATARU PROJECTS INTERNATIONAL LIMITED","NRVSingle door, drip tight closure with external weight150DiaPN 16","FCF090032","RNC010004","","","NULL_BOTH","","","NULL_BOTH","","200",""
"cmraox8iu029eo0v3tdo4tx1y","GMD/2026-27/152","KALPATARU PROJECTS INTERNATIONAL LIMITED","NRVSingle door, drip tight closure with external weight200DiaPN 16","FCE080028","","","","NO_BOM_FOR_CODE","","","NULL_BOTH","","200",""
"cmraox8iu0291o0v33r84yola","GMD/2026-27/152","KALPATARU PROJECTS INTERNATIONAL LIMITED","Butterfly type - Flow control valveMotorised, with inching350DiaPN 16","FBD020495","","","","NO_BOM_FOR_CODE","","","NULL_BOTH","","50",""
"cmraox8iu028vo0v3t0wy94l9","GMD/2026-27/152","KALPATARU PROJECTS INTERNATIONAL LIMITED","Butterfly valveMotorised600DiaPN 16","FBC010061","","","","NO_BOM_FOR_CODE","","","NULL_BOTH","","35",""
"cmraox8iv02a0o0v3uoxaxmyx","GMD/2026-27/153","KRISHNA CORPINDIA PRIVATE LIMITED","Providing, supplying & Erection ISI mark Ductile Iron (DI) D/F below specified diameter of PN
 1.6 Butterfly Valves with Expansion (PN 1.6) Bellow as per 1S:13095 (latest
 revision/amendment) 2400mm Dia","FBC010441","","","","NO_BOM_FOR_CODE","","","NULL_BOTH","","65",""
"cmraox8iu028uo0v36pl2a4ok","GMD/2026-27/152","KALPATARU PROJECTS INTERNATIONAL LIMITED","Butterfly valveManual350DiaPN 16","FBC020489","","","","NO_BOM_FOR_CODE","","","NULL_BOTH","","50",""
"cmraox8iu0295o0v3gc1bszlx","GMD/2026-27/152","KALPATARU PROJECTS INTERNATIONAL LIMITED","NRVSingle door, drip tight closure with external weight450DiaPN 16","FCF090040","","","","NO_BOM_FOR_CODE","","","NULL_BOTH","","200",""
"cmraox8iu0293o0v3bt2bt3ei","GMD/2026-27/152","KALPATARU PROJECTS INTERNATIONAL LIMITED","NRVSingle door, drip tight closure with external weight350DiaPN 16","FCE080027","","","","NO_BOM_FOR_CODE","","","NULL_BOTH","","200",""
"cmraox8iu0292o0v317bzznpq","GMD/2026-27/152","KALPATARU PROJECTS INTERNATIONAL LIMITED","Butterfly type - Flow control valveMotorised, with inching800DiaPN 16","FBD010121","FBC010121","","","NULL_BOTH","","","NULL_BOTH","","35",""
"cmraox8iv02a3o0v3pccuhh3q","GMD/2026-27/153","KRISHNA CORPINDIA PRIVATE LIMITED","Providing, supplying & Erection ISI mark P.N.1.6 with hand wheel/cap operated (PD type short body) Ductile Iron (DI) D/F Sluice Valves with Expansion (PN 1.6) Bellow as per IS:14846 (latest revision/amendment) of 400mm Dia","FSC030339","","","","NO_BOM_FOR_CODE","","","NULL_BOTH","","35",""
"cmraox95302eao0v36q182048","GMD/2026-27/173","Munitions India Limited","C. I. NON RETURN VALVE SIZE 350 MM (14'') AS PER IS: 5312 PART I PN 16 SWING
TYPE WITH CI BODY & COVE","FCE080027","","","","NO_BOM_FOR_CODE","","","NULL_BOTH","","200",""
"cmraox95302e9o0v3j8v5o6ou","GMD/2026-27/173","Munitions India Limited","C. I. NON RETURN VALVE SIZE 350 MM (14'') AS PER IS: 5312 PART I PN 16 SWING
TYPE WITH CI BODY & COVE","FCE080027","","","","NO_BOM_FOR_CODE","","","NULL_BOTH","","200",""
"cmraox9ht02i3o0v33cqozgpc","GMD/2026-27/176","GA INFRA PVT LTD","121216 CI GLOBE VLV.150NB,PN-10 MAN OPTD","FCE020004","","","","NO_BOM_FOR_CODE","","","NULL_BOTH","","40",""
"cmraox9ht02i5o0v3dkxhsc6z","GMD/2026-27/176","GA INFRA PVT LTD","121216 CI GLOBE VLV.150NB,PN-16 MAN OPTD","FCE020004","","","","NO_BOM_FOR_CODE","","","NULL_BOTH","","40",""
"cmraox9hr02fjo0v3sbf187tl","GMD/2026-27/178","NMDC Steel Ltd.","VALVE BALL 25MM CLASS 150 FLAN ASTM A3","FCS020003","","","","NO_BOM_FOR_CODE","","","NULL_BOTH","","50",""
"cmraox9hr02flo0v38zlc9rud","GMD/2026-27/178","NMDC Steel Ltd.","VALVE BALL 40MM CLASS 150 FLAN ASTM A2","FCS020011","","","","NO_BOM_FOR_CODE","","","NULL_BOTH","","50",""
"cmraox9hr02fxo0v35ovq2n7x","GMD/2026-27/178","NMDC Steel Ltd.","VALVE GLOBE VA 65 M CLASS 150 FLAN ASTM","FO5010001","","","","NO_BOM_FOR_CODE","","","NULL_BOTH","","40",""
"cmraox9ht02i2o0v3pczk8ipg","GMD/2026-27/176","GA INFRA PVT LTD","121214 CI GLOBE VLV.100NB,PN-10 MAN OPTD","FCE020002","","","","NO_BOM_FOR_CODE","","","NULL_BOTH","","40",""
"cmraox9ht02i0o0v3zviffe5k","GMD/2026-27/176","GA INFRA PVT LTD","121212 CI GLOBE VLV.65NB,PN-10 MAN OPTD","FCE020009","","","","NO_BOM_FOR_CODE","","","NULL_BOTH","","40",""
"cmraox9hr02fio0v3gemr3z0f","GMD/2026-27/178","NMDC Steel Ltd.","VALVE BALL 20MM CLASS 150 FLAN ASTM A2","FCS020007","","","","NO_BOM_FOR_CODE","","","NULL_BOTH","","50",""
"cmraox9ht02i1o0v3b7vpzx7k","GMD/2026-27/176","GA INFRA PVT LTD","121213 CI GLOBE VLV.80NB,PN-10 MAN OPTD","FCE020001","","","","NO_BOM_FOR_CODE","","","NULL_BOTH","","40",""
"cmraox9hs02g5o0v3srhfgc7d","GMD/2026-27/180","Cochin Shipyard Ltd","150NB PN10 EN FF NAB_NAB_PTFE BOLTED BONNET SDNR DISC TYPE ST_GLOBE VALVE MANUAL OPERATED WITH HAND WHEEL","FCE020004","","","","NO_BOM_FOR_CODE","","","NULL_BOTH","","40",""
"cmraox9hs02g3o0v3wmrerzrd","GMD/2026-27/180","Cochin Shipyard Ltd","50NB PN10 EN FF NAB_NAB_PTFE BOLTED BONNET SDNR DISC TYPE ST_GLOBE VALVE MANUAL OPERATED WITH HANDWHEEL","FCE020012","","","","NO_BOM_FOR_CODE","","","NULL_BOTH","","40",""
"cmraox9hs02g2o0v37eg44ob2","GMD/2026-27/180","Cochin Shipyard Ltd","40NB PN10 EN FF NAB_NAB_PTFE BOLTED BONNET SDNR DISC TYPE ST_GLOBE VALVE MANUAL OPERATED WITH HANDWHEEL","FO3010001","","","","NO_BOM_FOR_CODE","","","NULL_BOTH","","40",""
"cmraox9hs02g4o0v36r549pfm","GMD/2026-27/180","Cochin Shipyard Ltd","65NB PN10 EN FF NAB_NAB_PTFE BOLTED BONNET SDNR DISC TYPE ST_GLOBE VALVE MANUAL OPERATED WITH HANDWHEEL","FCE020009","","","","NO_BOM_FOR_CODE","","","NULL_BOTH","","40",""
"cmraox9hs02hqo0v3wuwmcdu1","GMD/2026-27/180","Cochin Shipyard Ltd","25NB PN10 EN FF CS_CS_NBR BOLTED BONNET GLOBE TYPE SWING CHECK VALVE","FCG010089","","","","NO_BOM_FOR_CODE","","","NULL_BOTH","","200",""
"cmraox9hv02j5o0v3g5mxq3ca","GMD/2026-27/179","NMDC Steel Ltd.","1600667574 VALVE NON RETU 50 150 PN 1.6 FLAN ASTM-A","FCG010088","","","","NO_BOM_FOR_CODE","","","NULL_BOTH","","200",""
"cmraox9hv02j7o0v352cxclv5","GMD/2026-27/179","NMDC Steel Ltd.","1600667572 VALVE BUTTERFL 200 150 PN 1.6 ANSI CS TO","FBS040007","","","","NO_BOM_FOR_CODE","","","NULL_BOTH","","50",""
"cmraox9hv02j6o0v3oso7wrko","GMD/2026-27/179","NMDC Steel Ltd.","1600667573 VALVE BUTTERFL 125 150 PN 1.6 ANSI CS TO","FBS040006","FBD010509","378.5833333333333","378.5833333333333","MATCH","408.87","408.87","MATCH","QR_OK","2250.38","9610.00"
"cmraox9sa02l4o0v3aitpq8pn","GMD/2026-27/187","KALPATARU PROJECTS INTERNATIONAL LIMITED","Motroized Sluice ValveNOMINAL DIA
 (MM)300PN 10","FSD040003","RCB040002","","","NULL_BOTH","","","NULL_BOTH","","20",""
"cmraox9sa02l0o0v3tkauolv5","GMD/2026-27/187","KALPATARU PROJECTS INTERNATIONAL LIMITED","Sluice ValveNOMINAL DIA
 (MM)500PN 16","FSD040074","","","","NO_BOM_FOR_CODE","","","NULL_BOTH","","30",""
"cmraox9sa02lco0v3t1i2n1k6","GMD/2026-27/187","KALPATARU PROJECTS INTERNATIONAL LIMITED","NRVNOMINAL DIA
 (MM)100PN 10","FCE080020","","","","NO_BOM_FOR_CODE","","","NULL_BOTH","","200",""
"cmraox9sa02kto0v39z6tr7nn","GMD/2026-27/187","KALPATARU PROJECTS INTERNATIONAL LIMITED","Manual BFVNOMINAL DIA
 (MM)800PN16","FBD010121","FBC010121","","","NULL_BOTH","","","NULL_BOTH","","35",""
"cmraox9sa02kso0v3cbzpvvlv","GMD/2026-27/187","KALPATARU PROJECTS INTERNATIONAL LIMITED","Motorized BFV with extended spindleNOMINAL DIA
 (MM)600PN 10","FBC010061","","","","NO_BOM_FOR_CODE","","","NULL_BOTH","","35",""
"cmraox9sa02l8o0v3y2si5aei","GMD/2026-27/187","KALPATARU PROJECTS INTERNATIONAL LIMITED","Motroized Sluice Valve with Extended SpindleNOMINAL DIA
 (MM)350PN 10","FSD040028","RSD130032","","","NULL_BOTH","","","NULL_BOTH","","20",""
"cmraox9sa02l5o0v3lwa0u1b9","GMD/2026-27/187","KALPATARU PROJECTS INTERNATIONAL LIMITED","Motroized Sluice ValveNOMINAL DIA
 (MM)400PN 10","FSD040037","","","","NO_BOM_FOR_CODE","","","NULL_BOTH","","20",""
"cmraox9sa02lgo0v3ntpo1wq6","GMD/2026-27/187","KALPATARU PROJECTS INTERNATIONAL LIMITED","NRVNOMINAL DIA
 (MM)800PN 16","FCE080037","","","","NO_BOM_FOR_CODE","","","NULL_BOTH","","200",""
"cmraox9sa02lho0v3xd1kabss","GMD/2026-27/187","KALPATARU PROJECTS INTERNATIONAL LIMITED","Air Valve with Sluice ValveNOMINAL DIA
 (MM)150PN 16","FSD040002","RSD110023","","","NULL_BOTH","","","NULL_BOTH","","25",""
"cmraox9sa02l6o0v31r37q703","GMD/2026-27/187","KALPATARU PROJECTS INTERNATIONAL LIMITED","Motroized Sluice ValveNOMINAL DIA
 (MM)450PN 16","FSD040159","","","","NO_BOM_FOR_CODE","","","NULL_BOTH","","20",""
"cmraox9sa02l7o0v3yn363t1y","GMD/2026-27/187","KALPATARU PROJECTS INTERNATIONAL LIMITED","Motroized Sluice ValveNOMINAL DIA
 (MM)1000PN 10","FSD040136","","","","NO_BOM_FOR_CODE","","","NULL_BOTH","","30",""
"cmraox9sa02kyo0v3efgd8njb","GMD/2026-27/187","KALPATARU PROJECTS INTERNATIONAL LIMITED","Sluice ValveNOMINAL DIA
 (MM)450PN 10","FSD040159","","","","NO_BOM_FOR_CODE","","","NULL_BOTH","","20",""
"cmraox9sa02l2o0v38zibxxss","GMD/2026-27/187","KALPATARU PROJECTS INTERNATIONAL LIMITED","Sluice ValveNOMINAL DIA
 (MM)900PN 10","FSD040060","FSD040060","213150","213150","MATCH","230202","230202","MATCH","QR_MISMATCH exp~329672.3","43.21","329680.00"
"cmraox9sa02kxo0v3r79xvz5i","GMD/2026-27/187","KALPATARU PROJECTS INTERNATIONAL LIMITED","Sluice ValveNOMINAL DIA
 (MM)400PN 10","FSD040037","","","","NO_BOM_FOR_CODE","","","NULL_BOTH","","20",""
"cmraox9sa02leo0v3uj300bsw","GMD/2026-27/187","KALPATARU PROJECTS INTERNATIONAL LIMITED","NRVNOMINAL DIA
 (MM)400PN 10","FCE080023","","","","NO_BOM_FOR_CODE","","","NULL_BOTH","","200",""
"cmraox9sa02l3o0v3p2lov4rd","GMD/2026-27/187","KALPATARU PROJECTS INTERNATIONAL LIMITED","Motroized Sluice ValveNOMINAL DIA
 (MM)200PN 10","FSC060011","RSD120003","1600","1600","MATCH","1728","1728","MATCH","QR_OK","493.17","10250.00"
"cmraox9sa02l9o0v3vxufy654","GMD/2026-27/187","KALPATARU PROJECTS INTERNATIONAL LIMITED","Motroized Sluice Valve with Extended SpindleNOMINAL DIA
 (MM)500PN 10","FSD040074","","","","NO_BOM_FOR_CODE","","","NULL_BOTH","","30",""
"cmraox9sa02ldo0v30yv0nizn","GMD/2026-27/187","KALPATARU PROJECTS INTERNATIONAL LIMITED","NRVNOMINAL DIA
 (MM)200PN 10","FCE080028","","","","NO_BOM_FOR_CODE","","","NULL_BOTH","","200",""
"cmraox9sa02kzo0v3ypj6dn3u","GMD/2026-27/187","KALPATARU PROJECTS INTERNATIONAL LIMITED","Sluice ValveNOMINAL DIA
 (MM)500PN 10","FSD040074","","","","NO_BOM_FOR_CODE","","","NULL_BOTH","","30",""
"cmraox9sa02kvo0v337t8q0t4","GMD/2026-27/187","KALPATARU PROJECTS INTERNATIONAL LIMITED","Sluice ValveNOMINAL DIA
 (MM)100PN 10","FSD040001","RSD110001","","","NULL_BOTH","","","NULL_BOTH","","25",""
"cmraox9sa02kuo0v3ucwix6ix","GMD/2026-27/187","KALPATARU PROJECTS INTERNATIONAL LIMITED","Sluice ValveNOMINAL DIA
 (MM)80PN 10","FSD040044","RSD110042","","","NULL_BOTH","","","NULL_BOTH","","25",""
"cmraox9sa02lfo0v3gf4x5prc","GMD/2026-27/187","KALPATARU PROJECTS INTERNATIONAL LIMITED","NRVNOMINAL DIA
 (MM)450PN 16","FCF090040","","","","NO_BOM_FOR_CODE","","","NULL_BOTH","","200",""
"cmraox9sa02kwo0v3lna2lh4c","GMD/2026-27/187","KALPATARU PROJECTS INTERNATIONAL LIMITED","Sluice ValveNOMINAL DIA
 (MM)200PN 10","FSC060011","RSD120003","1600","1600","MATCH","1728","1728","MATCH","QR_OK","493.17","10250.00"
"cmraox9sa02l1o0v3hl3oir4y","GMD/2026-27/187","KALPATARU PROJECTS INTERNATIONAL LIMITED","Sluice ValveNOMINAL DIA
 (MM)800PN 16","FSD040059","","","","NO_BOM_FOR_CODE","","","NULL_BOTH","","30",""
"cmraox9sa02lko0v3hilg58pz","GMD/2026-27/188","Gujarat Water Infrastructure Ltd.","600 mm diameter PN 2.5, Double Flanged Butterfly Valve generally conforming to IS:13095, having body and disc of graded Cast Steel ASTM A216 Gr. WCB, shaft and thrust pad of SS AISI 410, body seat ring, clamping ring, disc pin and internal hardware of SS AISI 304, and disc seal ring of EPDM (Motor Operated)","FBC010073","","","","NO_BOM_FOR_CODE","","","NULL_BOTH","","35",""
"cmraox9sa02lio0v3j390x8ba","GMD/2026-27/188","Gujarat Water Infrastructure Ltd.","600 mm diameter PN 2.5 with D.I. body DPCV as per prevailing relevant standard, Metal Seat - S.S. AISI 410, Hing/stop pin & Spring - S.S. AISI 410, etc. complete","FHD010018","","","","NO_BOM_FOR_CODE","","","NULL_BOTH","","15",""
"cmraox9sa02llo0v3d0we7oxg","GMD/2026-27/188","Gujarat Water Infrastructure Ltd.","600 mm diameter PN 2.0, Double Flanged Butterfly Valve generally conforming to IS:13095, having body and disc of graded Cast Steel ASTM A216 Gr. WCB, shaft and thrust pad of SS AISI 410, body seat ring, clamping ring, disc pin and internal hardware of SS AISI 304, and disc seal ring of EPDM (Motor Operated)","FBC010073","","","","NO_BOM_FOR_CODE","","","NULL_BOTH","","35",""
"cmraox9sk02mco0v3ntv0fc5k","GMD/2026-27/191","Department Of Military Affairs","Supply only 100 mm bore Sluice valve PN - 1.6 IS 14846-2000 with Spindle IronEtc.","FSD030098","RSE100002","","","NULL_BOTH","","","NULL_BOTH","","35",""
"cmraox9sk02mdo0v3cjxj1v1u","GMD/2026-27/191","Department Of Military Affairs","Supply only 150 mm bore Sluice valve PN - 1.6 IS 14846-2000 with Spindle Iron Etc.","FSD030182","","","","NO_BOM_FOR_CODE","","","NULL_BOTH","","35",""
"cmraox9sk02meo0v3fmgjgwag","GMD/2026-27/191","Department Of Military Affairs","Supply only 200 mm bore Sluice valve PN - 1.6 IS 14846-2000 with Spindle Iron Etc.","FSC030212","","","","NO_BOM_FOR_CODE","","","NULL_BOTH","","35",""
"cmraox9sk02mbo0v3od1gxsyp","GMD/2026-27/191","Department Of Military Affairs","Supply only 80 mm bore Sluice valve PN - 1.6 IS 14846-2000 with Spindle Iron Etc.","FSC030062","","","","NO_BOM_FOR_CODE","","","NULL_BOTH","","35",""
"cmraoxa2v02p2o0v3z4v6ihze","GMD/2026-27/198","NTPC LIMITED","Schedule5_100274679_50_M1861851253_VVGL BS5152FLGDCIFG260PN10250NB_For Vindhyachal","FCE020012","","","","NO_BOM_FOR_CODE","","","NULL_BOTH","","40",""
"cmraoxa2v02p0o0v3ktbqs1z8","GMD/2026-27/198","NTPC LIMITED","Schedule3_100274679_30_M1861851152_VVGL IS9338FLGCIFG260PN16150MM_For Vindhyachal","FCE020004","","","","NO_BOM_FOR_CODE","","","NULL_BOTH","","40",""
"cmraoxa8l02qco0v3q4r29f9t","GMD/2026-27/204","KALPATARU PROJECTS INTERNATIONAL LIMITED","Air valve with sluice valveNOMINAL DIA (MM)200PN16","FSC060011","RSD120003","1600","1600","MATCH","1728","1728","MATCH","QR_OK","493.17","10250.00"
"cmraoxa8l02qbo0v35qqypf9q","GMD/2026-27/204","KALPATARU PROJECTS INTERNATIONAL LIMITED","Non return valveNOMINAL DIA (MM)500PN25","FCF090093","","","","NO_BOM_FOR_CODE","","","NULL_BOTH","","200",""
"cmraoxa8l02q9o0v36mzin73l","GMD/2026-27/204","KALPATARU PROJECTS INTERNATIONAL LIMITED","Sluice Valve NOMINAL DIA (MM)500PN25","FSD040212","","","","NO_BOM_FOR_CODE","","","NULL_BOTH","","30",""
"cmraoxade02tdo0v3v3fvhcrq","GMD/2026-27/208","KALPATARU PROJECTS INTERNATIONAL LIMITED","MANUAL SLUICE VALVENOMINAL DIA (MM)350PN 25","FSD040146","","","","NO_BOM_FOR_CODE","","","NULL_BOTH","","20",""
"cmraoxade02tgo0v3tm1rt1xg","GMD/2026-27/208","KALPATARU PROJECTS INTERNATIONAL LIMITED","MANUAL SLUICE VALVENOMINAL DIA (MM)400PN 25","FSD040260","","","","NO_BOM_FOR_CODE","","","NULL_BOTH","","20",""
"cmraoxade02t2o0v3u37t2fdh","GMD/2026-27/208","KALPATARU PROJECTS INTERNATIONAL LIMITED","MANUAL SLUICE VALVENOMINAL DIA (MM)100PN 25","FSD040155","RSD100021","","","NULL_BOTH","","","NULL_BOTH","","25",""
"cmraoxade02t9o0v3uaep0suj","GMD/2026-27/208","KALPATARU PROJECTS INTERNATIONAL LIMITED","MANUAL SLUICE VALVENOMINAL DIA (MM)200PN 20","FSD040148","","","","NO_BOM_FOR_CODE","","","NULL_BOTH","","25",""
"cmraoxad902s4o0v3k6tu0bmm","GMD/2026-27/206","Gayatri Construction Co.","Providing and supplying C.I Temper proof Air valves Without Isolating Sluice valve PN 1.6 150 mm dia","FSD040002","RSD110023","","","NULL_BOTH","","","NULL_BOTH","","25",""
"cmraoxade02tfo0v3q0e3mcih","GMD/2026-27/208","KALPATARU PROJECTS INTERNATIONAL LIMITED","MANUAL SLUICE VALVENOMINAL DIA (MM)400PN 20","FSD040260","","","","NO_BOM_FOR_CODE","","","NULL_BOTH","","20",""
"cmraoxade02t0o0v3iwm4eniy","GMD/2026-27/208","KALPATARU PROJECTS INTERNATIONAL LIMITED","MANUAL SLUICE VALVENOMINAL DIA (MM)100PN 16","FSD040001","RSD110001","","","NULL_BOTH","","","NULL_BOTH","","25",""
"cmraoxade02t8o0v3mx54vqc9","GMD/2026-27/208","KALPATARU PROJECTS INTERNATIONAL LIMITED","MANUAL SLUICE VALVENOMINAL DIA (MM)200PN 10","FSC060011","RSD120003","1600","1600","MATCH","1728","1728","MATCH","QR_OK","493.17","10250.00"
"cmraoxade02szo0v3cswzgsid","GMD/2026-27/208","KALPATARU PROJECTS INTERNATIONAL LIMITED","MANUAL SLUICE VALVENOMINAL DIA (MM)100PN 10","FSD040001","RSD110001","","","NULL_BOTH","","","NULL_BOTH","","25",""
"cmraoxade02tco0v3uem1nus8","GMD/2026-27/208","KALPATARU PROJECTS INTERNATIONAL LIMITED","MANUAL SLUICE VALVENOMINAL DIA (MM)300PN 25","FSD040013","RCB040002","","","NULL_BOTH","","","NULL_BOTH","","20",""
"cmraoxade02t3o0v35h00v3aw","GMD/2026-27/208","KALPATARU PROJECTS INTERNATIONAL LIMITED","MANUAL SLUICE VALVENOMINAL DIA (MM)125PN 10","FRD020008","RSD110034","","","NULL_BOTH","","","NULL_BOTH","","25",""
"cmraoxade02t7o0v3khzzvl0o","GMD/2026-27/208","KALPATARU PROJECTS INTERNATIONAL LIMITED","MANUAL SLUICE VALVENOMINAL DIA (MM)150PN 25","FSD040012","","","","NO_BOM_FOR_CODE","","","NULL_BOTH","","25",""
"cmraoxad902s2o0v3fwo4xa4y","GMD/2026-27/206","Gayatri Construction Co.","Providing and supplying C.I Temper proof Air valves Without Isolating Sluice valve PN 1.6 80 mm dia","FSD040044","RSD110042","","","NULL_BOTH","","","NULL_BOTH","","25",""
"cmraoxad902s0o0v3rs7sfn64","GMD/2026-27/206","Gayatri Construction Co.","Provisding and supplying ISI mark CI D/F Sluice valve as per IS 14846 (Latest Edition) PN-1.6 with hand wheel/cap operated (PD type short body) 400 mm dia.","FSC030339","","","","NO_BOM_FOR_CODE","","","NULL_BOTH","","35",""
"cmraoxad902rpo0v3dm0puqup","GMD/2026-27/206","Gayatri Construction Co.","100 mm dia Reflux Valve PN1.6","FCE080020","","","","NO_BOM_FOR_CODE","","","NULL_BOTH","","200",""
"cmraoxade02teo0v3qks14oim","GMD/2026-27/208","KALPATARU PROJECTS INTERNATIONAL LIMITED","MANUAL SLUICE VALVENOMINAL DIA (MM)400PN 16","FSD040037","","","","NO_BOM_FOR_CODE","","","NULL_BOTH","","20",""
"cmraoxade02tao0v3acutgtsb","GMD/2026-27/208","KALPATARU PROJECTS INTERNATIONAL LIMITED","MANUAL SLUICE VALVENOMINAL DIA (MM)250PN 25","FSD040147","","","","NO_BOM_FOR_CODE","","","NULL_BOTH","","20",""
"cmraoxad902rqo0v3gc1ysmny","GMD/2026-27/206","Gayatri Construction Co.","100 mm dia Sluice Valve PN 1.6","FSD040001","RSD110001","","","NULL_BOTH","","","NULL_BOTH","","25",""
"cmraoxad902s3o0v3knisfpul","GMD/2026-27/206","Gayatri Construction Co.","Providing and supplying C.I Temper proof Air valves Without Isolating Sluice valve PN 1.6 100 mm dia","FSD040001","RSD110001","","","NULL_BOTH","","","NULL_BOTH","","25",""
"cmraoxade02t4o0v3oqr2wwwx","GMD/2026-27/208","KALPATARU PROJECTS INTERNATIONAL LIMITED","MANUAL SLUICE VALVENOMINAL DIA (MM)150PN 10","FSD040002","RSD110023","","","NULL_BOTH","","","NULL_BOTH","","25",""
"cmraoxad902s1o0v3whakx641","GMD/2026-27/206","Gayatri Construction Co.","Providing and supplying C.I Temper proof Air valves Without Isolating Sluice valve PN 1.6 (a) 50 mm dia","FSD040038","RSD130008","","","NULL_BOTH","","","NULL_BOTH","","25",""
"cmraoxade02syo0v3jcweonnn","GMD/2026-27/208","KALPATARU PROJECTS INTERNATIONAL LIMITED","MANUAL SLUICE VALVENOMINAL DIA (MM)80PN 10","FSD040044","RSD110042","","","NULL_BOTH","","","NULL_BOTH","","25",""
"cmraoxade02t6o0v34vjd8fte","GMD/2026-27/208","KALPATARU PROJECTS INTERNATIONAL LIMITED","MANUAL SLUICE VALVENOMINAL DIA (MM)150PN 20","FSD040012","","","","NO_BOM_FOR_CODE","","","NULL_BOTH","","25",""
"cmraoxade02t1o0v37hb4ybdi","GMD/2026-27/208","KALPATARU PROJECTS INTERNATIONAL LIMITED","MANUAL SLUICE VALVENOMINAL DIA (MM)100PN 20","FSD040155","RSD100021","","","NULL_BOTH","","","NULL_BOTH","","25",""
"cmraoxade02tbo0v3otr01abq","GMD/2026-27/208","KALPATARU PROJECTS INTERNATIONAL LIMITED","MANUAL SLUICE VALVENOMINAL DIA (MM)300PN 20","FSD040013","RCB040002","","","NULL_BOTH","","","NULL_BOTH","","20",""
"cmraoxade02t5o0v37m6a7fg7","GMD/2026-27/208","KALPATARU PROJECTS INTERNATIONAL LIMITED","MANUAL SLUICE VALVENOMINAL DIA (MM)150PN 16","FSD040002","RSD110023","","","NULL_BOTH","","","NULL_BOTH","","25",""
"cmraoxade02u1o0v3v7drxik7","GMD/2026-27/209","LUMINO INDUSTRIES LIMITED","DI DF Non Rising Metal Seated Sluice/Scoure Valve As per IS 14846-2000 PN-1./PN-1.6Scoure valve - 400 mm dia","FGC030065","","","","NO_BOM_FOR_CODE","","","NULL_BOTH","","35",""
"cmraoxade02u3o0v3nbmsogod","GMD/2026-27/209","LUMINO INDUSTRIES LIMITED","DI DF Non Rising Metal Seated Sluice/Scoure Valve As per IS 14846-2000 PN-1./PN-1.6Scoure valve - 500 mm dia","FGC030097","","","","NO_BOM_FOR_CODE","","","NULL_BOTH","","40",""
"cmraoxade02tso0v3p82eg30q","GMD/2026-27/209","LUMINO INDUSTRIES LIMITED","DI DF Non Rising Metal Seated Sluice/Scoure Valve As per IS 14846-2000 PN-1./PN-1.6Sluice valve - 1000 mm dia","FGC030193","","","","NO_BOM_FOR_CODE","","","NULL_BOTH","","40",""
"cmraoxade02tpo0v3kqtyiueq","GMD/2026-27/209","LUMINO INDUSTRIES LIMITED","DI DF Non Rising Metal Seated Sluice/Scoure Valve As per IS 14846-2000 PN-1./PN-1.6Sluice valve - 500 mm dia","FGC030097","","","","NO_BOM_FOR_CODE","","","NULL_BOTH","","40",""
"cmraoxade02u5o0v3xfo3rhyc","GMD/2026-27/209","LUMINO INDUSTRIES LIMITED","DI DF Non Rising Metal Seated Sluice/Scoure Valve As per IS 14846-2000 PN-1./PN-1.6Scoure valve - 800 mm dia","FGC030161","","","","NO_BOM_FOR_CODE","","","NULL_BOTH","","40",""
"cmraoxade02u2o0v3e9ouwsd6","GMD/2026-27/209","LUMINO INDUSTRIES LIMITED","DI DF Non Rising Metal Seated Sluice/Scoure Valve As per IS 14846-2000 PN-1./PN-1.6Scoure valve - 450 mm dia","FGC030081","","","","NO_BOM_FOR_CODE","","","NULL_BOTH","","35",""
"cmraoxade02too0v39a817k5y","GMD/2026-27/209","LUMINO INDUSTRIES LIMITED","DI DF Non Rising Metal Seated Sluice/Scoure Valve As per IS 14846-2000 PN-1./PN-1.6Sluice valve - 400 mm dia","FGC030065","","","","NO_BOM_FOR_CODE","","","NULL_BOTH","","35",""
"cmraoxade02tro0v3c3ebqlbw","GMD/2026-27/209","LUMINO INDUSTRIES LIMITED","DI DF Non Rising Metal Seated Sluice/Scoure Valve As per IS 14846-2000 PN-1./PN-1.6Sluice valve - 700 mm dia","FGC030129","","","","NO_BOM_FOR_CODE","","","NULL_BOTH","","40",""
"cmraoxade02tqo0v3lh7i59la","GMD/2026-27/209","LUMINO INDUSTRIES LIMITED","DI DF Non Rising Metal Seated Sluice/Scoure Valve As per IS 14846-2000 PN-1./PN-1.6Sluice valve - 600 mm dia","FGC030113","","","","NO_BOM_FOR_CODE","","","NULL_BOTH","","40",""
"cmraoxade02u4o0v3veciv1y1","GMD/2026-27/209","LUMINO INDUSTRIES LIMITED","DI DF Non Rising Metal Seated Sluice/Scoure Valve As per IS 14846-2000 PN-1./PN-1.6Scoure valve - 600 mm dia","FGC030113","","","","NO_BOM_FOR_CODE","","","NULL_BOTH","","40",""
"cmraoxans02vmo0v3n9agtvne","GMD/2026-27/215","KALPATARU PROJECTS INTERNATIONAL LIMITED","Non Return valveNOMINAL DIA (NB)100VALVE RATINGPN 25","FCF090076","","","","NO_BOM_FOR_CODE","","","NULL_BOTH","","200",""
"cmraoxans02vso0v3yhea74ae","GMD/2026-27/215","KALPATARU PROJECTS INTERNATIONAL LIMITED","Sluice ValveNOMINAL DIA (NB)250VALVE RATINGPN 10","FSD040084","","","","NO_BOM_FOR_CODE","","","NULL_BOTH","","20",""
"cmraoxans02w6o0v3w047iugq","GMD/2026-27/215","KALPATARU PROJECTS INTERNATIONAL LIMITED","Electrically Operated Sluice ValveNOMINAL DIA (MM) in GAD100VALVE RATINGPN 25","FSD040155","RSD100021","","","NULL_BOTH","","","NULL_BOTH","","25",""
"cmraoxans02woo0v33rda6iwv","GMD/2026-27/215","KALPATARU PROJECTS INTERNATIONAL LIMITED","Electrically Operated Sluice ValveNOMINAL DIA (MM) in GAD250VALVE RATINGPN 25","FSD040147","","","","NO_BOM_FOR_CODE","","","NULL_BOTH","","20",""
"cmraoxans02vwo0v313zgre6m","GMD/2026-27/215","KALPATARU PROJECTS INTERNATIONAL LIMITED","Sluice ValveNOMINAL DIA (NB)200VALVE RATINGPN 25","FSD040148","","","","NO_BOM_FOR_CODE","","","NULL_BOTH","","25",""
"cmraoxans02vqo0v3ntad06h2","GMD/2026-27/215","KALPATARU PROJECTS INTERNATIONAL LIMITED","Sluice ValveNOMINAL DIA (NB)100VALVE RATINGPN 10","FSD040001","RSD110001","","","NULL_BOTH","","","NULL_BOTH","","25",""
"cmraoxans02vuo0v3vbenda0f","GMD/2026-27/215","KALPATARU PROJECTS INTERNATIONAL LIMITED","Sluice ValveNOMINAL DIA (NB)300VALVE RATINGPN 10","FSD040003","RCB040002","","","NULL_BOTH","","","NULL_BOTH","","20",""
"cmraoxans02vro0v3zeqpa726","GMD/2026-27/215","KALPATARU PROJECTS INTERNATIONAL LIMITED","Sluice ValveNOMINAL DIA (NB)200VALVE RATINGPN 10","FSC060011","RSD120003","1600","1600","MATCH","1728","1728","MATCH","QR_OK","493.17","10250.00"
"cmraoxans02wro0v3k3j0wqqs","GMD/2026-27/215","KALPATARU PROJECTS INTERNATIONAL LIMITED","Manually Operated Sluice ValveNOMINAL DIA (MM) in GAD250VALVE RATINGPN 16","FSD040084","","","","NO_BOM_FOR_CODE","","","NULL_BOTH","","20",""
"cmraoxans02voo0v3t2oz5t0z","GMD/2026-27/215","KALPATARU PROJECTS INTERNATIONAL LIMITED","Non Return valveNOMINAL DIA (NB)250VALVE RATINGPN 25","FCF090061","","","","NO_BOM_FOR_CODE","","","NULL_BOTH","","200",""
"cmraoxans02vvo0v3p646prxi","GMD/2026-27/215","KALPATARU PROJECTS INTERNATIONAL LIMITED","Sluice ValveNOMINAL DIA (NB)100VALVE RATINGPN 25","FSD040155","RSD100021","","","NULL_BOTH","","","NULL_BOTH","","25",""
"cmraoxans02w9o0v3ena18zzh","GMD/2026-27/215","KALPATARU PROJECTS INTERNATIONAL LIMITED","Manually Operated Sluice ValveNOMINAL DIA (MM) in GAD300VALVE RATINGPN 10","FSD040003","RCB040002","","","NULL_BOTH","","","NULL_BOTH","","20",""
"cmraoxans02wao0v37xj648hc","GMD/2026-27/215","KALPATARU PROJECTS INTERNATIONAL LIMITED","Electrically Operated Sluice ValveNOMINAL DIA (MM) in GAD250VALVE RATINGPN 25","FSD040147","","","","NO_BOM_FOR_CODE","","","NULL_BOTH","","20",""
"cmraoxans02who0v3xowuo7zz","GMD/2026-27/215","KALPATARU PROJECTS INTERNATIONAL LIMITED","Non Return valveNOMINAL DIA (MM) in GAD200VALVE RATINGPN 25","FCF090073","RNS010004","","","NULL_BOTH","","","NULL_BOTH","","200",""
"cmraoxans02w5o0v3ihw7qt6z","GMD/2026-27/215","KALPATARU PROJECTS INTERNATIONAL LIMITED","Non Return valveNOMINAL DIA (MM) in GAD100VALVE RATINGPN 25","FCF090076","","","","NO_BOM_FOR_CODE","","","NULL_BOTH","","200",""
"cmraoxans02wco0v3gk1k8u8c","GMD/2026-27/215","KALPATARU PROJECTS INTERNATIONAL LIMITED","Electrically Operated Sluice ValveNOMINAL DIA (MM) in GAD250VALVE RATINGPN 25","FSD040147","","","","NO_BOM_FOR_CODE","","","NULL_BOTH","","20",""
"cmraoxans02wdo0v39u4y78ta","GMD/2026-27/215","KALPATARU PROJECTS INTERNATIONAL LIMITED","Non Return valveNOMINAL DIA (MM) in GAD250VALVE RATINGPN 25","FCF090061","","","","NO_BOM_FOR_CODE","","","NULL_BOTH","","200",""
"cmraoxans02vyo0v3hdv36m53","GMD/2026-27/215","KALPATARU PROJECTS INTERNATIONAL LIMITED","Sluice ValveNOMINAL DIA (NB)250VALVE RATINGPN 25","FSD040147","","","","NO_BOM_FOR_CODE","","","NULL_BOTH","","20",""
"cmraoxans02vzo0v3p9l9zros","GMD/2026-27/215","KALPATARU PROJECTS INTERNATIONAL LIMITED","Sluice ValveNOMINAL DIA (NB)100VALVE RATINGPN 25","FSD040155","RSD100021","","","NULL_BOTH","","","NULL_BOTH","","25",""
"cmraoxans02wlo0v35iwbqep5","GMD/2026-27/215","KALPATARU PROJECTS INTERNATIONAL LIMITED","Manually Operated Sluice ValveNOMINAL DIA (MM) in GAD250VALVE RATINGPN 10","FSD040084","","","","NO_BOM_FOR_CODE","","","NULL_BOTH","","20",""
"cmraoxans02wno0v3achyw35r","GMD/2026-27/215","KALPATARU PROJECTS INTERNATIONAL LIMITED","Non Return valveNOMINAL DIA (MM) in GAD250VALVE RATINGPN 25","FCF090061","","","","NO_BOM_FOR_CODE","","","NULL_BOTH","","200",""
"cmraoxans02vno0v3597fi6z2","GMD/2026-27/215","KALPATARU PROJECTS INTERNATIONAL LIMITED","Non Return valveNOMINAL DIA (NB)200VALVE RATINGPN 25","FCF090073","RNS010004","","","NULL_BOTH","","","NULL_BOTH","","200",""
"cmraoxans02vto0v3d8517fe5","GMD/2026-27/215","KALPATARU PROJECTS INTERNATIONAL LIMITED","Sluice ValveNOMINAL DIA (NB)250VALVE RATINGPN 16","FSD040084","","","","NO_BOM_FOR_CODE","","","NULL_BOTH","","20",""
"cmraoxans02wjo0v38wjn3h55","GMD/2026-27/215","KALPATARU PROJECTS INTERNATIONAL LIMITED","Non Return valveNOMINAL DIA (MM) in GAD200VALVE RATINGPN 25","FCF090073","RNS010004","","","NULL_BOTH","","","NULL_BOTH","","200",""
"cmraoxans02w3o0v3k9bo0j4k","GMD/2026-27/215","KALPATARU PROJECTS INTERNATIONAL LIMITED","Manually Operated Sluice ValveNOMINAL DIA (MM) in GAD100VALVE RATINGPN 10","FSD040001","RSD110001","","","NULL_BOTH","","","NULL_BOTH","","25",""
"cmraoxans02w2o0v3ysotfnep","GMD/2026-27/215","KALPATARU PROJECTS INTERNATIONAL LIMITED","Sluice ValveNOMINAL DIA (NB)250VALVE RATINGPN 25","FSD040147","","","","NO_BOM_FOR_CODE","","","NULL_BOTH","","20",""
"cmraoxans02vho0v34n1yss70","GMD/2026-27/216","Blue Star Limited","MVADI-000NRV600-00
DI Non Return Valves- 600mm
PN 1.6,IS-9523, Tab -5,Metal seated","FCE080035","","","","NO_BOM_FOR_CODE","","","NULL_BOTH","","200",""
"cmraoxans02wio0v32lha2ejt","GMD/2026-27/215","KALPATARU PROJECTS INTERNATIONAL LIMITED","Electrically Operated Sluice ValveNOMINAL DIA (MM) in GAD200VALVE RATINGPN 25","FSD040148","","","","NO_BOM_FOR_CODE","","","NULL_BOTH","","25",""
"cmraoxans02wgo0v3xq2iv9aq","GMD/2026-27/215","KALPATARU PROJECTS INTERNATIONAL LIMITED","Electrically Operated Sluice ValveNOMINAL DIA (MM) in GAD200VALVE RATINGPN 25","FSD040149","","","","NO_BOM_FOR_CODE","","","NULL_BOTH","","25",""
"cmraoxans02w0o0v3d53ng86m","GMD/2026-27/215","KALPATARU PROJECTS INTERNATIONAL LIMITED","Sluice ValveNOMINAL DIA (NB)200VALVE RATINGPN 25","FSD040148","","","","NO_BOM_FOR_CODE","","","NULL_BOTH","","25",""
"cmraoxans02w7o0v3x76sarnj","GMD/2026-27/215","KALPATARU PROJECTS INTERNATIONAL LIMITED","Non Return valveNOMINAL DIA (MM) in GAD100VALVE RATINGPN 25","FCF090076","","","","NO_BOM_FOR_CODE","","","NULL_BOTH","","200",""
"cmraoxans02wbo0v3kzm3elo0","GMD/2026-27/215","KALPATARU PROJECTS INTERNATIONAL LIMITED","Non Return valveNOMINAL DIA (MM) in GAD250VALVE RATINGPN 25","FCF090061","","","","NO_BOM_FOR_CODE","","","NULL_BOTH","","200",""
"cmraoxans02w4o0v3w2jdewki","GMD/2026-27/215","KALPATARU PROJECTS INTERNATIONAL LIMITED","Electrically Operated Sluice ValveNOMINAL DIA (MM) in GAD100VALVE RATINGPN 25","FSD040155","RSD100021","","","NULL_BOTH","","","NULL_BOTH","","25",""
"cmraoxans02wpo0v3r57ggopq","GMD/2026-27/215","KALPATARU PROJECTS INTERNATIONAL LIMITED","Non Return valveNOMINAL DIA (MM) in GAD250VALVE RATINGPN 25","FCF090061","","","","NO_BOM_FOR_CODE","","","NULL_BOTH","","200",""
"cmraoxans02wfo0v391z7ytvm","GMD/2026-27/215","KALPATARU PROJECTS INTERNATIONAL LIMITED","Manually Operated Sluice ValveNOMINAL DIA (MM) in GAD200VALVE RATINGPN 10","FSC060011","RSD120003","1600","1600","MATCH","1728","1728","MATCH","QR_OK","25","2160.00"
"cmraoxans02wmo0v3vytlxqxz","GMD/2026-27/215","KALPATARU PROJECTS INTERNATIONAL LIMITED","Electrically Operated Sluice ValveNOMINAL DIA (MM) in GAD250VALVE RATINGPN 25","FSD040147","","","","NO_BOM_FOR_CODE","","","NULL_BOTH","","20",""
"cmraoxanw02x5o0v3fz0jm9yp","GMD/2026-27/218","NCC LIMITED","Manufacturing & Supply of DI D/F Resilient Seated Sluice Valves.400 MM DIA.PN1.6","FSD040037","","","","NO_BOM_FOR_CODE","","","NULL_BOTH","","20",""
"cmraoxanw02xco0v3tdedgr46","GMD/2026-27/218","NCC LIMITED","Manufacturing & Supply of DI D/F Resilient Seated Sluice Valves.1000 MM DIA.PN1.6","FSD040136","","","","NO_BOM_FOR_CODE","","","NULL_BOTH","","30",""
"cmraoxanw02x9o0v3d4otpek3","GMD/2026-27/218","NCC LIMITED","Manufacturing & Supply of DI D/F Resilient Seated Sluice Valves.700 MM DIA.PN1.6","FSD040075","","","","NO_BOM_FOR_CODE","","","NULL_BOTH","","30",""
"cmraoxanw02x7o0v3sh9l7tk2","GMD/2026-27/218","NCC LIMITED","Manufacturing & Supply of DI D/F Resilient Seated Sluice Valves.500 MM DIA.PN1.6","FSD040074","","","","NO_BOM_FOR_CODE","","","NULL_BOTH","","30",""
"cmraoxanw02x6o0v3rfev0yaq","GMD/2026-27/218","NCC LIMITED","Manufacturing & Supply of DI D/F Resilient Seated Sluice Valves.450 MM DIA.PN1.6","FSD040159","","","","NO_BOM_FOR_CODE","","","NULL_BOTH","","20",""
"cmraoxanw02xdo0v3lu96u2wx","GMD/2026-27/218","NCC LIMITED","Manufacturing & Supply of DI Air Valves.200 MM DIA.PN1.6","FDC040021","","","","NO_BOM_FOR_CODE","","","NULL_BOTH","","35",""
"cmraoxanw02xao0v3ql7dc7ja","GMD/2026-27/218","NCC LIMITED","Manufacturing & Supply of DI D/F Resilient Seated Sluice Valves.800 MM DIA.PN1.6","FSD040059","","","","NO_BOM_FOR_CODE","","","NULL_BOTH","","30",""
"cmraoxanw02xbo0v3n5a4824c","GMD/2026-27/218","NCC LIMITED","Manufacturing & Supply of DI D/F Resilient Seated Sluice Valves.900 MM DIA.PN1.6","FSD040060","FSD040060","213150","213150","MATCH","230202","230202","MATCH","QR_MISMATCH exp~329672.3","43.21","329680.00"
"cmraoxanw02x8o0v3djwm6agx","GMD/2026-27/218","NCC LIMITED","Manufacturing & Supply of DI D/F Resilient Seated Sluice Valves.600 MM DIA.PN1.6","FSD040091","","","","NO_BOM_FOR_CODE","110725","","PRODUCT_NULL_BUT_COST_EXISTS","QR_MISMATCH exp~143942.5","30","143940.00"
"cmraoxanx02xeo0v3julodkd3","GMD/2026-27/219","H C JAIN ENGINEERING PVT LTD","GM Make DIDF Non Rising Spindle Sluice valve as Per IS 14846 standard, Rated to PN1.6 Drilled to IS 9523, Body wedge in DI IS 1865 GR 500/7, Wedge in EPDM Rubber encapsulated, Spindle-SS 410, Wedge Nut-IS:320 HTB2, Painting-Powder coated internal and external, with Gear Operated 1000MM","FGC030193","","","","NO_BOM_FOR_CODE","567448","","PRODUCT_NULL_BUT_COST_EXISTS","QR_MISMATCH exp~794427.2","40","794430.00"
"cmraoxanx02xfo0v3tgeqjr24","GMD/2026-27/219","H C JAIN ENGINEERING PVT LTD","GM Make DIDF Non Rising Spindle Sluice valve as Per IS 14846 standard, Rated to PN1.6 Drilled to IS 9523, Body wedge in DI IS 1865 GR 500/7, Wedge in EPDM Rubber encapsulated, Spindle-SS 410, Wedge Nut-IS:320 HTB2, Painting-Powder coated internal and external, with Gear Operated 600MM","FGC030113","","","","NO_BOM_FOR_CODE","113723","","PRODUCT_NULL_BUT_COST_EXISTS","QR_MISMATCH exp~159212.2","40","159210.00"
"cmraoxayb02z7o0v3v68y4nzx","GMD/2026-27/224","Vishnu Prakash R Punglia Limited","Foot Valve Cast Iron-CI IS 210 Grade FG200,As per IS 4038 ,450mm,PN16","FCE040019","","","","NO_BOM_FOR_CODE","","","NULL_BOTH","","20",""
"cmraoxbb10339o0v35vuaq5ls","GMD/2026-27/241","UMWELT ENGINEER PRIVATE LIMITED","“DALUI” make Auto Op. Ductile Iron Body & Disc Metal Seated type Non Return Valve Of PN - 1.6 MPa. As per IS 5312 with Flange End As Per IS: 1538.","FCE080036","","374000","","NO_BOM_FOR_CODE|STALE_GATE","403920","403920","MATCH","QR_MISMATCH exp~448795.5","11.11","448800.00"
"cmraoxbb10330o0v3gr4no4kc","GMD/2026-27/241","UMWELT ENGINEER PRIVATE LIMITED","“DALUI” make Ductile Iron Body & Disc Concentric type Butterfly Valve Of PN - 1.0 MPa. As Per BS: 5155 // IS : 13095 with Flange End As Per IS: 1538.","FBC010241","FBD020245","683100","683100","MATCH","737748","737748","MATCH","QR_MISMATCH exp~460354.8","-37.6","460350.00"
"cmraoxbb1032to0v3vs0kint1","GMD/2026-27/241","UMWELT ENGINEER PRIVATE LIMITED","“DALUI” make Ductile Iron Body & Disc Concentric type Butterfly Valve Of PN - 1.0 MPa. As Per BS: 5155 // IS : 13095 with Flange End As Per IS: 1538.","FBC010061","","65000","","NO_BOM_FOR_CODE|STALE_GATE","70200","70200","MATCH","QR_OK","25","87750.00"
"cmraoxbb1033bo0v3y1fs9f7g","GMD/2026-27/241","UMWELT ENGINEER PRIVATE LIMITED","“DALUI” make Ductile IronGear Operation/Actuator
 Operated Body & Disc Concentric type Butterfly Valve Of PN - 1.6 MPa. As Per BS: 5155 // IS : 13095 with Flange End As Per IS: 1538.","FBC010081","FBD020643","92200","92200","MATCH","99576","99576","MATCH","QR_MISMATCH exp~223747.3","124.7","223750.00"
"cmraoxbb10336o0v3i21se4dt","GMD/2026-27/241","UMWELT ENGINEER PRIVATE LIMITED","“DALUI” make Auto + HW OP. Ductile Iron Body & Disc Resilient Seated type Tamper Proof Air Valve With Isolation Sluice Valve Of PN - 1.0 MPa. AIR VALVE AS PER AWWA C 512 & SLUICE VALVE AS AS PER IS 5163/IS : 14846 PER with Flange End As Per IS: 1538.","FSD040067","","5700","","NO_BOM_FOR_CODE|STALE_GATE","6156","6156","MATCH","QR_OK","29.63","7980.00"
"cmraoxbb10338o0v3ya20mta8","GMD/2026-27/241","UMWELT ENGINEER PRIVATE LIMITED","“DALUI” make Auto + HW OP. Ductile Iron Body & Disc Resilient Seated type Tamper Proof Air Valve With Isolation Sluice Valve Of PN - 1.0 MPa. AIR VALVE AS PER AWWA C 512 & SLUICE VALVE AS AS PER IS 5163/IS : 14846 PER with Flange End As Per IS: 1538.","FSD040063","","17000","","NO_BOM_FOR_CODE|STALE_GATE","18360","18360","MATCH","QR_OK","29.63","23800.00"
"cmraoxbb1032so0v3vljoejsm","GMD/2026-27/241","UMWELT ENGINEER PRIVATE LIMITED","“DALUI” make Ductile Iron Body & Disc Concentric type Butterfly Valve Of PN - 1.0 MPa. As Per BS: 5155 // IS : 13095 with Flange End As Per IS: 1538.","FBD020676","","44000","","NO_BOM_FOR_CODE|STALE_GATE","47520","47520","MATCH","QR_OK","25","59400.00"
"cmraoxbb1032uo0v31tb10svr","GMD/2026-27/241","UMWELT ENGINEER PRIVATE LIMITED","“DALUI” make Ductile Iron Body & Disc Concentric type Butterfly Valve Of PN - 1.0 MPa. As Per BS: 5155 // IS : 13095 with Flange End As Per IS: 1538.","FBC010081","FBD020643","92200","92200","MATCH","99576","99576","MATCH","QR_MISMATCH exp~109354.4","9.82","109350.00"
"cmraoxbb10333o0v33sl9uj59","GMD/2026-27/241","UMWELT ENGINEER PRIVATE LIMITED","“DALUI” make HW Op. Ductile Iron Body & Disc Resilient Seated type Sluice Valve Of PN - 1.0 MPa. The Valve face to face shall be as per BS : 5163/IS : 14846(PD type, Short Body) with Flange End As Per IS: 1538.","FSD040069","","5000","","NO_BOM_FOR_CODE|STALE_GATE","5400","5400","MATCH","QR_OK","15.74","6250.00"
"cmraoxbb10332o0v373btbstp","GMD/2026-27/241","UMWELT ENGINEER PRIVATE LIMITED","“DALUI” make HW Op. Ductile Iron Body & Disc Resilient Seated type Sluice Valve Of PN - 1.0 MPa. The Valve face to face shall be as per BS : 5163/IS : 14846(PD type, Short Body) with Flange End As Per IS: 1538.","FSD040067","","2600","","NO_BOM_FOR_CODE|STALE_GATE","2808","2808","MATCH","QR_OK","21.08","3400.00"
"cmraoxbb10335o0v3xcnt3zyt","GMD/2026-27/241","UMWELT ENGINEER PRIVATE LIMITED","“DALUI” make Auto + HW OP. Ductile Iron Body & Disc Resilient Seated type Tamper Proof Air Valve With Isolation Sluice Valve Of PN - 1.0 MPa. AIR VALVE AS PER AWWA C 512 & SLUICE VALVE AS AS PER IS 5163/IS : 14846 PER with Flange End As Per IS: 1538.","FSD040066","","5000","","NO_BOM_FOR_CODE|STALE_GATE","5400","5400","MATCH","QR_OK","29.63","7000.00"
"cmraoxbb10334o0v31tj8phps","GMD/2026-27/241","UMWELT ENGINEER PRIVATE LIMITED","“DALUI” make HW Op. Ductile Iron Body & Disc Resilient Seated type Sluice Valve Of PN - 1.0 MPa. The Valve face to face shall be as per BS : 5163/IS : 14846(PD type, Short Body) with Flange End As Per IS: 1538.","FSD040064","","15000","","NO_BOM_FOR_CODE|STALE_GATE","16200","16200","MATCH","QR_OK","15.74","18750.00"
"cmraoxbb1033co0v3gqffysqb","GMD/2026-27/241","UMWELT ENGINEER PRIVATE LIMITED","“DALUI” make Auto Op. Ductile Iron Body & Disc Resilient Seated type Tamper Proof Air Valve Of PN - 1.6 MPa. As Per AWWA C 512 with Flange End As Per IS: 1538.","FDC040017","FBD010509","378.5833333333333","378.5833333333333","MATCH","408.87","408.87","MATCH","QR_OK","3734.96","15680.00"
"cmraoxbb10337o0v395npsrxb","GMD/2026-27/241","UMWELT ENGINEER PRIVATE LIMITED","“DALUI” make Auto + HW OP. Ductile Iron Body & Disc Resilient Seated type Tamper Proof Air Valve With Isolation Sluice Valve Of PN - 1.0 MPa. AIR VALVE AS PER AWWA C 512 & SLUICE VALVE AS AS PER IS 5163/IS : 14846 PER with Flange End As Per IS: 1538.","FSD040069","","11200","","NO_BOM_FOR_CODE|STALE_GATE","12096","12096","MATCH","QR_OK","29.63","15680.00"
"cmraoxbb1032xo0v3pq5fwn2z","GMD/2026-27/241","UMWELT ENGINEER PRIVATE LIMITED","“DALUI” make Ductile Iron Body & Disc Concentric type Butterfly Valve Of PN - 1.0 MPa. As Per BS: 5155 // IS : 13095 with Flange End As Per IS: 1538.","FBD010141","","138000","","NO_BOM_FOR_CODE|STALE_GATE","149040","149040","MATCH","QR_MISMATCH exp~172498.9","15.74","172500.00"
"cmraoxbb1032vo0v3kismc7fa","GMD/2026-27/241","UMWELT ENGINEER PRIVATE LIMITED","“DALUI” make Ductile Iron Body & Disc Concentric type Butterfly Valve Of PN - 1.0 MPa. As Per BS: 5155 // IS : 13095 with Flange End As Per IS: 1538.","FBC010101","FBD010101","81000","","UNEXPECTED_FILLED","87480","87480","MATCH","QR_MISMATCH exp~101249.4","15.74","101250.00"
"cmraoxbb1032yo0v3x5kf61xq","GMD/2026-27/241","UMWELT ENGINEER PRIVATE LIMITED","“DALUI” make Ductile Iron Body & Disc Concentric type Butterfly Valve Of PN - 1.0 MPa. As Per BS: 5155 // IS : 13095 with Flange End As Per IS: 1538.","FBD010161","FBC010161","175000","","UNEXPECTED_FILLED","189000","189000","MATCH","QR_MISMATCH exp~218748.6","15.74","218750.00"
"cmraoxbb1032wo0v3jgm0iyuf","GMD/2026-27/241","UMWELT ENGINEER PRIVATE LIMITED","“DALUI” make Ductile Iron Body & Disc Concentric type Butterfly Valve Of PN - 1.0 MPa. As Per BS: 5155 // IS : 13095 with Flange End As Per IS: 1538.","FBD010121","FBC010121","111000","","UNEXPECTED_FILLED","119880","119880","MATCH","QR_MISMATCH exp~138749.1","15.74","138750.00"
"cmraoxbb1032zo0v3zd6mxr2f","GMD/2026-27/241","UMWELT ENGINEER PRIVATE LIMITED","“DALUI” make Ductile Iron Body & Disc Concentric type Butterfly Valve Of PN - 1.0 MPa. As Per BS: 5155 // IS : 13095 with Flange End As Per IS: 1538.","FBC010201","","319000","","NO_BOM_FOR_CODE|STALE_GATE","344520","344520","MATCH","QR_OK","25","430650.00"
"cmrbydxr2000874v3gtp242yy","GMD/2026-27/253","Uttar Pradesh Cooperative Sugar Factories Federation Limited","On Conversion Basis C.I Sluice Valve250mm,PN10","FSD040084","","22300","","NO_BOM_FOR_CODE|STALE_GATE","24084","24084","MATCH","QR_MISMATCH exp~28949","20.2","28950.00"
"cmrbydxr2000974v37yyzysoj","GMD/2026-27/253","Uttar Pradesh Cooperative Sugar Factories Federation Limited","On Conversion Basis C.I Sluice Valve 300 mm,PN10","FSD040003","RCB040002","31960","","UNEXPECTED_FILLED","34516.8","34516.8","MATCH","QR_MISMATCH exp~36111.5","4.62","36110.00"
"cmrbydxr1000774v3carfj5ek","GMD/2026-27/253","Uttar Pradesh Cooperative Sugar Factories Federation Limited","On Conversion Basis C.I Sluice Valve 200 mm,PN10","FSC060011","RSD120003","1600","1600","MATCH","1728","1728","MATCH","QR_OK","1148.26","21570.00"
"cmrbydxr1000274v3jphltg7t","GMD/2026-27/253","Uttar Pradesh Cooperative Sugar Factories Federation Limited","On Conversion Basis C.I Sluice Valve 50 mm,PN10","FSD040038","RSD130008","2855","","UNEXPECTED_FILLED","3083.4","3083.4","MATCH","QR_MISMATCH exp~5413.5","75.57","5410.00"
"cmrbydxr1000474v36n8q54dj","GMD/2026-27/253","Uttar Pradesh Cooperative Sugar Factories Federation Limited","On Conversion Basis C.I Sluice Valve 80 mm,PN10","FSD040044","RSD110042","4261","","UNEXPECTED_FILLED","4601.88","4601.88","MATCH","QR_MISMATCH exp~7788.7","69.25","7790.00"
"cmrbydxr1000374v32pujd2hh","GMD/2026-27/253","Uttar Pradesh Cooperative Sugar Factories Federation Limited","On Conversion Basis C.I Sluice Valve 65 mm,PN10","FSD040050","RSD130015","3000","","UNEXPECTED_FILLED","3240","3240","MATCH","QR_MISMATCH exp~6409","97.81","6410.00"
"cmrbydxr1000674v3uel7bkmn","GMD/2026-27/253","Uttar Pradesh Cooperative Sugar Factories Federation Limited","On Conversion Basis C.I Sluice Valve150 mm,PN10","FSD040002","RSD110023","10164","","UNEXPECTED_FILLED","10977.12","10977.12","MATCH","QR_OK","21.34","13320.00"
"cmrbydxr1000574v3mnzr5nfg","GMD/2026-27/253","Uttar Pradesh Cooperative Sugar Factories Federation Limited","On Conversion Basis C.I Sluice Valve 100 mm,PN10","FSD040001","RSD110001","6650","","UNEXPECTED_FILLED","7182","7182","MATCH","QR_OK","17.24","8420.00"
"cmrc19zqf000aggv3e5kehq57","GMD/2026-27/254","GKC Projects Ltd","“DALUI” make HW Op. Ductile Iron Body & Disc  Resilient Seated type Sluice Valve Of PN - 1.6 MPa.  The Valve face to face shall be as per BS : 5163/IS : 14846(PD type, Short Body)  with Flange End As Per IS: 1538.300mm","FSC030272","","","","NO_BOM_FOR_CODE","30000","","PRODUCT_NULL_BUT_COST_EXISTS","QR_OK","20","36000.00"
"cmrc19zqe0006ggv3i7zxqllw","GMD/2026-27/254","GKC Projects Ltd","“DALUI” make Gear Op. Ductile Iron Body & Disc  Resilient Seated type Sluice Valve Of PN - 1.6 MPa.  The Valve face to face shall be as per BS : 5163/IS : 14846(PD type, Short Body)  with Flange End As Per IS: 1538.1000mm","FSC030572","","","","NO_BOM_FOR_CODE","412000","","PRODUCT_NULL_BUT_COST_EXISTS","QR_OK","30","535600.00"
"cmrc19zqe0008ggv35ce0w8re","GMD/2026-27/254","GKC Projects Ltd","“DALUI” make HW Op. Ductile Iron Body & Disc  Resilient Seated type Sluice Valve Of PN - 1.6 MPa.  The Valve face to face shall be as per BS : 5163/IS : 14846(PD type, Short Body)  with Flange End As Per IS: 1538.200mm","FSC030212","","","","NO_BOM_FOR_CODE","12000","","PRODUCT_NULL_BUT_COST_EXISTS","QR_OK","25","15000.00"
"cmrc19zqe0004ggv3vd3e2fv9","GMD/2026-27/254","GKC Projects Ltd","“DALUI” make Gear Op. Ductile Iron Body & Disc  Resilient Seated type Sluice Valve Of PN - 1.6 MPa.  The Valve face to face shall be as per BS : 5163/IS : 14846(PD type, Short Body)  with Flange End As Per IS: 1538.800mm","FSC030512","","","","NO_BOM_FOR_CODE","131087","","PRODUCT_NULL_BUT_COST_EXISTS","QR_MISMATCH exp~176967.5","35","176970.00"
"cmrc19zqe0009ggv3xq0kb38k","GMD/2026-27/254","GKC Projects Ltd","“DALUI” make HW Op. Ductile Iron Body & Disc  Resilient Seated type Sluice Valve Of PN - 1.6 MPa.  The Valve face to face shall be as per BS : 5163/IS : 14846(PD type, Short Body)  with Flange End As Per IS: 1538.250mm","FSC030242","","","","NO_BOM_FOR_CODE","21000","","PRODUCT_NULL_BUT_COST_EXISTS","QR_OK","20","25200.00"
"cmrc19zqg000hggv3xbzg769g","GMD/2026-27/254","GKC Projects Ltd","“DALUI” make Gear OP. Ductile Iron Body & Disc  Concentric type Butterfly Valve Of PN - 1.6 MPa. As Per BS: 5155 // IS : 13095 with Flange End As Per IS: 1538.700mm","FBC010081","FBD020643","92200","92200","MATCH","99576","99576","MATCH","QR_MISMATCH exp~132067.6","32.63","132070.00"
"cmrc19zqg000gggv3k7w22qv7","GMD/2026-27/254","GKC Projects Ltd","“DALUI” make Gear OP. Ductile Iron Body & Disc  Concentric type Butterfly Valve Of PN - 1.6 MPa. As Per BS: 5155 // IS : 13095 with Flange End As Per IS: 1538.600mm","FBC010061","","","","NO_BOM_FOR_CODE","72262","","PRODUCT_NULL_BUT_COST_EXISTS","QR_MISMATCH exp~97546.5","34.99","97550.00"
"cmrc19zqg000jggv3ah8s6zq1","GMD/2026-27/254","GKC Projects Ltd","“DALUI” make Gear OP. Ductile Iron Body & Disc  Concentric type Butterfly Valve Of PN - 1.6 MPa. As Per BS: 5155 // IS : 13095 with Flange End As Per IS: 1538.1000mm","FBD010161","FBC010161","","","NULL_BOTH","208184","","PRODUCT_NULL_BUT_COST_EXISTS","QR_MISMATCH exp~281048.4","35","281050.00"
"cmrc19zqf000bggv3re8o5kyr","GMD/2026-27/254","GKC Projects Ltd","“DALUI” make HW Op. Ductile Iron Body & Disc  Resilient Seated type Sluice Valve Of PN - 1.6 MPa.  The Valve face to face shall be as per BS : 5163/IS : 14846(PD type, Short Body)  with Flange End As Per IS: 1538.350mm","FSC030308","","","","NO_BOM_FOR_CODE","39000","","PRODUCT_NULL_BUT_COST_EXISTS","QR_OK","20","46800.00"
"cmrc19zqe0003ggv3h1759hhx","GMD/2026-27/254","GKC Projects Ltd","“DALUI” make Gear Op. Ductile Iron Body & Disc  Resilient Seated type Sluice Valve Of PN - 1.6 MPa.  The Valve face to face shall be as per BS : 5163/IS : 14846(PD type, Short Body)  with Flange End As Per IS: 1538.600mm","FSC030422","","","","NO_BOM_FOR_CODE","72262","","PRODUCT_NULL_BUT_COST_EXISTS","QR_MISMATCH exp~97546.5","34.99","97550.00"
"cmrc19zqd0002ggv3eqg7wh74","GMD/2026-27/254","GKC Projects Ltd","“DALUI” make HW Op. Ductile Iron Body & Disc  Resilient Seated type Sluice Valve Of PN - 1.6 MPa.  The Valve face to face shall be as per BS : 5163/IS : 14846(PD type, Short Body)  with Flange End As Per IS: 1538.500mm","FRD010039","","","","NO_BOM_FOR_CODE","91000","","PRODUCT_NULL_BUT_COST_EXISTS","QR_OK","30","118300.00"
"cmrc19zqf000dggv3ubx9uick","GMD/2026-27/254","GKC Projects Ltd","“DALUI” make HW Op. Ductile Iron Body & Disc  Resilient Seated type Sluice Valve Of PN - 1.6 MPa.  The Valve face to face shall be as per BS : 5163/IS : 14846(PD type, Short Body)  with Flange End As Per IS: 1538.700mm","FSC030452","","","","NO_BOM_FOR_CODE","158000","","PRODUCT_NULL_BUT_COST_EXISTS","QR_OK","30","205400.00"
"cmrc19zqf000fggv3xfxnbuo2","GMD/2026-27/254","GKC Projects Ltd","“DALUI” make Gear OP. Ductile Iron Body & Disc  Concentric type Butterfly Valve Of PN - 1.6 MPa. As Per BS: 5155 // IS : 13095 with Flange End As Per IS: 1538.500mm","FBD020676","","","","NO_BOM_FOR_CODE","50903","","PRODUCT_NULL_BUT_COST_EXISTS","QR_MISMATCH exp~68719.1","35","68720.00"
"cmrc19zqg000iggv3fuihem43","GMD/2026-27/254","GKC Projects Ltd","“DALUI” make Gear OP. Ductile Iron Body & Disc  Concentric type Butterfly Valve Of PN - 1.6 MPa. As Per BS: 5155 // IS : 13095 with Flange End As Per IS: 1538.800mm","FBD010121","FBC010121","","","NULL_BOTH","131087","","PRODUCT_NULL_BUT_COST_EXISTS","QR_MISMATCH exp~176967.5","35","176970.00"
"cmrc19zqf000eggv3gebyopup","GMD/2026-27/254","GKC Projects Ltd","“DALUI” make Ductile Iron Body & Disc  Resilient Seated type Pressure Relief / Release Valve Of PN - 1.6 MPa. Manufacturing Standard with Flange End As Per IS: 1538.600mm","FCF110018","","","","NO_BOM_FOR_CODE","249137","","PRODUCT_NULL_BUT_COST_EXISTS","QR_MISMATCH exp~747411","200","747410.00"
"cmrc19zqg000kggv32cc799dh","GMD/2026-27/254","GKC Projects Ltd","“DALUI” make Gear OP. Ductile Iron Body & Disc  Concentric type Butterfly Valve Of PN - 1.6 MPa. As Per BS: 5155 // IS : 13095 with Flange End As Per IS: 1538.1800mm","FBC010321","","","","NO_BOM_FOR_CODE","758082","","PRODUCT_NULL_BUT_COST_EXISTS","QR_MISMATCH exp~1250835.3","65","1250840.00"
"cmrc19zqe0005ggv3hc3sfdi1","GMD/2026-27/254","GKC Projects Ltd","“DALUI” make Gear Op. Ductile Iron Body & Disc  Resilient Seated type Sluice Valve Of PN - 1.6 MPa.  The Valve face to face shall be as per BS : 5163/IS : 14846(PD type, Short Body)  with Flange End As Per IS: 1538.900mm","FSC030542","","","","NO_BOM_FOR_CODE","342800","","PRODUCT_NULL_BUT_COST_EXISTS","QR_OK","30","445640.00"
"cmrc19zqf000cggv3eg79f1pb","GMD/2026-27/254","GKC Projects Ltd","“DALUI” make HW Op. Ductile Iron Body & Disc  Resilient Seated type Sluice Valve Of PN - 1.6 MPa.  The Valve face to face shall be as per BS : 5163/IS : 14846(PD type, Short Body)  with Flange End As Per IS: 1538.400mm","FSC030339","","","","NO_BOM_FOR_CODE","54000","","PRODUCT_NULL_BUT_COST_EXISTS","QR_OK","20","64800.00"
"cmrdaq5wa000258v34kejovbx","GMD/2026-27/256","NCC LIMITED","SLUICE VALVE 350MM PN 16 , DI","FSD040028","RSD130032","","","NULL_BOTH","","","NULL_BOTH","","20",""
"cmrdbpkjd000658v3r3hsx6x0","GMD/2026-27/256","NCC LIMITED","SLUICE VALVE 200mm,PN16,DI","FSC060011","RSD120003","1600","1600","MATCH","1728","1728","MATCH","QR_OK","493.17","10250.00"
"cmrdbpkje000c58v3srzezzyg","GMD/2026-27/256","NCC LIMITED","SLUICE VALVE 800mm, PN16,DI","FSD040059","","","","NO_BOM_FOR_CODE","","","NULL_BOTH","","30",""
"cmrdbpkje000b58v30bmi4uk4","GMD/2026-27/256","NCC LIMITED","SLUICE VALVE 700mm ,PN16,DI","FSD040075","","","","NO_BOM_FOR_CODE","","","NULL_BOTH","","30",""
"cmrdbpkjd000758v33favzalq","GMD/2026-27/256","NCC LIMITED","SLUICE VALVE 250mm,PN16,DI","FSD040084","","","","NO_BOM_FOR_CODE","","","NULL_BOTH","","20",""
"cmrdbpkje000d58v3mnobnzfm","GMD/2026-27/256","NCC LIMITED","SLUICE VALVE 1000mm ,PN16,DI","FSD040136","","","","NO_BOM_FOR_CODE","","","NULL_BOTH","","30",""
"cmrdbpkje000958v3226wi22p","GMD/2026-27/256","NCC LIMITED","SLUICE VALVE 400mm,PN16,DI","FSD040037","","","","NO_BOM_FOR_CODE","","","NULL_BOTH","","20",""
"cmrdbpkje000a58v3h7ze8nd6","GMD/2026-27/256","NCC LIMITED","SLUICE VALVE 600mm ,PN16,DI","FSD040091","","","","NO_BOM_FOR_CODE","110725","","PRODUCT_NULL_BUT_COST_EXISTS","QR_MISMATCH exp~143942.5","30","143940.00"
"cmrdbpkjd000858v3v0izx3eo","GMD/2026-27/256","NCC LIMITED","SLUICE VALVE 300mm,PN16,DI","FSD040003","RCB040002","","","NULL_BOTH","","","NULL_BOTH","","20",""
"cmrdc93v0000k58v391u6x30q","GMD/2026-27/256","NCC LIMITED","Pressure relief valve PN16 900 mm,DI","FCF110021","","","","NO_BOM_FOR_CODE","","","NULL_BOTH","","200",""
"cmrdc93uz000j58v3ibgw42am","GMD/2026-27/256","NCC LIMITED","Pressure relief valve PN16 300 mm,DI","FCF080030","","","","NO_BOM_FOR_CODE","","","NULL_BOTH","","200",""
"cmrdcbint000p58v32a21mpmm","GMD/2026-27/256","NCC LIMITED","Butterfly Valves 800 mm ,PN16,DI","FBD010121","FBC010121","","","NULL_BOTH","","","NULL_BOTH","","35",""
"cmrdcbint000m58v3i246su8j","GMD/2026-27/256","NCC LIMITED","Butterfly Valves 350mm,PN16,DI","FBC020489","","","","NO_BOM_FOR_CODE","","","NULL_BOTH","","50",""
"cmrdcbint000q58v3try25did","GMD/2026-27/256","NCC LIMITED","Butterfly Valves 1000 mm ,PN16,DI","FBD010161","FBC010161","","","NULL_BOTH","","","NULL_BOTH","","35",""
"cmrdcbint000o58v3rpzkmiqs","GMD/2026-27/256","NCC LIMITED","Butterfly Valves 600 mm,PN16,DI","FBC010061","","","","NO_BOM_FOR_CODE","","","NULL_BOTH","","35",""
"cmrdcbint000l58v3u67ogxs0","GMD/2026-27/256","NCC LIMITED","Butterfly Valves 300mm,PN16,DI","FBC020511","","","","NO_BOM_FOR_CODE","","","NULL_BOTH","","50",""
"cmrdch3rk000r58v34afmnnob","GMD/2026-27/256","NCC LIMITED","Ductile Iron Temper proof Air valves 200 mm Class PN-1.6","FDC040021","","","","NO_BOM_FOR_CODE","","","NULL_BOTH","","35",""
"cmrdch3rk000t58v3127yjpqo","GMD/2026-27/256","NCC LIMITED","Ductile Iron Temper proof Air valves 80 mm Class PN-1.6","FDC040009","FTD050023","2800","141.90625","MISMATCH diff=2658.09","3024","3024","MATCH","QR_OK","34.92","4080.00"
"cmrdch3rk000u58v3fg9ex58h","GMD/2026-27/256","NCC LIMITED","Ductile Iron Temper proof Air valves 50 mm Class PN-1.6","FDC040005","FTD050002","13.25301204819277","17.310880829015545","MISMATCH diff=4.06","14.31","14.31","MATCH","QR_MISMATCH exp~19.3","35","20.00"
"cmrdch3rk000s58v3falozii3","GMD/2026-27/256","NCC LIMITED","Ductile Iron Temper proof Air valves 150 mm Class PN-1.6","FDC040017","FBD010509","378.5833333333333","378.5833333333333","MATCH","408.87","408.87","MATCH","QR_OK","2015.59","8650.00"
"cmrddtai8000v58v3gta52m6n","GMD/2026-27/254","GKC Projects Ltd","“DALUI” make HW Op. Ductile Iron Body & Disc  Resilient Seated type Sluice Valve Of PN - 1.6 MPa.  The Valve face to face shall be as per BS : 5163/IS : 14846(PD type, Short Body)  with Flange End As Per IS: 1538. 400mm","FSC030339","","","","NO_BOM_FOR_CODE","54000","","PRODUCT_NULL_BUT_COST_EXISTS","QR_OK","20","64800.00"
"cmrdjfkda0009ygv3j6u7hqf6","GMD/2026-27/257","KALPATARU PROJECTS INTERNATIONAL LIMITED","Swing Check Valve250mmPN 25","FCG010041","","","","NO_BOM_FOR_CODE","","","NULL_BOTH","","200",""
"cmrefct3m000sygv37924kars","GMD/2026-27/258","KALPATARU PROJECTS INTERNATIONAL LIMITED","“DALUI” make Auto Op. Ductile Iron Body & Disc  Resilient Seated type Dual Plate Check Valve Of PN - 1.6 MPa. As Per API : 594 with Flange End As Per IS: 1538. 600mm","FCE080035","","","","NO_BOM_FOR_CODE","","","NULL_BOTH","","200",""
"cmrefct3m000tygv3x7czopmd","GMD/2026-27/258","KALPATARU PROJECTS INTERNATIONAL LIMITED","“DALUI” make Auto Op. Ductile Iron Body & Disc  Resilient Seated type Dual Plate Check Valve Of PN - 25 MPa. As Per API : 594 with Flange End As Per IS: 1538.  500mm","FCF090093","","","","NO_BOM_FOR_CODE","","","NULL_BOTH","","200",""
"cmrefct3m000uygv38sk7xmal","GMD/2026-27/258","KALPATARU PROJECTS INTERNATIONAL LIMITED","“DALUI” make Auto Op. Ductile Iron Body & Disc  Resilient Seated type Dual Plate Check Valve Of PN - 25 MPa. As Per API : 594 with Flange End As Per IS: 1538. 600mm","FCF090071","","","","NO_BOM_FOR_CODE","","","NULL_BOTH","","200",""
"cmrefct3l000qygv3mr1zu8wz","GMD/2026-27/258","KALPATARU PROJECTS INTERNATIONAL LIMITED","“DALUI” make Auto Op. Ductile Iron Body & Disc  Resilient Seated type Dual Plate Check Valve Of PN - 1.6 MPa. As Per API : 594 with Flange End As Per IS: 1538. 400mm","FCE080023","","","","NO_BOM_FOR_CODE","","","NULL_BOTH","","200",""
"cmrefct3m000rygv3baqrj42d","GMD/2026-27/258","KALPATARU PROJECTS INTERNATIONAL LIMITED","“DALUI” make Auto Op. Ductile Iron Body & Disc  Resilient Seated type Dual Plate Check Valve Of PN - 1.6 MPa. As Per API : 594 with Flange End As Per IS: 1538. 500mm","FCE080024","","","","NO_BOM_FOR_CODE","","","NULL_BOTH","","200",""
"cmreqspu100027ov380wmeb5y","GMD/2026-27/259","UMWELT ENGINEER PRIVATE LIMITED","D.I. Double Flanged  Butter Fly Valve 1800mm PN16","FBC010321","","","","NO_BOM_FOR_CODE","","","NULL_BOTH","","65",""
"cmresu6f6000d7ov3d8x1lojp","GMD/2026-27/261","KALPATARU PROJECTS INTERNATIONAL LIMITED","“DALUI” make Auto Op. Ductile Iron Body & Disc Resilient Seated type Dual Plate Check Valve Of PN - 1.6 MPa. As Per API : 594 with Flange End As Per IS: 1538.600mmPN16","FCE080035","","","","NO_BOM_FOR_CODE","","","NULL_BOTH","","200",""
"cmresu6f6000f7ov3netael7g","GMD/2026-27/261","KALPATARU PROJECTS INTERNATIONAL LIMITED","“DALUI” make Auto Op. Ductile Iron Body & Disc Resilient Seated type Dual Plate Check Valve Of PN - 25 MPa. As Per API : 594 with Flange End As Per IS: 1538.600mmPN25","FCF090071","","","","NO_BOM_FOR_CODE","","","NULL_BOTH","","200",""
"cmresu6f6000b7ov3thb5kft4","GMD/2026-27/261","KALPATARU PROJECTS INTERNATIONAL LIMITED","“DALUI” make Auto Op. Ductile Iron Body & Disc Resilient Seated type Dual Plate Check Valve Of PN - 1.6 MPa. As Per API : 594 with Flange End As Per IS: 1538.400mmPN16","FCE080023","","","","NO_BOM_FOR_CODE","","","NULL_BOTH","","200",""
"cmresu6f6000e7ov3lytg7bgv","GMD/2026-27/261","KALPATARU PROJECTS INTERNATIONAL LIMITED","“DALUI” make Auto Op. Ductile Iron Body & Disc Resilient Seated type Dual Plate Check Valve Of PN - 25 MPa. As Per API : 594 with Flange End As Per IS: 1538.500mmPN25","FCF090093","","","","NO_BOM_FOR_CODE","","","NULL_BOTH","","200",""
"cmresu6f6000c7ov31so86vau","GMD/2026-27/261","KALPATARU PROJECTS INTERNATIONAL LIMITED","“DALUI” make Auto Op. Ductile Iron Body & Disc Resilient Seated type Dual Plate Check Valve Of PN - 1.6 MPa. As Per API : 594 with Flange End As Per IS: 1538.500mmPN16","FCE080024","","","","NO_BOM_FOR_CODE","","","NULL_BOTH","","200",""
"cmreviqa8000488v3yl1umwf9","GMD/2026-27/262","KOYA AND COMPANY CONSTRUCTION LTD","“DALUI” make Auto Op. Ductile Iron Body & Disc Metal Seated type Non Return Valve Of PN - 1.6 MPa. As per IS 5312 with Flange End As Per IS: 1538.250mm","FCE080025","","","","NO_BOM_FOR_CODE","","","NULL_BOTH","","200",""
"cmreviqa8000588v3hycp0afy","GMD/2026-27/262","KOYA AND COMPANY CONSTRUCTION LTD","“DALUI” make Auto Op. Ductile Iron Body & Disc Metal Seated type Non Return Valve Of PN - 1.6 MPa. As per IS 5312 with Flange End As Per IS: 1538.200mm","FCE080028","","","","NO_BOM_FOR_CODE","","","NULL_BOTH","","200",""
"cmreviqa8000788v3el1r9qin","GMD/2026-27/262","KOYA AND COMPANY CONSTRUCTION LTD","“DALUI” make HW Op. Ductile Iron Body & Disc Resilient Seated type Sluice Valve Of PN - 1.6 MPa. The Valve face to face shall be as per BS : 5163/IS : 14846(PD type, Short Body) with Flange End As Per IS: 1538.200mm","FSC030212","","","","NO_BOM_FOR_CODE","","","NULL_BOTH","","35",""
"cmreviqa8000688v3mbp0oryv","GMD/2026-27/262","KOYA AND COMPANY CONSTRUCTION LTD","“DALUI” make HW Op. Ductile Iron Body & Disc Resilient Seated type Sluice Valve Of PN - 1.6 MPa. The Valve face to face shall be as per BS : 5163/IS : 14846(PD type, Short Body) with Flange End As Per IS: 1538.250mm","FSC030242","","","","NO_BOM_FOR_CODE","","","NULL_BOTH","","35",""
"cmreviqa8000988v3r5wvftpo","GMD/2026-27/262","KOYA AND COMPANY CONSTRUCTION LTD","“DALUI” make Auto Op. Mild Steel Body & Disc Metal Seated type Air Cushion Valve Of PN - 1.0 MPa. Manufacturing Standard with Flange End As Per IS: 1538.100mm","FCI020006","","","","NO_BOM_FOR_CODE","","","NULL_BOTH","","75",""
"cmreviqa8000a88v3dck3o5mb","GMD/2026-27/262","KOYA AND COMPANY CONSTRUCTION LTD","“DALUI” make Auto Op. Ductile Iron Body & Disc Resilient Seated type Tamper Proof Air Valve Of PN - 1.0 MPa. As Per AWWA C 512 with Flange End As Per IS: 1538.200mm","FDC040021","","","","NO_BOM_FOR_CODE","","","NULL_BOTH","","35",""
"cmreviqa8000c88v3d5e12w1g","GMD/2026-27/262","KOYA AND COMPANY CONSTRUCTION LTD","“DALUI” make HW Op. Ductile Iron Body & Disc Resilient Seated type Sluice Valve Of PN - 1.0 MPa. The Valve face to face shall be as per BS : 5163/IS : 14846(PD type, Short Body) with Flange End As Per IS: 1538.200mm","FSC030212","","","","NO_BOM_FOR_CODE","","","NULL_BOTH","","35",""
"cmreviqa8000b88v3md02usty","GMD/2026-27/262","KOYA AND COMPANY CONSTRUCTION LTD","“DALUI” make Auto Op. Ductile Iron Body & Disc Resilient Seated type Tamper Proof Air Valve Of PN - 1.0 MPa. As Per AWWA C 512 with Flange End As Per IS: 1538.100mm","FDC040013","FTD050018","5421","5421","MATCH","5854.68","5854.68","MATCH","QR_OK","168.67","15730.00"
"cmreviqa8000888v392odm2ac","GMD/2026-27/262","KOYA AND COMPANY CONSTRUCTION LTD","“DALUI” make Auto Op. Mild Steel Body & Disc Metal Seated type Air Cushion Valve Of PN - 1.0 MPa. Manufacturing Standard with Flange End As Per IS: 1538.200mm","FSC030092","","","","NO_BOM_FOR_CODE","","","NULL_BOTH","","75",""
"cmrfy7xpk000n88v34etm9kue","GMD/2026-27/263","Bhabha Atomic Research Centre(BARC)","DI Butterfly valves,350mm,PN16","FBC020489","","","","NO_BOM_FOR_CODE","25253","","PRODUCT_NULL_BUT_COST_EXISTS","QR_OK","50","37880.00"
"cmrfy7xpk000m88v3nvpqywp5","GMD/2026-27/263","Bhabha Atomic Research Centre(BARC)","DI Butterfly valves,300mm,PN16","FBC020511","","","","NO_BOM_FOR_CODE","21200","","PRODUCT_NULL_BUT_COST_EXISTS","QR_OK","50","31800.00"
"cmrfy7xpk000l88v3t63xj0eo","GMD/2026-27/263","Bhabha Atomic Research Centre(BARC)","DI Butterfly valves,250mm,PN16","FBC010487","","","","NO_BOM_FOR_CODE","15407.8","","PRODUCT_NULL_BUT_COST_EXISTS","QR_OK","49.99","23110.00"
"cmrfy7xpk000k88v35vgkm0nq","GMD/2026-27/263","Bhabha Atomic Research Centre(BARC)","DI Butterfly valves,200mm,PN16","FBC010486","","","","NO_BOM_FOR_CODE","13897.1","","PRODUCT_NULL_BUT_COST_EXISTS","QR_OK","50.03","20850.00"
"cmrfy7xpk000g88v3plnq40gu","GMD/2026-27/263","Bhabha Atomic Research Centre(BARC)","DI Butterfly valves,50mm,PN16","FBD010513","","","","NO_BOM_FOR_CODE","2033.65","","PRODUCT_NULL_BUT_COST_EXISTS","QR_OK","49.98","3050.00"
"cmrfy7xpk000h88v3j949p7nn","GMD/2026-27/263","Bhabha Atomic Research Centre(BARC)","DI Butterfly valves,80mm,PN16","FBC010506","FBD010483","2300","2300","MATCH","2484","2484","MATCH","QR_OK","22.79","3050.00"
"cmrfy7xpk000i88v3vy8qe68h","GMD/2026-27/263","Bhabha Atomic Research Centre(BARC)","DI Butterfly valves,100mm,PN16","FBD010525","RED140002","","","NULL_BOTH","3819.06","","PRODUCT_NULL_BUT_COST_EXISTS","QR_OK","50.04","5730.00"
"cmrfy7xpk000j88v3blkic57i","GMD/2026-27/263","Bhabha Atomic Research Centre(BARC)","DI Butterfly valves,150mm,PN16","FBD010481","FBD010509","378.5833333333333","378.5833333333333","MATCH","408.87","408.87","MATCH","QR_OK","1846.83","7960.00"
"cmrisj7lb001wxsv3uvf6f4aa","GMD/2026-27/266","SJ Environmental Solutions.","NRV250mmPN16CI","FCE080025","","","","NO_BOM_FOR_CODE","","","NULL_BOTH","","200",""
"cmrisj7lb002mxsv3312480qx","GMD/2026-27/266","SJ Environmental Solutions.","NRV100mmPN16CI","FCE080020","","","","NO_BOM_FOR_CODE","","","NULL_BOTH","","200",""
"cmrisj7l9000bxsv3j11thjd9","GMD/2026-27/266","SJ Environmental Solutions.","NRV200mmPN16CI","FCE080028","","","","NO_BOM_FOR_CODE","","","NULL_BOTH","","200",""
"cmrisj7lb001sxsv341p0vubs","GMD/2026-27/266","SJ Environmental Solutions.","NRV50mmPN16CI","FCG010015","RND010003","","","NULL_BOTH","","","NULL_BOTH","","200",""
"cmrisj7lc002vxsv35u75t0r6","GMD/2026-27/266","SJ Environmental Solutions.","NRV100mmPN16CI","FCE080020","","","","NO_BOM_FOR_CODE","","","NULL_BOTH","","200",""
"cmrisj7lc002qxsv3t6bcwc4l","GMD/2026-27/266","SJ Environmental Solutions.","NRV100mmPN16CI","FCE080020","","","","NO_BOM_FOR_CODE","","","NULL_BOTH","","200",""
"cmrisj7lb002gxsv34u63za0j","GMD/2026-27/266","SJ Environmental Solutions.","NRV200mmPN16CI","FCE080028","","","","NO_BOM_FOR_CODE","","","NULL_BOTH","","200",""
"cmrisj7lb0022xsv35otdku5c","GMD/2026-27/266","SJ Environmental Solutions.","NRV200mmPN16CI","FCE080028","","","","NO_BOM_FOR_CODE","","","NULL_BOTH","","200",""
"cmrisj7la001exsv35l5mmlf7","GMD/2026-27/266","SJ Environmental Solutions.","NRV200mmPN16CI","FCE080028","","","","NO_BOM_FOR_CODE","","","NULL_BOTH","","200",""
"cmrisj7lb0024xsv3y28k6364","GMD/2026-27/266","SJ Environmental Solutions.","NRV200mmPN16CI","FCE080028","","","","NO_BOM_FOR_CODE","","","NULL_BOTH","","200",""
"cmrisj7lc003gxsv3yzc9kr2n","GMD/2026-27/266","SJ Environmental Solutions.","NRV50mmPN16CI","FCG010015","RND010003","","","NULL_BOTH","","","NULL_BOTH","","200",""
"cmrisj7lb002bxsv36er145pv","GMD/2026-27/266","SJ Environmental Solutions.","NRV200mmPN16CI","FCE080028","","","","NO_BOM_FOR_CODE","","","NULL_BOTH","","200",""
"cmrisj7l90002xsv3vb42mmon","GMD/2026-27/266","SJ Environmental Solutions.","NRV200mmPN16CI","FCE080028","","","","NO_BOM_FOR_CODE","","","NULL_BOTH","","200",""
"cmrisj7l90004xsv3ob1227b4","GMD/2026-27/266","SJ Environmental Solutions.","NRV200mmPN16CI","FCE080028","","","","NO_BOM_FOR_CODE","","","NULL_BOTH","","200",""
"cmrisj7la001lxsv3tqy5rby1","GMD/2026-27/266","SJ Environmental Solutions.","NRV50mmPN16CI","FCG010015","RND010003","","","NULL_BOTH","","","NULL_BOTH","","200",""
"cmrisj7la001cxsv3drlzomvw","GMD/2026-27/266","SJ Environmental Solutions.","NRV150mmPN16CI","FCF090032","RNC010004","","","NULL_BOTH","","","NULL_BOTH","","200",""
"cmrisj7lb001txsv336zkymm0","GMD/2026-27/266","SJ Environmental Solutions.","NRV50mmPN16CI","FCG010015","RND010003","","","NULL_BOTH","","","NULL_BOTH","","200",""
"cmrisj7l9000ixsv3bu15avlq","GMD/2026-27/266","SJ Environmental Solutions.","NRV200mmPN16CI","FCE080028","","","","NO_BOM_FOR_CODE","","","NULL_BOTH","","200",""
"cmrisj7la001nxsv31mzgu3py","GMD/2026-27/266","SJ Environmental Solutions.","NRV50mmPN16CI","FCG010015","RND010003","","","NULL_BOTH","","","NULL_BOTH","","200",""
"cmrisj7l9000gxsv3n1o961d8","GMD/2026-27/266","SJ Environmental Solutions.","NRV200mmPN16CI","FCE080028","","","","NO_BOM_FOR_CODE","","","NULL_BOTH","","200",""
"cmrisj7lb0029xsv37n5f63lf","GMD/2026-27/266","SJ Environmental Solutions.","NRV200mmPN16CI","FCE080028","","","","NO_BOM_FOR_CODE","","","NULL_BOTH","","200",""
"cmrisj7lc002rxsv3a0gbbsqs","GMD/2026-27/266","SJ Environmental Solutions.","NRV100mmPN16CI","FCE080020","","","","NO_BOM_FOR_CODE","","","NULL_BOTH","","200",""
"cmrisj7lc003dxsv3vwniq3jk","GMD/2026-27/266","SJ Environmental Solutions.","NRV50mmPN16CI","FCG010015","RND010003","","","NULL_BOTH","","","NULL_BOTH","","200",""
"cmrisj7l90009xsv3xsmvwwm9","GMD/2026-27/266","SJ Environmental Solutions.","NRV200mmPN16CI","FCE080028","","","","NO_BOM_FOR_CODE","","","NULL_BOTH","","200",""
"cmrisj7lb002hxsv3hwjn560z","GMD/2026-27/266","SJ Environmental Solutions.","NRV200mmPN16CI","FCE080028","","","","NO_BOM_FOR_CODE","","","NULL_BOTH","","200",""
"cmrisj7lb001zxsv3127kuawl","GMD/2026-27/266","SJ Environmental Solutions.","NRV250mmPN16CI","FCE080025","","","","NO_BOM_FOR_CODE","","","NULL_BOTH","","200",""
"cmrisj7lc002zxsv3rkrzymc9","GMD/2026-27/266","SJ Environmental Solutions.","NRV100mmPN16CI","FCE080020","","","","NO_BOM_FOR_CODE","","","NULL_BOTH","","200",""
"cmrizjvwu0002u0v30gscg5k3","GMD/2026-27/267","LCC Projects Limited","200 mm dia Air Valve PN 1.6 CI","FDC040021","","","","NO_BOM_FOR_CODE","8640.96","","PRODUCT_NULL_BUT_COST_EXISTS","QR_MISMATCH exp~11665.3","35","11670.00"
"cmrizjvwu0005u0v3keblu4an","GMD/2026-27/267","LCC Projects Limited","do as above for Zero Velocity Valve with bypass arrangement with C.I. body 300 MM size","FCI010007","","","","NO_BOM_FOR_CODE","100759","","PRODUCT_NULL_BUT_COST_EXISTS","QR_MISMATCH exp~201518","100","201520.00"
"cmrizjvwu0004u0v3h1mry98j","GMD/2026-27/267","LCC Projects Limited","900 mm dia Knife gate Valve PN 1.0","FCF060010","","","","NO_BOM_FOR_CODE","320000","","PRODUCT_NULL_BUT_COST_EXISTS","QR_OK","25","400000.00"
"cmrizjvwu0003u0v3l5dijeke","GMD/2026-27/267","LCC Projects Limited","800 mm dia Knife gate Valve PN 1.0 CI","FCE030029","","","","NO_BOM_FOR_CODE","180000","","PRODUCT_NULL_BUT_COST_EXISTS","QR_OK","25","225000.00"
"cmrj1c7j8000au0v3isjkkn5w","GMD/2026-27/268","NTPC LIMITED","Butterfly Valve With pneumatic actuator 300mm,PN10,CI","FBD020493","","27476.015","","NO_BOM_FOR_CODE|STALE_GATE","29970.84","29970.84","MATCH","QR_OK","88.15","56390.00"
"cmrj1c7j8000bu0v3gghvlw0g","GMD/2026-27/268","NTPC LIMITED","Butterfly Valve With pneumatic actuator 150mm,PN16,CI","FBD010489","","10290.24","","NO_BOM_FOR_CODE|STALE_GATE","11224.59","11224.59","MATCH","QR_OK","130.21","25840.00"
"cmrj1c7j8000cu0v39qy3ybe8","GMD/2026-27/268","NTPC LIMITED","Butterfly Valve With pneumatic actuator 80mm,PN10,CI","FBD020563","","5400.78","","NO_BOM_FOR_CODE|STALE_GATE","5891.17","5891.17","MATCH","QR_MISMATCH exp~8836.8","50","8840.00"
"cmrj1c7j8000du0v30b6qleiu","GMD/2026-27/268","NTPC LIMITED","Butterfly Valve With pneumatic actuator 100mm,PN10,CI","FBD010488","","6802.12","","NO_BOM_FOR_CODE|STALE_GATE","7419.75","7419.75","MATCH","QR_OK","167.26","19830.00"
"cmrk7n6pd000334v3w8qi8mkt","GMD/2026-27/269","Rubrik Infrastructure Pvt Ltd","“DALUI” make Auto Op. Ductile Iron Body & Disc Resilient Seated type Tamper Proof Air Valve Of PN - 1.6 MPa. As Per AWWA C 512 with Flange End As Per IS: 1538.100mm","FDC040013","FTD050018","5421","5421","MATCH","5854.68","5854.68","MATCH","QR_OK","-26.04","4330.00"
"cmrk7n6pd000234v3t15xjm64","GMD/2026-27/269","Rubrik Infrastructure Pvt Ltd","“DALUI” make HW Op. Ductile Iron Body & Disc Resilient Seated type Sluice Valve Of PN - 1.6 MPa. The Valve face to face shall be as per BS : 5163/IS : 14846(PD type, Short Body) with Flange End As Per IS: 1538.200mm","FSC060011","RSD120003","1600","1600","MATCH","1728","1728","MATCH","QR_OK","518.63","10690.00"
"cmrk7n6pe000434v311lto1i7","GMD/2026-27/269","Rubrik Infrastructure Pvt Ltd","“DALUI” make HW Op. Ductile Iron Body & Disc Resilient Seated type Sluice Valve Of PN - 1.6 MPa. The Valve face to face shall be as per BS : 5163/IS : 14846(PD type, Short Body) with Flange End As Per IS: 1538.450mm","FSD040159","","52979","","NO_BOM_FOR_CODE|STALE_GATE","57217.32","57217.32","MATCH","QR_MISMATCH exp~74170.8","29.63","74170.00"
"cmrk8xy07000934v322xb62vt","GMD/2026-27/270","Jain Irrigation","CI / DI LUG STYLE BUTTERFLY VALVE ( ELECTRICALLY ACTUATED )900 MMPN10","FBC010143","","","","NO_BOM_FOR_CODE","286077.3","","PRODUCT_NULL_BUT_COST_EXISTS","QR_MISMATCH exp~386204.4","35","386200.00"
"cmrk8xy07000734v3ugg1kkzg","GMD/2026-27/270","Jain Irrigation","CI / DI LUG STYLE BUTTERFLY VALVE (ELECTRICALLY ACTUATED)600 MMPN10","FBC010063","","","","NO_BOM_FOR_CODE","140918","","PRODUCT_NULL_BUT_COST_EXISTS","QR_MISMATCH exp~190239.3","35","190240.00"
"cmrk8xy07000834v33hovob9d","GMD/2026-27/270","Jain Irrigation","CI / DI LUG STYLE BUTTERFLY VALVE ( ELECTRICALLY ACTUATED )800 MMPN10","FBC010123","","","","NO_BOM_FOR_CODE","220966.6","","PRODUCT_NULL_BUT_COST_EXISTS","QR_MISMATCH exp~298304.9","35","298300.00"
"cmrk8xy07000a34v3kdciieqt","GMD/2026-27/270","Jain Irrigation","CI / DI LUG STYLE BUTTERFLY VALVE ( ELECTRICALLY ACTUATED )1000 MMPN10","FBC010163","","","","NO_BOM_FOR_CODE","344397.5","","PRODUCT_NULL_BUT_COST_EXISTS","QR_MISMATCH exp~464936.6","35","464940.00"
"cmrkd0nmr000d34v3mtvmvoko","GMD/2026-27/271","Rashtriya Ispat Nigam Limited","CI Plug valve 50mm,PN10","FCF140001","","6896","","NO_BOM_FOR_CODE|STALE_GATE","7447.68","7522.16","MISMATCH diff=74.48","QR_MISMATCH exp~13033.4","75","13030.00"
"cmrkejr2l000u34v3z3ihi6cv","GMD/2026-27/272","ZUBERI ENGINEERING CONSTRUCTION PVT. LTD.","DI Dual plate check valve 125mm PN1.6","FHC010008","","","","NO_BOM_FOR_CODE","2188.534","","PRODUCT_NULL_BUT_COST_EXISTS","QR_MISMATCH exp~5325.6","143.34","5330.00"
"cmrkejr2l000o34v3rxtzqfih","GMD/2026-27/272","ZUBERI ENGINEERING CONSTRUCTION PVT. LTD.","DI Sluice Valves 150mm PN1.6 With Actuator","FSD040182","","","","NO_BOM_FOR_CODE","64210","","PRODUCT_NULL_BUT_COST_EXISTS","QR_MISMATCH exp~82188.8","28","82190.00"
"cmrkejr2l000r34v3misod47d","GMD/2026-27/272","ZUBERI ENGINEERING CONSTRUCTION PVT. LTD.","DI Butterfly valves 200mm PN1.6 With Gear Box & Actuator","FBD020489","","","","NO_BOM_FOR_CODE","62185","","PRODUCT_NULL_BUT_COST_EXISTS","QR_MISMATCH exp~114482.6","84.1","114480.00"
"cmrkejr2l000n34v3seu445e3","GMD/2026-27/272","ZUBERI ENGINEERING CONSTRUCTION PVT. LTD.","DI Sluice Valves 125mm PN1.6 With Actuator","FSD040137","","","","NO_BOM_FOR_CODE","63785","","PRODUCT_NULL_BUT_COST_EXISTS","QR_MISMATCH exp~84196.2","32","84200.00"
"cmrkejr2l000m34v3tdfq60n9","GMD/2026-27/272","ZUBERI ENGINEERING CONSTRUCTION PVT. LTD.","DI Sluice Valves 80mm PN1.6 With Actuator","FSD040101","","","","NO_BOM_FOR_CODE","61664","","PRODUCT_NULL_BUT_COST_EXISTS","QR_OK","28","78930.00"
"cmrkejr2l000q34v39lsegm3o","GMD/2026-27/272","ZUBERI ENGINEERING CONSTRUCTION PVT. LTD.","DI Sluice Valves 450mm PN1.6 With Actuator","FSD040178","","","","NO_BOM_FOR_CODE","142828","","PRODUCT_NULL_BUT_COST_EXISTS","QR_MISMATCH exp~175678.4","23","175680.00"
"cmrkejr2l000l34v35t6h8w37","GMD/2026-27/272","ZUBERI ENGINEERING CONSTRUCTION PVT. LTD.","DI,Resilient Seated Sluice Valves 150mm PN 1.6","FSD040002","RSD110023","","","NULL_BOTH","4668","","PRODUCT_NULL_BUT_COST_EXISTS","QR_OK","36.25","6360.00"
"cmrkejr2l000k34v3ukjvs43a","GMD/2026-27/272","ZUBERI ENGINEERING CONSTRUCTION PVT. LTD.","DI,Resilient Seated Sluice Valves 100mm PN 1.6","FSD040001","RSD110001","","","NULL_BOTH","2599","","PRODUCT_NULL_BUT_COST_EXISTS","QR_MISMATCH exp~3757.9","44.59","3760.00"
"cmrkejr2l000s34v30gp0taye","GMD/2026-27/272","ZUBERI ENGINEERING CONSTRUCTION PVT. LTD.","DI Butterfly valves 250mm PN1.6 With Gear Box & Actuator","FBC010481","","","","NO_BOM_FOR_CODE","68824","","PRODUCT_NULL_BUT_COST_EXISTS","QR_OK","48","101860.00"
"cmrkejr2l000t34v3pun8zm0l","GMD/2026-27/272","ZUBERI ENGINEERING CONSTRUCTION PVT. LTD.","DI Dual plate check valve80mm PN1.6","FHD010005","RO1010003","","","NULL_BOTH","2146.2","","PRODUCT_NULL_BUT_COST_EXISTS","QR_MISMATCH exp~2974.4","38.59","2970.00"
"cmrkejr2l000j34v30brox7z5","GMD/2026-27/272","ZUBERI ENGINEERING CONSTRUCTION PVT. LTD.","DI,Resilient Seated Sluice Valves 80mm PN 1.6","FSD040044","RSD110042","","","NULL_BOTH","2122","","PRODUCT_NULL_BUT_COST_EXISTS","QR_MISMATCH exp~3293.6","55.21","3290.00"
"cmrkejr2l000p34v3ocumx11w","GMD/2026-27/272","ZUBERI ENGINEERING CONSTRUCTION PVT. LTD.","DI Sluice Valves 350mm PN1.6 With Actuator","FSD040088","","","","NO_BOM_FOR_CODE","101099","","PRODUCT_NULL_BUT_COST_EXISTS","QR_MISMATCH exp~133450.7","32","133450.00"
"cmrkf1xuz000y34v3x6prcpf7","GMD/2026-27/273","Vishnu Prakash R Punglia Limited","Ductile iron single chamber triple function temper proof air valves 250mm,PN16","FDC040025","","","","NO_BOM_FOR_CODE","30000","","PRODUCT_NULL_BUT_COST_EXISTS","QR_OK","35","40500.00"
"cmrkf1xuz000x34v3emrnq3j9","GMD/2026-27/273","Vishnu Prakash R Punglia Limited","Ductile iron double flanged scour valves as per IS:14846 500mm,PN16","FRD010039","","","","NO_BOM_FOR_CODE","61688","","PRODUCT_NULL_BUT_COST_EXISTS","QR_MISMATCH exp~74031.8","20.01","74030.00"
"cmrkiql7s001534v39d3s97ew","GMD/2026-27/274","Jain Irrigation","Ductile Iron Automatic Air valves 40mm,PN16","FDC040001","FTD050001","14.5985401459854","14.598540145985401","MATCH","15.77","15.77","MATCH","QR_OK","26.82","20.00"
"cmrkiql7s001434v3e4xbyh9z","GMD/2026-27/274","Jain Irrigation","Ductile Iron D/F Scour Valves of PN10,50mm","FSD040038","RSD130008","","","NULL_BOTH","","","NULL_BOTH","","25",""
"cmrkiql7s001834v3wetj0vy9","GMD/2026-27/274","Jain Irrigation","Cast Iron / Ductile Iron made Ball Valves 50mm,PN16","FCF010010","","","","NO_BOM_FOR_CODE","","","NULL_BOTH","","50",""
"cmrkiql7s001634v3ztg1i2zw","GMD/2026-27/274","Jain Irrigation","Cast Iron / Ductile Iron made Ball Valves 25mm,PN16","FCF010005","","","","NO_BOM_FOR_CODE","","","NULL_BOTH","","50",""
"cmrkiql7s001334v35yktb1zu","GMD/2026-27/274","Jain Irrigation","Ductile Iron D/F Gate/Sluice Valves of PN10,100mm","FSD040001","RSD110001","","","NULL_BOTH","","","NULL_BOTH","","25",""
"cmrkiql7s001234v37okaqbv1","GMD/2026-27/274","Jain Irrigation","Ductile Iron D/F Gate/Sluice Valves of PN10,200mm","FSC060011","RSD120003","1600","1600","MATCH","1728","1728","MATCH","QR_OK","493.17","10250.00"
"cmrkiql7s001734v3j0cpx1v8","GMD/2026-27/274","Jain Irrigation","Cast Iron / Ductile Iron made Ball Valves 32mm,PN16","FCF010012","","","","NO_BOM_FOR_CODE","","","NULL_BOTH","","50",""
"cmrlqlvyk0002eov3ndu7y4yu","GMD/2026-27/275","Hindustan Copper Limited","CI Sluice Valve 100mm PN16","FSD040001","RSD110001","6700","","UNEXPECTED_FILLED","7308.36","7308.36","MATCH","QR_OK","123.03","16300.00"
"cmrlqlvyk0005eov39431kksg","GMD/2026-27/275","Hindustan Copper Limited","CI Sluice Valve 250mm PN10","FSD040084","","22300","","NO_BOM_FOR_CODE|STALE_GATE","24324.84","24324.84","MATCH","QR_MISMATCH exp~37440.8","53.92","37440.00"
"cmrlqlvyk0003eov39g7ot96c","GMD/2026-27/275","Hindustan Copper Limited","CI Sluice Valve 150mm PN10","FSD040002","RSD110023","10200","","UNEXPECTED_FILLED","11126.16","11126.16","MATCH","QR_OK","91.17","21270.00"
"cmrlqlvyk0004eov3b5m44b1f","GMD/2026-27/275","Hindustan Copper Limited","CI Sluice Valve 200mm PN10","FSC060011","RSD120003","1600","1600","MATCH","1745.28","1745.28","MATCH","QR_OK","1523.81","28340.00"
"cmrnbzf60000rxgv33s4pmj5s","GMD/2026-27/278","Shapoorji Pallonji And Company Private Limited","“DALUI” make HW Op. Ductile Iron Body & Disc Resilient Seated type Sluice Valve Of PN - 1.6 MPa. The Valve face to face shall be as per BS : 5163/IS : 14846(PD type, Short Body) with Flange End As Per IS: 1538,400MM","FSC030339","","31125","","NO_BOM_FOR_CODE|STALE_GATE","33615","33615","MATCH","QR_OK","11.11","37350.00"
"cmrnbzf610013xgv32tmquwmb","GMD/2026-27/278","Shapoorji Pallonji And Company Private Limited","“DALUI” make Lever OP. Ductile Iron Body & Disc Concentric type Butterfly Valve Of PN - 1.6 MPa. As Per BS: 5155 // IS : 13095 with Flange End As Per IS: 1538,300MM","FBD020482","","7800","","NO_BOM_FOR_CODE|STALE_GATE","8424","8424","MATCH","QR_OK","34.26","11310.00"
"cmrnbzf61000yxgv3mi5tnz26","GMD/2026-27/278","Shapoorji Pallonji And Company Private Limited","“DALUI” make HW Op. Ductile Iron Body & Disc Resilient Seated type Sluice Valve Of PN - 1.6 MPa. The Valve face to face shall be as per BS : 5163/IS : 14846(PD type, Short Body) with Flange End As Per IS: 1538,250MM","FSC030242","","13048","","NO_BOM_FOR_CODE|STALE_GATE","14091.84","14091.84","MATCH","QR_OK","11.13","15660.00"
"cmrnbzf60000sxgv3qwq67zau","GMD/2026-27/278","Shapoorji Pallonji And Company Private Limited","“DALUI” make Auto Op. Ductile Iron Body & Disc Resilient Seated type Sluice Valve Of PN - 1.6 MPa. The Valve face to face shall be as per BS : 5163/IS : 14846(PD type, Short Body) with Flange End As Per IS: 1538,600MM","FSC030422","","113723","","NO_BOM_FOR_CODE|STALE_GATE","122820.84","122820.84","MATCH","QR_MISMATCH exp~202838.6","65.15","202840.00"
"cmrnbzf61000txgv35vzglq2b","GMD/2026-27/278","Shapoorji Pallonji And Company Private Limited","“DALUI” make Auto Op. Ductile Iron Body & Disc Resilient Seated type Sluice Valve Of PN - 1.6 MPa. The Valve face to face shall be as per BS : 5163/IS : 14846(PD type, Short Body) with Flange End As Per IS: 1538,700MM","FSC030452","","232220","","NO_BOM_FOR_CODE|STALE_GATE","250797.6","250797.6","MATCH","QR_MISMATCH exp~356885","42.3","356890.00"
"cmrnbzf61000uxgv308n9lgun","GMD/2026-27/278","Shapoorji Pallonji And Company Private Limited","“DALUI” make Auto Op. Ductile Iron Body & Disc Resilient Seated type Sluice Valve Of PN - 1.6 MPa. The Valve face to face shall be as per BS : 5163/IS : 14846(PD type, Short Body) with Flange End As Per IS: 1538,800MM","FSC030512","","290249","","NO_BOM_FOR_CODE|STALE_GATE","313468.92","313468.92","MATCH","QR_MISMATCH exp~432305","37.91","432320.00"
"cmrnbzf610010xgv3jmleaynw","GMD/2026-27/278","Shapoorji Pallonji And Company Private Limited","“DALUI” make HW Op. Ductile Iron Body & Disc Resilient Seated type Sluice Valve Of PN - 1.6 MPa. The Valve face to face shall be as per BS : 5163/IS : 14846(PD type, Short Body) with Flange End As Per IS: 1538,400MM","FSC030339","","31125","","NO_BOM_FOR_CODE|STALE_GATE","33615","33615","MATCH","QR_OK","11.11","37350.00"
"cmrnbzf61000wxgv3vkj5rnms","GMD/2026-27/278","Shapoorji Pallonji And Company Private Limited","“DALUI” make HW Op. Ductile Iron Body & Disc Resilient Seated type Sluice Valve Of PN - 1.6 MPa. The Valve face to face shall be as per BS : 5163/IS : 14846(PD type, Short Body) with Flange End As Per IS: 1538,100MM","FSD030098","RSE100002","2599","","UNEXPECTED_FILLED","2806.92","2806.92","MATCH","QR_OK","15.79","3250.00"
"cmrnbzf61000xxgv3id3fd95e","GMD/2026-27/278","Shapoorji Pallonji And Company Private Limited","“DALUI” make HW Op. Ductile Iron Body & Disc Resilient Seated type Sluice Valve Of PN - 1.6 MPa. The Valve face to face shall be as per BS : 5163/IS : 14846(PD type, Short Body) with Flange End As Per IS: 1538,150MM","FSD030182","","4668","","NO_BOM_FOR_CODE|STALE_GATE","5041.44","5041.44","MATCH","QR_OK","15.84","5840.00"
"cmrnbzf610016xgv31rmi2atl","GMD/2026-27/278","Shapoorji Pallonji And Company Private Limited","“DALUI” make Lever OP. Ductile Iron Body & Disc Concentric type Butterfly Valve Of PN - 1.6 MPa. As Per BS: 5155 // IS : 13095 with Flange End As Per IS: 1538,600MM","FBC010061","","72262","","NO_BOM_FOR_CODE|STALE_GATE","78042.96","78042.96","MATCH","QR_MISMATCH exp~152550.6","95.47","152550.00"
"cmrnbzf610014xgv35u0bnjcd","GMD/2026-27/278","Shapoorji Pallonji And Company Private Limited","“DALUI” make Lever OP. Ductile Iron Body & Disc Concentric type Butterfly Valve Of PN - 1.6 MPa. As Per BS: 5155 // IS : 13095 with Flange End As Per IS: 1538,350MM","FBD020486","","25252","","NO_BOM_FOR_CODE|STALE_GATE","27272.16","27272.16","MATCH","QR_MISMATCH exp~36621.1","34.28","36620.00"
"cmrnbzf61000vxgv3008yahb9","GMD/2026-27/278","Shapoorji Pallonji And Company Private Limited","“DALUI” make Auto Op. Ductile Iron Body & Disc Resilient Seated type Sluice Valve Of PN - 1.6 MPa. The Valve face to face shall be as per BS : 5163/IS : 14846(PD type, Short Body) with Flange End As Per IS: 1538,1000MM","FSC030572","","567449","","NO_BOM_FOR_CODE|STALE_GATE","612844.92","612844.92","MATCH","QR_MISMATCH exp~792653.6","29.34","792680.00"
"cmrnbzf610018xgv3gqp9he56","GMD/2026-27/278","Shapoorji Pallonji And Company Private Limited","“DALUI” make Lever OP. Ductile Iron Body & Disc Concentric type Butterfly Valve Of PN - 1.6 MPa. As Per BS: 5155 // IS : 13095 with Flange End As Per IS: 1538,1000MM","FBD010161","FBC010161","208184","","UNEXPECTED_FILLED","224838.72","224838.72","MATCH","QR_MISMATCH exp~398504.1","77.24","398500.00"
"cmrnbzf60000qxgv3lkarmq54","GMD/2026-27/278","Shapoorji Pallonji And Company Private Limited","“DALUI” make HW Op. Ductile Iron Body & Disc Resilient Seated type Sluice Valve Of PN - 1.6 MPa. The Valve face to face shall be as per BS : 5163/IS : 14846(PD type, Short Body) with Flange End As Per IS: 1538,300MM","FSC030272","","16443","","NO_BOM_FOR_CODE|STALE_GATE","17758.44","17758.44","MATCH","QR_OK","11.1","19730.00"
"cmrnbzf60000pxgv3tgs1v2vg","GMD/2026-27/278","Shapoorji Pallonji And Company Private Limited","“DALUI” make HW Op. Ductile Iron Body & Disc Resilient Seated type Sluice Valve Of PN - 1.6 MPa. The Valve face to face shall be as per BS : 5163/IS : 14846(PD type, Short Body) with Flange End As Per IS: 1538,200MM","FSC030212","","7638","","NO_BOM_FOR_CODE|STALE_GATE","8249.04","8249.04","MATCH","QR_OK","15.77","9550.00"
"cmrnbzf610017xgv3hrn2z6hx","GMD/2026-27/278","Shapoorji Pallonji And Company Private Limited","“DALUI” make Lever OP. Ductile Iron Body & Disc Concentric type Butterfly Valve Of PN - 1.6 MPa. As Per BS: 5155 // IS : 13095 with Flange End As Per IS: 1538,800MM","FBD010121","FBC010121","131087","","UNEXPECTED_FILLED","141573.96","141573.96","MATCH","QR_MISMATCH exp~231968.9","63.85","231970.00"
"cmrohtq6g000o50v34odmh8c2","GMD/2026-27/279","MEGHA ENGINEERING & INFRASTRUCTURES LTD.","PN16, 100mm, DI, Swing Check Valves with counter flange & hardware with double washers.","FCE080020","","","","NO_BOM_FOR_CODE","6928.9","","PRODUCT_NULL_BUT_COST_EXISTS","QR_MISMATCH exp~20786.7","200","20790.00"
"cmrohtq6g000n50v38bvfopnl","GMD/2026-27/279","MEGHA ENGINEERING & INFRASTRUCTURES LTD.","PN16, 150mm, DI, Swing Check Valves with counter flange & hardware with double washers.","FCF090032","RNC010004","","","NULL_BOTH","10187.8","","PRODUCT_NULL_BUT_COST_EXISTS","QR_MISMATCH exp~30563.4","200","30560.00"
"cmrohtq6g000e50v3k4oew9lv","GMD/2026-27/279","MEGHA ENGINEERING & INFRASTRUCTURES LTD.","PN16, DI, 80mm, Manual operated Resilient Seated Sluice Valves along with counter Flanges & Hardware with double Washers.","FSD040044","RSD110042","","","NULL_BOTH","4309.81","","PRODUCT_NULL_BUT_COST_EXISTS","QR_MISMATCH exp~5387.3","25","5390.00"
"cmrohtq6g000550v34g3phlxq","GMD/2026-27/279","MEGHA ENGINEERING & INFRASTRUCTURES LTD.","PN16, DI, 500mm, Manual Gear operated Resilient Seated Sluice Valves along with counter Flanges & Hardware with double Washers.","FSD040074","","","","NO_BOM_FOR_CODE","69375.81","","PRODUCT_NULL_BUT_COST_EXISTS","QR_MISMATCH exp~90188.6","30","90190.00"
"cmrohtq6g000g50v3s9xngrdd","GMD/2026-27/279","MEGHA ENGINEERING & INFRASTRUCTURES LTD.","PN16, 500mm, DI, Swing Check Valves with counter flange & hardware with double washers.","FCE080024","","","","NO_BOM_FOR_CODE","248287.78","","PRODUCT_NULL_BUT_COST_EXISTS","QR_MISMATCH exp~744863.3","200","744860.00"
"cmrohtq6g000k50v3czcqhzpp","GMD/2026-27/279","MEGHA ENGINEERING & INFRASTRUCTURES LTD.","PN16, 300mm, DI, Swing Check Valves with counter flange & hardware with double washers.","FCF090037","RNC020003","","","NULL_BOTH","56763.06","","PRODUCT_NULL_BUT_COST_EXISTS","QR_MISMATCH exp~170289.2","200","170290.00"
"cmrohtq6g000850v33vsi1836","GMD/2026-27/279","MEGHA ENGINEERING & INFRASTRUCTURES LTD.","PN16, DI, 350mm, Manual operated Resilient Seated Sluice Valves along with counter Flanges & Hardware with double Washers.","FSD040028","RSD130032","","","NULL_BOTH","30975.81","","PRODUCT_NULL_BUT_COST_EXISTS","QR_MISMATCH exp~37171","20","37170.00"
"cmrohtq6g000350v3e5nhki16","GMD/2026-27/279","MEGHA ENGINEERING & INFRASTRUCTURES LTD.","PN16, DI, 700mm, Manual Gear operated Resilient Seated Sluice Valves along with counter Flanges & Hardware with double Washers.","FSD040075","","","","NO_BOM_FOR_CODE","242708","","PRODUCT_NULL_BUT_COST_EXISTS","QR_OK","30","315520.00"
"cmrohtq6g000b50v3mt1kcui7","GMD/2026-27/279","MEGHA ENGINEERING & INFRASTRUCTURES LTD.","PN16, DI, 200mm, Manual operated Resilient Seated Sluice Valves along with counter Flanges & Hardware with double Washers.","FSC060011","RSD120003","1600","1600","MATCH","1745.28","1745.28","MATCH","QR_OK","703.88","14030.00"
"cmrohtq6g000950v39wtaxqx6","GMD/2026-27/279","MEGHA ENGINEERING & INFRASTRUCTURES LTD.","PN16, DI, 300mm, Manual operated Resilient Seated Sluice Valves along with counter Flanges & Hardware with double Washers.","FSD040003","RCB040002","","","NULL_BOTH","20030.81","","PRODUCT_NULL_BUT_COST_EXISTS","QR_MISMATCH exp~24037","20","24040.00"
"cmrohtq6g000d50v3dn82v0xc","GMD/2026-27/279","MEGHA ENGINEERING & INFRASTRUCTURES LTD.","PN16, DI, 100mm, Manual operated Resilient Seated Sluice Valves along with counter Flanges & Hardware with double Washers.","FSD040001","RSD110001","","","NULL_BOTH","5286.81","","PRODUCT_NULL_BUT_COST_EXISTS","QR_MISMATCH exp~6608.5","25","6610.00"
"cmrohtq6g000650v3w417ps39","GMD/2026-27/279","MEGHA ENGINEERING & INFRASTRUCTURES LTD.","PN16, DI, 450mm, Manual Gear operated Resilient Seated Sluice Valves along with counter Flanges & Hardware with double Washers.","FSD040159","","","","NO_BOM_FOR_CODE","58666.81","","PRODUCT_NULL_BUT_COST_EXISTS","QR_OK","20","70400.00"
"cmrohtq6g000p50v3b1ekfxdc","GMD/2026-27/279","MEGHA ENGINEERING & INFRASTRUCTURES LTD.","PN16, 80mm, DI, Swing Check Valves with counter flange & hardware with double washers.","FCF090034","RND010004","","","NULL_BOTH","6126.955","","PRODUCT_NULL_BUT_COST_EXISTS","QR_MISMATCH exp~18380.9","200","18380.00"
"cmrohtq6g000750v37qzur1lc","GMD/2026-27/279","MEGHA ENGINEERING & INFRASTRUCTURES LTD.","PN16, DI, 400mm, Manual Gear operated Resilient Seated Sluice Valves along with counter Flanges & Hardware with double Washers.","FSD040037","","","","NO_BOM_FOR_CODE","36312.81","","PRODUCT_NULL_BUT_COST_EXISTS","QR_MISMATCH exp~43575.4","20","43580.00"
"cmrohtq6g000q50v317tl1q5m","GMD/2026-27/279","MEGHA ENGINEERING & INFRASTRUCTURES LTD.","PN16, 150mm, DI, Single Chamber Triple function Tamper proof Air valves with counter flange & hardware with double washers. (Flange Drilling Should be IS:9523)","FDC040017","FBD010509","378.5833333333333","378.5833333333333","MATCH","412.96","412.96","MATCH","QR_OK","2781.64","11900.00"
"cmrohtq6g000450v3u25tnwvo","GMD/2026-27/279","MEGHA ENGINEERING & INFRASTRUCTURES LTD.","PN16, DI, 600mm, Manual Gear operated Resilient Seated Sluice Valves along with counter Flanges & Hardware with double Washers.","FSD040091","","","","NO_BOM_FOR_CODE","122110.81","","PRODUCT_NULL_BUT_COST_EXISTS","QR_MISMATCH exp~158744.1","30","158740.00"
"cmrohtq6g000a50v3mbpak2y3","GMD/2026-27/279","MEGHA ENGINEERING & INFRASTRUCTURES LTD.","PN16, DI, 250mm, Manual operated Resilient Seated Sluice Valves along with counter Flanges & Hardware with double Washers.","FSD040084","","","","NO_BOM_FOR_CODE","16635.81","","PRODUCT_NULL_BUT_COST_EXISTS","QR_MISMATCH exp~19963","20","19960.00"
"cmrohtq6g000f50v35i622d5l","GMD/2026-27/279","MEGHA ENGINEERING & INFRASTRUCTURES LTD.","PN16, 600mm, DI, Swing Check Valves with counter flange & hardware with double washers.","FCE080035","","","","NO_BOM_FOR_CODE","300000","","PRODUCT_NULL_BUT_COST_EXISTS","QR_OK","200","900000.00"
"cmrohtq6g000c50v3lkj7vwn4","GMD/2026-27/279","MEGHA ENGINEERING & INFRASTRUCTURES LTD.","PN16, DI, 150mm, Manual operated Resilient Seated Sluice Valves along with counter Flanges & Hardware with double Washers.","FSD040002","RSD110023","","","NULL_BOTH","7230.81","","PRODUCT_NULL_BUT_COST_EXISTS","QR_MISMATCH exp~9038.5","25","9040.00"
"cmrohtq6g000i50v37cc8j6dp","GMD/2026-27/279","MEGHA ENGINEERING & INFRASTRUCTURES LTD.","PN16, 400mm, DI, Swing Check Valves with counter flange & hardware with double washers.","FCE080023","","","","NO_BOM_FOR_CODE","106272.805","","PRODUCT_NULL_BUT_COST_EXISTS","QR_MISMATCH exp~318818.4","200","318820.00"
"cmrohtq6g000j50v3cconon83","GMD/2026-27/279","MEGHA ENGINEERING & INFRASTRUCTURES LTD.","PN16, 350mm, DI, Swing Check Valves with counter flange & hardware with double washers.","FCE080027","","","","NO_BOM_FOR_CODE","80024.575","","PRODUCT_NULL_BUT_COST_EXISTS","QR_MISMATCH exp~240073.7","200","240070.00"
"cmrohtq6g000l50v3zfapnzsq","GMD/2026-27/279","MEGHA ENGINEERING & INFRASTRUCTURES LTD.","PN16, 250mm, DI, Swing Check Valves with counter flange & hardware with double washers.","FCE080025","","","","NO_BOM_FOR_CODE","35953.43","","PRODUCT_NULL_BUT_COST_EXISTS","QR_OK","200","107860.00"
"cmrohtq6g000s50v3sy6cbr35","GMD/2026-27/279","MEGHA ENGINEERING & INFRASTRUCTURES LTD.","PN16, 80mm, DI, Single Chamber Triple function Tamper proof Air valves with counter flange & hardware with double washers. (Flange Drilling Should be IS:9523)","FDC040009","FTD050023","2800","141.90625","MISMATCH diff=2658.09","3054.24","3054.24","MATCH","QR_OK","138.36","7280.00"
"cmrohtq6g000m50v3jsfcz1zc","GMD/2026-27/279","MEGHA ENGINEERING & INFRASTRUCTURES LTD.","PN16, 200mm, DI, Swing Check Valves with counter flange & hardware with double washers.","FCE080028","","","","NO_BOM_FOR_CODE","24270","","PRODUCT_NULL_BUT_COST_EXISTS","QR_OK","100","48540.00"
"cmrohtq6g000r50v37ipyb7eg","GMD/2026-27/279","MEGHA ENGINEERING & INFRASTRUCTURES LTD.","PN16, 100mm, DI, Single Chamber Triple function Tamper proof Air valves with counter flange & hardware with double washers. (Flange Drilling Should be IS:9523)","FDC040013","FTD050018","5421","5421","MATCH","5913.23","5913.23","MATCH","QR_OK","31.91","7800.00"
"cmrsqjiqg00041gv3r6lqh00w","GMD/2026-27/284","AURO INFRA PRIVATE LIMITED","`“DALUI” make HW Op. Ductile Iron Body & Disc  Resilient Seated type Sluice Valve Of PN - 1.6 MPa.  The Valve face to face shall be as per BS : 5163/IS : 14846(PD type, Short Body)  with Flange End As Per IS: 1538.","FSD040002","RSD110023","","","NULL_BOTH","4668","","PRODUCT_NULL_BUT_COST_EXISTS","QR_MISMATCH exp~5835","25","5840.00"
"cmrsqmo9j00051gv3lu0dyt55","GMD/2026-27/284","AURO INFRA PRIVATE LIMITED","`“DALUI” make HW Op. Ductile Iron Body & Disc  Resilient Seated type Sluice Valve Of PN - 1.6 MPa.  The Valve face to face shall be as per BS : 5163/IS : 14846(PD type, Short Body)  with Flange End As Per IS: 1538.","FSC060011","RSD120003","1600","1600","MATCH","1762.56","1762.56","MATCH","QR_OK","441.83","9550.00"
"cmrsqqrmp00091gv3knvixxde","GMD/2026-27/284","AURO INFRA PRIVATE LIMITED","`“DALUI” make HW Op. Ductile Iron Body & Disc  Resilient Seated type Sluice Valve Of PN - 1.6 MPa.  The Valve face to face shall be as per BS : 5163/IS : 14846(PD type, Short Body)  with Flange End As Per IS: 1538.","FSD040029","RSD110045","","","NULL_BOTH","31125","","PRODUCT_NULL_BUT_COST_EXISTS","QR_OK","20","37350.00"
"cmrsqqrmp00071gv3vrynzs1w","GMD/2026-27/284","AURO INFRA PRIVATE LIMITED","`“DALUI” make HW Op. Ductile Iron Body & Disc  Resilient Seated type Sluice Valve Of PN - 1.6 MPa.  The Valve face to face shall be as per BS : 5163/IS : 14846(PD type, Short Body)  with Flange End As Per IS: 1538.","FSD040003","RCB040002","","","NULL_BOTH","16443","","PRODUCT_NULL_BUT_COST_EXISTS","QR_MISMATCH exp~19731.6","20","19730.00"
"cmrsqqrmp00081gv33j415lhu","GMD/2026-27/284","AURO INFRA PRIVATE LIMITED","`“DALUI” make HW Op. Ductile Iron Body & Disc  Resilient Seated type Sluice Valve Of PN - 1.6 MPa.  The Valve face to face shall be as per BS : 5163/IS : 14846(PD type, Short Body)  with Flange End As Per IS: 1538.","FSD040028","RSD130032","","","NULL_BOTH","26638","","PRODUCT_NULL_BUT_COST_EXISTS","QR_MISMATCH exp~31965.6","20","31970.00"
"cmrsqqrmp00061gv30ehth416","GMD/2026-27/284","AURO INFRA PRIVATE LIMITED","`“DALUI” make HW Op. Ductile Iron Body & Disc  Resilient Seated type Sluice Valve Of PN - 1.6 MPa.  The Valve face to face shall be as per BS : 5163/IS : 14846(PD type, Short Body)  with Flange End As Per IS: 1538.","FSD040084","","","","NO_BOM_FOR_CODE","13048","","PRODUCT_NULL_BUT_COST_EXISTS","QR_MISMATCH exp~15657.6","20","15660.00"
"cmrsqqrmp000b1gv38550plbc","GMD/2026-27/284","AURO INFRA PRIVATE LIMITED","`“DALUI” make HW Op. Ductile Iron Body & Disc  Resilient Seated type Sluice Valve Of PN - 1.6 MPa.  The Valve face to face shall be as per BS : 5163/IS : 14846(PD type, Short Body)  with Flange End As Per IS: 1538.","FSD040031","","","","NO_BOM_FOR_CODE","61688","","PRODUCT_NULL_BUT_COST_EXISTS","QR_MISMATCH exp~80194.4","30","80190.00"
"cmrsqqrmp000c1gv3p5izoken","GMD/2026-27/284","AURO INFRA PRIVATE LIMITED","`“DALUI” make HW Op. Ductile Iron Body & Disc  Resilient Seated type Sluice Valve Of PN - 1.6 MPa.  The Valve face to face shall be as per BS : 5163/IS : 14846(PD type, Short Body)  with Flange End As Per IS: 1538.","FSD040077","","","","NO_BOM_FOR_CODE","232220","","PRODUCT_NULL_BUT_COST_EXISTS","QR_MISMATCH exp~301886","30","301890.00"
"cmrsqqrmp000e1gv3jfzpy2ki","GMD/2026-27/284","AURO INFRA PRIVATE LIMITED","`“DALUI” make HW Op. Ductile Iron Body & Disc  Resilient Seated type Sluice Valve Of PN - 1.6 MPa.  The Valve face to face shall be as per BS : 5163/IS : 14846(PD type, Short Body)  with Flange End As Per IS: 1538.","FRD020022","","","","NO_BOM_FOR_CODE","290249","","PRODUCT_NULL_BUT_COST_EXISTS","QR_MISMATCH exp~377323.7","30","377320.00"
"cmrsqqrmp000f1gv3wwf4alrj","GMD/2026-27/284","AURO INFRA PRIVATE LIMITED","`“DALUI” make HW Op. Ductile Iron Body & Disc  Resilient Seated type Sluice Valve Of PN - 1.6 MPa.  The Valve face to face shall be as per BS : 5163/IS : 14846(PD type, Short Body)  with Flange End As Per IS: 1538.","FSD040104","","","","NO_BOM_FOR_CODE","377981","","PRODUCT_NULL_BUT_COST_EXISTS","QR_MISMATCH exp~491375.3","30","491380.00"
"cmrsqqrmp000a1gv3ektuuc73","GMD/2026-27/284","AURO INFRA PRIVATE LIMITED","`“DALUI” make HW Op. Ductile Iron Body & Disc  Resilient Seated type Sluice Valve Of PN - 1.6 MPa.  The Valve face to face shall be as per BS : 5163/IS : 14846(PD type, Short Body)  with Flange End As Per IS: 1538.","FSD040030","RSD100032","","","NULL_BOTH","52979","","PRODUCT_NULL_BUT_COST_EXISTS","QR_MISMATCH exp~63574.8","20","63570.00"
"cmruazhcd0002dsv3iyjsusql","GMD/2026-27/287","NCC LIMITED","“DALUI” make Auto + HW OP. Ductile Iron Body & Disc  Resilient Seated type Tamper Proof Air Valve With Isolation Sluice Valve Of PN - 1.0 MPa. AIR VALVE AS PER AWWA C 512  & SLUICE VALVE AS AS PER IS 5163/IS : 14846 PER with Flange End As Per IS: 9523,50mm","FTD050002","","","","NO_BOM_FOR_CODE","4323","","PRODUCT_NULL_BUT_COST_EXISTS","QR_OK","15.66","5000.00"
"cmrubh0660007dsv3g1kkuk86","GMD/2026-27/287","NCC LIMITED","“DALUI” make HW Op. Ductile Iron Body & Disc Resilient Seated type Sluice Valve Of PN - 1.0 MPa. The Valve face to face shall be as per BS : 5163/IS : 14846(PD type, Short Body) with Flange End As Per IS: 9523,125mm","FRD020008","RSD110034","","","NULL_BOTH","4243","","PRODUCT_NULL_BUT_COST_EXISTS","QR_OK","24.91","5300.00"
"cmrubh0660004dsv3mp7umnd1","GMD/2026-27/287","NCC LIMITED","“DALUI” make HW Op. Ductile Iron Body & Disc Resilient Seated type Sluice Valve Of PN - 1.0 MPa. The Valve face to face shall be as per BS : 5163/IS : 14846(PD type, Short Body) with Flange End As Per IS: 9523,80mm","FSD040044","RSD110042","","","NULL_BOTH","2122","","PRODUCT_NULL_BUT_COST_EXISTS","QR_OK","27.24","2700.00"
"cmrubh0660008dsv32rwgwmjd","GMD/2026-27/287","NCC LIMITED","“DALUI” make HW Op. Ductile Iron Body & Disc Resilient Seated type Sluice Valve Of PN - 1.0 MPa. The Valve face to face shall be as per BS : 5163/IS : 14846(PD type, Short Body) with Flange End As Per IS: 9523,150mm","FSD040002","RSD110023","","","NULL_BOTH","4668","","PRODUCT_NULL_BUT_COST_EXISTS","QR_OK","60.67","7500.00"
"cmrubh0660009dsv3h036trds","GMD/2026-27/287","NCC LIMITED","“DALUI” make HW Op. Ductile Iron Body & Disc Resilient Seated type Sluice Valve Of PN - 1.0 MPa. The Valve face to face shall be as per BS : 5163/IS : 14846(PD type, Short Body) with Flange End As Per IS: 9523,200mm","FSC060011","RSD120003","1600","1600","MATCH","1762.56","1762.56","MATCH","QR_OK","671.6","13600.00"
"cmrubh0660005dsv36k68gsz5","GMD/2026-27/287","NCC LIMITED","“DALUI” make HW Op. Ductile Iron Body & Disc Resilient Seated type Sluice Valve Of PN - 1.0 MPa. The Valve face to face shall be as per BS : 5163/IS : 14846(PD type, Short Body) with Flange End As Per IS: 9523,80mm","FSD040044","RSD110042","","","NULL_BOTH","2122","","PRODUCT_NULL_BUT_COST_EXISTS","QR_OK","27.24","2700.00"
"cmrubh066000edsv37ton0trd","GMD/2026-27/287","NCC LIMITED","“DALUI” make Auto Op. Ductile Iron Body & Disc Metal Seated type Non Return Valve Of PN - 1.0 MPa. As per IS 5312 with Flange End As Per IS: 1538,350mm","FCE080027","","","","NO_BOM_FOR_CODE","84337.58","","PRODUCT_NULL_BUT_COST_EXISTS","QR_MISMATCH exp~253012.7","200","253010.00"
"cmrubh0660003dsv3wbb643zv","GMD/2026-27/287","NCC LIMITED","“DALUI” make HW Op. Ductile Iron Body & Disc Resilient Seated type Sluice Valve Of PN - 1.0 MPa. The Valve face to face shall be as per BS : 5163/IS : 14846(PD type, Short Body) with Flange End As Per IS: 9523,50mm","FSD040038","RSD130008","","","NULL_BOTH","1379","","PRODUCT_NULL_BUT_COST_EXISTS","QR_OK","23.28","1700.00"
"cmrubh0660006dsv3uozjucbe","GMD/2026-27/287","NCC LIMITED","“DALUI” make HW Op. Ductile Iron Body & Disc Resilient Seated type Sluice Valve Of PN - 1.0 MPa. The Valve face to face shall be as per BS : 5163/IS : 14846(PD type, Short Body) with Flange End As Per IS: 9523,100mm","FSD040001","RSD110001","","","NULL_BOTH","2599","","PRODUCT_NULL_BUT_COST_EXISTS","QR_OK","53.91","4000.00"
"cmrvmj5xt0007g4v3lv9hfjkr","GMD/2026-27/288","Gondwana Engineers Limited","“DALUI” make HW Op. Metal Seated Body & Disc Resilient Seated type Sluice Valve Of PN - 1.6 MPa. The Valve face to face shall be as per BS : 5163/IS : 14846(PD type, Short Body) with Flange End As Per IS: 1538,250mm","FSC030242","","","","NO_BOM_FOR_CODE","20355","","PRODUCT_NULL_BUT_COST_EXISTS","QR_MISMATCH exp~25443.8","25","25440.00"
"cmrvmj5xt0005g4v3zedes7q4","GMD/2026-27/288","Gondwana Engineers Limited","“DALUI” make HW Op. Metal Seated Body & Disc Resilient Seated type Sluice Valve Of PN - 1.6 MPa. The Valve face to face shall be as per BS : 5163/IS : 14846(PD type, Short Body) with Flange End As Per IS: 1538,1200mm","FSC030638","","","","NO_BOM_FOR_CODE","972513","","PRODUCT_NULL_BUT_COST_EXISTS","QR_MISMATCH exp~1264266.9","30","1264270.00"
"cmrvmj5xt0006g4v3kror1q6s","GMD/2026-27/288","Gondwana Engineers Limited","“DALUI” make HW Op. Metal Seated Body & Disc Resilient Seated type Sluice Valve Of PN - 1.6 MPa. The Valve face to face shall be as per BS : 5163/IS : 14846(PD type, Short Body) with Flange End As Per IS: 1538,150mm","FSD030182","","","","NO_BOM_FOR_CODE","8565","","PRODUCT_NULL_BUT_COST_EXISTS","QR_MISMATCH exp~10706.3","25","10710.00"
"cmrvmj5xt0004g4v3lb4owyyw","GMD/2026-27/288","Gondwana Engineers Limited","“DALUI” make Auto Op. Ductile Iron Body & Disc Resilient Seated type Tamper Proof Air Valve Of PN - 1.6 MPa. As Per AWWA C 512 with Flange End As Per IS: 1538,150mm","FDC040017","FBD010509","378.5833333333333","378.5833333333333","MATCH","412.96","412.96","MATCH","QR_OK","1902.62","8270.00"
"cms5nmc40000hy8v3smhzgyg7","GMD/2026-27/299","Bharat Heavy Electricals Limited (bhel)","SS CHECK VALVE,PN10,150 mm, Class 150","FCG010052","","","","NO_BOM_FOR_CODE","","","NULL_BOTH","","200",""
"cms5nmc400002y8v3d3zp1oku","GMD/2026-27/299","Bharat Heavy Electricals Limited (bhel)","CS CHECK VALVE,PN10,150 mm ,Class 1500","FCG010052","","","","NO_BOM_FOR_CODE","","","NULL_BOTH","","200",""
"cms5nmc40000dy8v3k29p92lw","GMD/2026-27/299","Bharat Heavy Electricals Limited (bhel)","CS CHECK VALVE,PN10,150 mm, Class 150","FCG010052","","","","NO_BOM_FOR_CODE","","","NULL_BOTH","","200",""
"cms5nmc40000cy8v32wnwkgjq","GMD/2026-27/299","Bharat Heavy Electricals Limited (bhel)","CS CHECK VALVE,PN10,75 mm ,Class 150","FCG010052","","","","NO_BOM_FOR_CODE","","","NULL_BOTH","","200",""
"cms73oyiy000l1sv383fzpwla","GMD/2026-27/300","AA ENGINEERS","Flanged CI /MS Dual Plate Check Valve confirming to API-594/598 standard,200mm,PN10","FCE080028","","","","NO_BOM_FOR_CODE","","","NULL_BOTH","","200",""
"cms73oyiy000r1sv3s6m6zu0s","GMD/2026-27/300","AA ENGINEERS","Flanged CI /MS Dual Plate Check Valve confirming to API-594/598 standard,150mm,PN16","FCF090032","RNC010004","","","NULL_BOTH","","","NULL_BOTH","","200",""
"cms73oyiy000g1sv34m0cbfe2","GMD/2026-27/300","AA ENGINEERS","Flanged CI /MS Dual Plate Check Valve confirming to API-594/598 standard,65mm,PN10","FCF090030","","","","NO_BOM_FOR_CODE","","","NULL_BOTH","","200",""
"cms73oyiy000n1sv3pck4fpp1","GMD/2026-27/300","AA ENGINEERS","Flanged CI /MS Dual Plate Check Valve confirming to API-594/598 standard,65mm,PN16","FCF090030","","","","NO_BOM_FOR_CODE","","","NULL_BOTH","","200",""
"cms73oyiz00181sv3sv9ou4mu","GMD/2026-27/300","AA ENGINEERS","CI D/F Butterfly Valves as per IS:13095,200 mm,PN 16 (Header Pipe)","FBC010486","","","","NO_BOM_FOR_CODE","","","NULL_BOTH","","50",""
"cms73oyiz00171sv3stflzwlp","GMD/2026-27/300","AA ENGINEERS","CI D/F Butterfly Valves as per IS:13095,125 mm,PN 16 (Delivery Pipe)","FBD010506","","","","NO_BOM_FOR_CODE","","","NULL_BOTH","","50",""
"cms73oyiy000k1sv3xzh2tjuu","GMD/2026-27/300","AA ENGINEERS","Flanged CI /MS Dual Plate Check Valve confirming to API-594/598 standard,150mm,PN10","FCF090032","RNC010004","","","NULL_BOTH","","","NULL_BOTH","","200",""
"cms73oyiy000h1sv3g7ccd44q","GMD/2026-27/300","AA ENGINEERS","Flanged CI /MS Dual Plate Check Valve confirming to API-594/598 standard,80mm,PN10","FCF090034","RND010004","","","NULL_BOTH","","","NULL_BOTH","","200",""
"cms73oyiy000j1sv3x3rle15s","GMD/2026-27/300","AA ENGINEERS","Flanged CI /MS Dual Plate Check Valve confirming to API-594/598 standard,125mm,PN10","FCE080022","","","","NO_BOM_FOR_CODE","","","NULL_BOTH","","200",""
"cms73oyiy000s1sv3no8pnlyx","GMD/2026-27/300","AA ENGINEERS","Flanged CI /MS Dual Plate Check Valve confirming to API-594/598 standard,200mm,PN16","FCE080028","","","","NO_BOM_FOR_CODE","","","NULL_BOTH","","200",""
"cms73oyiy000m1sv3fp19a1ad","GMD/2026-27/300","AA ENGINEERS","Flanged CI /MS Dual Plate Check Valve confirming to API-594/598 standard,350mm,PN10","FCE080027","","","","NO_BOM_FOR_CODE","","","NULL_BOTH","","200",""
"cms73oyiz00121sv3f15mbnuq","GMD/2026-27/300","AA ENGINEERS","CI D/F Butterfly Valves as per IS:13095,PN10,350mm","FBC020489","","","","NO_BOM_FOR_CODE","","","NULL_BOTH","","50",""
"cms73oyiy000q1sv3xi8t08ea","GMD/2026-27/300","AA ENGINEERS","Flanged CI /MS Dual Plate Check Valve confirming to API-594/598 standard,125mm,PN16","FCE080022","","","","NO_BOM_FOR_CODE","","","NULL_BOTH","","200",""
"cms73oyiz00151sv3zba5dmfo","GMD/2026-27/300","AA ENGINEERS","CI D/F Butterfly Valves as per IS:13095,80 mm,PN 16 (Delivery Pipe)","FBC010506","FBD010483","2300","2300","MATCH","2484","2484","MATCH","QR_OK","50.16","3730.00"
"cms73oyiz00141sv3pbbf2k7i","GMD/2026-27/300","AA ENGINEERS","CI D/F Butterfly Valves as per IS:13095,65 mm,PN 16 (Delivery Pipe)","FBD010529","","","","NO_BOM_FOR_CODE","","","NULL_BOTH","","50",""
"cms73oyiz00161sv30twgm10t","GMD/2026-27/300","AA ENGINEERS","CI D/F Butterfly Valves as per IS:13095,100 mm,PN 16 (Delivery Pipe)","FBD010525","RED140002","","","NULL_BOTH","","","NULL_BOTH","","50",""
"cms73oyiz000x1sv38djcmt6d","GMD/2026-27/300","AA ENGINEERS","CI D/F Butterfly Valves as per IS:13095,PN10,80mm","FBC010506","FBD010483","2300","2300","MATCH","2484","2484","MATCH","QR_OK","50.16","3730.00"
"cms73oyiy000f1sv3a6j2cfjy","GMD/2026-27/300","AA ENGINEERS","Air Valve with Cast Iron Body,100 mm - (Type - Double Acting (DS2),PN16","FDC040013","FTD050018","5421","5421","MATCH","5854.68","5854.68","MATCH","QR_OK","168.67","15730.00"
"cms73oyiy000e1sv3wh6xanvu","GMD/2026-27/300","AA ENGINEERS","Air Valve with Cast Iron Body,100 mm - (Type - Double Acting (DS2),PN20","FDC040015","FTD050018","5421","5421","MATCH","5854.68","5854.68","MATCH","QR_OK","168.67","15730.00"
"cms73oyiy000d1sv3pzek81nd","GMD/2026-27/300","AA ENGINEERS","Air Valve with Cast Iron Body,50 mm - (Type - Double Acting (DS2),PN20","FDC040007","FTD050002","13.25301204819277","17.310880829015545","MISMATCH diff=4.06","14.31","14.31","MATCH","QR_MISMATCH exp~19.3","35","20.00"
"cms73oyiy000a1sv3l0b5hfqf","GMD/2026-27/300","AA ENGINEERS","Air Valve with Cast Iron Body,40 mm - (Type - Double Acting (DS2),PN10","FDC040001","FTD050001","14.5985401459854","14.598540145985401","MATCH","15.77","15.77","MATCH","QR_OK","26.82","20.00"
"cms73oyiy000u1sv3wou6r1on","GMD/2026-27/300","AA ENGINEERS","Flanged CI /MS Dual Plate Check Valve confirming to API-594/598 standard,125mm,PN20","FCF090072","","","","NO_BOM_FOR_CODE","","","NULL_BOTH","","200",""
"cms73oyiz00191sv34jcc46tq","GMD/2026-27/300","AA ENGINEERS","CI D/F Butterfly Valves as per IS:13095,100 mm, PN 20 (Delivery Pipe)","FBD020530","","","","NO_BOM_FOR_CODE","","","NULL_BOTH","","50",""
"cms73oyiz000z1sv3n02tmmk9","GMD/2026-27/300","AA ENGINEERS","CI D/F Butterfly Valves as per IS:13095,PN10,125mm","FBD010506","","","","NO_BOM_FOR_CODE","","","NULL_BOTH","","50",""
"cms73oyiy000b1sv31shrw4on","GMD/2026-27/300","AA ENGINEERS","Air Valve with Cast Iron Body,50 mm - (Type - Double Acting (DS2),PN10","FDC040005","FTD050002","13.25301204819277","17.310880829015545","MISMATCH diff=4.06","14.31","14.31","MATCH","QR_MISMATCH exp~19.3","35","20.00"
"cms73oyiy000i1sv38bl9qasr","GMD/2026-27/300","AA ENGINEERS","Flanged CI /MS Dual Plate Check Valve confirming to API-594/598 standard,100mm,PN10","FCE080020","","","","NO_BOM_FOR_CODE","","","NULL_BOTH","","200",""
"cms73oyiz001a1sv3xtqcrni1","GMD/2026-27/300","AA ENGINEERS","CI D/F Butterfly Valves as per IS:13095,125 mm, PN 20 (Header Pipe)","FBD020531","","","","NO_BOM_FOR_CODE","","","NULL_BOTH","","50",""
"cms73oyiz00111sv3sb5ayn34","GMD/2026-27/300","AA ENGINEERS","CI D/F Butterfly Valves as per IS:13095,PN10,200mm","FBC010486","","","","NO_BOM_FOR_CODE","","","NULL_BOTH","","50",""
"cms73oyiy000w1sv364php353","GMD/2026-27/300","AA ENGINEERS","CI D/F Butterfly Valves as per IS:13095,PN10,65mm","FBD010529","","","","NO_BOM_FOR_CODE","","","NULL_BOTH","","50",""
"cms73oyiz00131sv36mj0qzt0","GMD/2026-27/300","AA ENGINEERS","CI D/F Butterfly Valves as per IS:13095,50 mm,PN 16 (Bypass Pipe)","FBD010513","","","","NO_BOM_FOR_CODE","","","NULL_BOTH","","50",""
"cms73oyiy000o1sv3kitecyp1","GMD/2026-27/300","AA ENGINEERS","Flanged CI /MS Dual Plate Check Valve confirming to API-594/598 standard,80mm,PN16","FCF090034","RND010004","","","NULL_BOTH","","","NULL_BOTH","","200",""
"cms73oyiy000p1sv3122og6q6","GMD/2026-27/300","AA ENGINEERS","Flanged CI /MS Dual Plate Check Valve confirming to API-594/598 standard,100mm,PN16","FCE080020","","","","NO_BOM_FOR_CODE","","","NULL_BOTH","","200",""
"cms73oyiy000v1sv32w774uew","GMD/2026-27/300","AA ENGINEERS","Flanged CI /MS Dual Plate Check Valve confirming to API-594/598 standard,200mm,PN20","FCF090073","RNS010004","","","NULL_BOTH","","","NULL_BOTH","","200",""
"cms73oyiz000y1sv3vql5aphi","GMD/2026-27/300","AA ENGINEERS","CI D/F Butterfly Valves as per IS:13095,PN10,100mm","FBD010525","RED140002","","","NULL_BOTH","","","NULL_BOTH","","50",""
"cms73oyiz00101sv3uqu0e3pu","GMD/2026-27/300","AA ENGINEERS","CI D/F Butterfly Valves as per IS:13095,PN10,150mm","FBD010481","FBD010509","378.5833333333333","378.5833333333333","MATCH","408.87","408.87","MATCH","QR_OK","2250.38","9610.00"
"cms73oyiy000c1sv3h6rm9wdu","GMD/2026-27/300","AA ENGINEERS","Air Valve with Cast Iron Body,50 mm - (Type - Double Acting (DS2),PN16","FDC040005","FTD050002","13.25301204819277","17.310880829015545","MISMATCH diff=4.06","14.31","14.31","MATCH","QR_MISMATCH exp~19.3","35","20.00"
"cms73oyiy000t1sv33u151cvy","GMD/2026-27/300","AA ENGINEERS","Flanged CI /MS Dual Plate Check Valve confirming to API-594/598 standard,100mm,PN20","FCF090076","","","","NO_BOM_FOR_CODE","","","NULL_BOTH","","200",""
"cms73oyiz001b1sv3i6bem2c9","GMD/2026-27/300","AA ENGINEERS","CI D/F Butterfly Valves as per IS:13095,200 mm, PN 20 (Header Pipe)","FBD020646","","","","NO_BOM_FOR_CODE","","","NULL_BOTH","","50",""
"cms76ubbq001v1sv3i491kerg","GMD/2026-27/302","UNIVERSAL MEP Projects & Engineering Services Ltd.","DI, Non-Rising Spindle, Metal Seated, Double Flanged,Sluice Valve,150mm,IS 14846, PN16","FSD030182","","13500","","NO_BOM_FOR_CODE|STALE_GATE","14725.8","14725.8","MATCH","QR_OK","35","19880.00"
"cms76ubbq002i1sv36i3jj5y0","GMD/2026-27/302","UNIVERSAL MEP Projects & Engineering Services Ltd.","DI Resilient Seated Glandless Sluice Valve,150,PN16","FSD040002","RSD110023","4500","","UNEXPECTED_FILLED","4908.6","4908.6","MATCH","QR_OK","25.09","6140.00"
"cms76ubbq00211sv3h7i8sem7","GMD/2026-27/302","UNIVERSAL MEP Projects & Engineering Services Ltd.","DI, Non-Rising Spindle, Metal Seated, Double Flanged,Sluice Valve,450mm,IS 14846, PN16","FSC030368","","132900","","NO_BOM_FOR_CODE|STALE_GATE","144967.32","144967.32","MATCH","QR_MISMATCH exp~195705.9","35.00","195710.00"
"cms76ubbq00261sv3tn8oa6rz","GMD/2026-27/302","UNIVERSAL MEP Projects & Engineering Services Ltd.","DI Double Flanged Swing Check Valve(NRV) with Damper Kit ,300mm,IS 5312, PN 16","FCF090037","RNC020003","35000","","UNEXPECTED_FILLED","38178","38178","MATCH","QR_MISMATCH exp~55358.1","45.00","55360.00"
"cms76ubbq002h1sv3uyrvasyw","GMD/2026-27/302","UNIVERSAL MEP Projects & Engineering Services Ltd.","DI Resilient Seated Glandless Sluice Valve,100,PN16","FSD040001","RSD110001","3200","","UNEXPECTED_FILLED","3490.56","3490.56","MATCH","QR_OK","24.91","4360.00"
"cms76ubbq001w1sv377d0msqa","GMD/2026-27/302","UNIVERSAL MEP Projects & Engineering Services Ltd.","DI, Non-Rising Spindle, Metal Seated, Double Flanged,Sluice Valve,200mm,IS 14846, PN16","FSC030212","","24440","","NO_BOM_FOR_CODE|STALE_GATE","26659.15","26659.15","MATCH","QR_OK","35","35990.00"
"cms76ubbq001x1sv3rvwk7bgj","GMD/2026-27/302","UNIVERSAL MEP Projects & Engineering Services Ltd.","DI, Non-Rising Spindle, Metal Seated, Double Flanged,Sluice Valve,250mm,IS 14846, PN16","FSC030242","","34560","","NO_BOM_FOR_CODE|STALE_GATE","37698.05","37698.05","MATCH","QR_MISMATCH exp~50888.6","34.99","50890.00"
"cms76ubbq00201sv3tfp4xd7v","GMD/2026-27/302","UNIVERSAL MEP Projects & Engineering Services Ltd.","DI, Non-Rising Spindle, Metal Seated, Double Flanged,Sluice Valve,400mm,IS 14846, PN16","FSC030338","","45000","","NO_BOM_FOR_CODE|STALE_GATE","49086","49086","MATCH","QR_MISMATCH exp~66271","35.01","66270.00"
"cms76ubbq00221sv3a9tv2e5d","GMD/2026-27/302","UNIVERSAL MEP Projects & Engineering Services Ltd.","DI,Motorized Sluice Valve (MOV),Gear Box & Electric Actuator,200mm,PN16","FSC030215","","105000","","NO_BOM_FOR_CODE|STALE_GATE","114534","114534","MATCH","QR_MISMATCH exp~143167.5","25.00","143170.00"
"cms76ubbq00231sv3osholmsy","GMD/2026-27/302","UNIVERSAL MEP Projects & Engineering Services Ltd.","DI,Motorized Sluice Valve (MOV),Gear Box & Electric Actuator,250mm,PN16","FSC030245","","120000","","NO_BOM_FOR_CODE|STALE_GATE","130896","130896","MATCH","QR_OK","35","176710.00"
"cms76ubbq00241sv3ru2jglyu","GMD/2026-27/302","UNIVERSAL MEP Projects & Engineering Services Ltd.","CI,Motorized Sluice Valve (MOV),Gear Box & Electric Actuator,300mm,PN16","FSC030275","","135000","","NO_BOM_FOR_CODE|STALE_GATE","147258","147258","MATCH","QR_OK","20","176710.00"
"cms76ubbq001z1sv3y5qam8pm","GMD/2026-27/302","UNIVERSAL MEP Projects & Engineering Services Ltd.","DI, Non-Rising Spindle, Metal Seated, Double Flanged,Sluice Valve,350mm,IS 14846, PN16","FSC030308","","89510","","NO_BOM_FOR_CODE|STALE_GATE","97637.51","97637.51","MATCH","QR_MISMATCH exp~131810.6","35.00","131810.00"
"cms76ubbq002j1sv3p8hcuap0","GMD/2026-27/302","UNIVERSAL MEP Projects & Engineering Services Ltd.","DI Resilient Seated Glandless Sluice Valve,200,PN16","FSC060011","RSD120003","1600","1600","MATCH","1745.28","1745.28","MATCH","QR_OK","650","13090.00"
"cms76ubbq001y1sv33y91isw0","GMD/2026-27/302","UNIVERSAL MEP Projects & Engineering Services Ltd.","DI, Non-Rising Spindle, Metal Seated, Double Flanged,Sluice Valve,300mm,IS 14846, PN16","FSD040003","RCB040002","50350","","UNEXPECTED_FILLED","54921.78","54921.78","MATCH","QR_MISMATCH exp~65911.6","20.01","65910.00"
"cms76ubbq00251sv3x3mdssnp","GMD/2026-27/302","UNIVERSAL MEP Projects & Engineering Services Ltd.","DI Double Flanged Swing Check Valve(NRV),250mm,IS 5312, PN 16","FCE080025","","25000","","NO_BOM_FOR_CODE|STALE_GATE","27270","27270","MATCH","QR_MISMATCH exp~39538.8","44.99","39540.00"
"cms76ubbq002d1sv3tkg2z55l","GMD/2026-27/302","UNIVERSAL MEP Projects & Engineering Services Ltd.","DI Tamper Proof Kinetic Air Valve with Isolating Valve,IS 1484,50mm","FED010003","","6500","","NO_BOM_FOR_CODE|STALE_GATE","7090.2","7090.2","MATCH","QR_OK","34.98","9570.00"
"cms76ubbq001u1sv3fxxu68sd","GMD/2026-27/302","UNIVERSAL MEP Projects & Engineering Services Ltd.","DI, Non-Rising Spindle, Metal Seated, Double Flanged,Sluice Valve,100mm,IS 14846, PN16","FSD030098","RSE100002","10000","","UNEXPECTED_FILLED","10908","10908","MATCH","QR_OK","35.04","14730.00"
"cms76ubbq002l1sv3bactd5lm","GMD/2026-27/302","UNIVERSAL MEP Projects & Engineering Services Ltd.","DI Resilient Seated Glandless Sluice Valve,300,PN16","FSD040003","RCB040002","19000","","UNEXPECTED_FILLED","20725.2","20725.2","MATCH","QR_OK","20.00","24870.00"
"cms76ubbq002f1sv3gh7imoa1","GMD/2026-27/302","UNIVERSAL MEP Projects & Engineering Services Ltd.","DI Tamper Proof Kinetic Air Valve with Isolating Valve,IS 1484,100mm","FED010005","","8500","","NO_BOM_FOR_CODE|STALE_GATE","9271.8","9271.8","MATCH","QR_OK","35.03","12520.00"
"cms76ubbq002g1sv34thchph1","GMD/2026-27/302","UNIVERSAL MEP Projects & Engineering Services Ltd.","DI Tamper Proof Kinetic Air Valve with Isolating Valve,IS 1484,150mm","FED010001","","9000","","NO_BOM_FOR_CODE|STALE_GATE","9817.2","9817.2","MATCH","QR_OK","34.97","13250.00"
"cms76ubbq002e1sv3lurm9q34","GMD/2026-27/302","UNIVERSAL MEP Projects & Engineering Services Ltd.","DI Tamper Proof Kinetic Air Valve with Isolating Valve,IS 1484,80mm","FED010004","","7500","","NO_BOM_FOR_CODE|STALE_GATE","8181","8181","MATCH","QR_OK","35.07","11050.00"
"cms76ubbq002k1sv37laxj7lq","GMD/2026-27/302","UNIVERSAL MEP Projects & Engineering Services Ltd.","DI Resilient Seated Glandless Sluice Valve,250,PN16","FSD040084","","17500","","NO_BOM_FOR_CODE|STALE_GATE","19089","19089","MATCH","QR_OK","20.02","22910.00"
"cms7c32xn000llcv3j5tb9ee4","GMD/2026-27/303","NCC LIMITED","DI Metal Seated type Non Return Valve PN16,250mm,Flange End As Per IS:1538","FCE080025","","","","NO_BOM_FOR_CODE","","","NULL_BOTH","","200","93800.00"
"cms7c32xn000jlcv3d7fjgfy2","GMD/2026-27/303","NCC LIMITED","DI Metal Seated type Non Return Valve PN16,150mm,Flange End As Per IS:1538","FCF090032","RNC010004","","","NULL_BOTH","","","NULL_BOTH","","200","6350.00"
"cms7c32xm0005lcv3cyiri79n","GMD/2026-27/303","NCC LIMITED","DI Resilient Seated type Sluice Valve,PN16,50mm,Flange End As Per IS:1538","FSD040038","RSD130008","","","NULL_BOTH","","","NULL_BOTH","","25","2880.00"
"cms7c32xn000hlcv3rnbfxh0u","GMD/2026-27/303","NCC LIMITED","DI Butterfly Valve ,PN16,700mm,Flange End As Per IS:1538","FBC010081","FBD020643","92200","92200","MATCH","102563.28","102563.28","MATCH","QR_MISMATCH exp~132070.7","28.77","132070.00"
"cms7c32xm0008lcv3ovjcisg7","GMD/2026-27/303","NCC LIMITED","DI Resilient Seated type Sluice Valve,PN16,200mm,Flange End As Per IS:1538","FSC060011","RSD120003","1600","1600","MATCH","1779.84","1779.84","MATCH","QR_OK","574.22","12000.00"
"cms7c32xm000blcv3yylmvsaf","GMD/2026-27/303","NCC LIMITED","Electrical OP,DI Butterfly Valve PN16,250mm, Flange End As Per IS:1538","FBC010487","","","","NO_BOM_FOR_CODE","","","NULL_BOTH","","50","78500.00"
"cms7c32xm0009lcv394qddooj","GMD/2026-27/303","NCC LIMITED","DI Resilient Seated type Sluice Valve,PN16,250mm,Flange End As Per IS:1538","FSD040084","","","","NO_BOM_FOR_CODE","","","NULL_BOTH","","20","20640.00"
"cms7c32xm000flcv39ah8wrq1","GMD/2026-27/303","NCC LIMITED","Electrical OP, DI Butterfly Valve PN16,700mm, Flange End As Per IS:1538","FBC010081","FBD020643","92200","92200","MATCH","102563.28","102563.28","MATCH","QR_MISMATCH exp~247239","141.06","247240.00"
"cms7c32xm0007lcv38t8db5gw","GMD/2026-27/303","NCC LIMITED","DI Resilient Seated type Sluice Valve,PN16,150mm,Flange End As Per IS:1538","FSD040002","RSD110023","","","NULL_BOTH","","","NULL_BOTH","","25","9620.00"
"cms7c32xm000clcv30b09bzxa","GMD/2026-27/303","NCC LIMITED","Electrical OP,DI Butterfly Valve PN16,300mm, Flange End As Per IS:1538","FBC020511","","","","NO_BOM_FOR_CODE","","","NULL_BOTH","","50","95000.00"
"cms7c32xn000klcv3wfaeo2br","GMD/2026-27/303","NCC LIMITED","DI Metal Seated type Non Return Valve PN16,200mm,Flange End As Per IS:1538","FCE080028","","","","NO_BOM_FOR_CODE","","","NULL_BOTH","","200","53120.00"
"cms7c32xm000alcv3lc2cyvjg","GMD/2026-27/303","NCC LIMITED","Electrical OP,DI Butterfly Valve PN16,200mm, Flange End As Per IS:1538","FBC010486","","","","NO_BOM_FOR_CODE","","","NULL_BOTH","","50","73500.00"
"cms7c32xm000elcv3jia5ezti","GMD/2026-27/303","NCC LIMITED","Electrical OP,DI Butterfly Valve PN16,600mm, Flange End As Per IS:1538","FBC010061","","","","NO_BOM_FOR_CODE","","","NULL_BOTH","","35","230000.00"
"cms7c32xn000glcv3shr2jy38","GMD/2026-27/303","NCC LIMITED","DI Butterfly Valve ,PN16,600mm,Flange End As Per IS:1538","FBC010061","","","","NO_BOM_FOR_CODE","","","NULL_BOTH","","35","85000.00"
"cms7c32xn000ilcv3o6zdkbhw","GMD/2026-27/303","NCC LIMITED","DI Metal Seated type Non Return Valve PN16,100mm,Flange End As Per IS:1538","FCE080020","","","","NO_BOM_FOR_CODE","","","NULL_BOTH","","200","3490.00"
"cms7c32xm0006lcv3sgq2bdca","GMD/2026-27/303","NCC LIMITED","DI Resilient Seated type Sluice Valve,PN16,100mm,Flange End As Per IS:1538","FSD040001","RSD110001","","","NULL_BOTH","","","NULL_BOTH","","25","5430.00"
"cms7gjusc000hp4v37o2lk459","GMD/2026-27/305","Aquaxia Water Solutions LLP","DI Disc Concentric type Butterfly Valve PN16,80mm,Flange End As Per IS:1538","FBC010506","FBD010483","2300","2300","MATCH","2533.68","2533.68","MATCH","QR_OK","-17.12","2100.00"
"cms7gjusc000ip4v3rduddojz","GMD/2026-27/305","Aquaxia Water Solutions LLP","DI Disc Concentric type Butterfly Valve PN16,100mm,Flange End As Per IS:1538","FBD010525","RED140002","","","NULL_BOTH","","","NULL_BOTH","","50","2300.00"
"cms7gjusc000jp4v3u7cvpbpp","GMD/2026-27/305","Aquaxia Water Solutions LLP","DI Disc Concentric type Butterfly Valve PN16,150mm,Flange End As Per IS:1538","FBD010481","FBD010509","378.5833333333333","378.5833333333333","MATCH","417.05","417.05","MATCH","QR_OK","835.14","3900.00"
"cms8il57o000vp4v399vz2q3s","GMD/2026-27/306","KALPATARU PROJECTS INTERNATIONAL LIMITED","DI,MANUAL SLUICE VALVE,250mm,PN10","FSD040084","","","","NO_BOM_FOR_CODE","","","NULL_BOTH","","20","16000.00"
"cms8il57o000np4v3q9lhma95","GMD/2026-27/306","KALPATARU PROJECTS INTERNATIONAL LIMITED","DI,ISOLATION SLUICE VALVE,PN10,80mm","FSD040044","RSD110042","","","NULL_BOTH","","","NULL_BOTH","","25","2680.00"
"cms8il57o000pp4v3e74l082c","GMD/2026-27/306","KALPATARU PROJECTS INTERNATIONAL LIMITED","DI,DUAL PLATE CHECK VALVE,PN10,100mm","FCE080020","","","","NO_BOM_FOR_CODE","","","NULL_BOTH","","200","2080.00"
"cms8il57o000tp4v36dq98bin","GMD/2026-27/306","KALPATARU PROJECTS INTERNATIONAL LIMITED","DI,MANUAL SLUICE VALVE,150mm,PN10","FSD040002","RSD110023","","","NULL_BOTH","","","NULL_BOTH","","25","6010.00"
"cms8il57o000rp4v32cddfdly","GMD/2026-27/306","KALPATARU PROJECTS INTERNATIONAL LIMITED","DI,MANUAL SLUICE VALVE,100mm,PN10","FSD040001","RSD110001","","","NULL_BOTH","","","NULL_BOTH","","25","3440.00"
"cms8il57o000op4v3itik2m0v","GMD/2026-27/306","KALPATARU PROJECTS INTERNATIONAL LIMITED","DI,DUAL PLATE CHECK VALVE,PN10,80mm","FCF090034","RND010004","","","NULL_BOTH","","","NULL_BOTH","","200","1470.00"
"cms8il57n000mp4v3w5dp4679","GMD/2026-27/306","KALPATARU PROJECTS INTERNATIONAL LIMITED","DI,AIR VALVE,PN10,80mm","FDC040009","FTD050023","2800","141.90625","MISMATCH diff=2658.09","3084.48","3084.48","MATCH","QR_OK","13.47","3500.00"
"cms8il57o000up4v3k08sz6pl","GMD/2026-27/306","KALPATARU PROJECTS INTERNATIONAL LIMITED","DI,MANUAL SLUICE VALVE,200mm,PN10","FSC060011","RSD120003","1600","1600","MATCH","1762.56","1762.56","MATCH","QR_OK","336.86","7700.00"
"cms8il57o000sp4v329zhzzvu","GMD/2026-27/306","KALPATARU PROJECTS INTERNATIONAL LIMITED","DI,MANUAL SLUICE VALVE,125mm,PN10","FRD020008","RSD110034","","","NULL_BOTH","","","NULL_BOTH","","25","5250.00"
"cms8il57o000qp4v3254m3anx","GMD/2026-27/306","KALPATARU PROJECTS INTERNATIONAL LIMITED","DI,MANUAL SLUICE VALVE,80mm,PN10","FSD040044","RSD110042","","","NULL_BOTH","","","NULL_BOTH","","25","2680.00"
"cms8rnpli00087ov3l7v2ds1o","GMD/2026-27/309","KALPATARU PROJECTS INTERNATIONAL LIMITED","DI DUAL PLATE CHECK VALVE 80mm,PN10","FCF090034","RND010004","","","NULL_BOTH","","","NULL_BOTH","","200","1470.00"
"cms8rnpli000a7ov3z6598ah3","GMD/2026-27/309","KALPATARU PROJECTS INTERNATIONAL LIMITED","DI MANUAL SLUICE VALVE 50mm,PN10","FSD040038","RSD130008","","","NULL_BOTH","","","NULL_BOTH","","25","2200.00"
"cms8rnpli000d7ov3yn4a17zj","GMD/2026-27/309","KALPATARU PROJECTS INTERNATIONAL LIMITED","DI MANUAL SLUICE VALVE 125mm,PN10","FRD020008","RSD110034","","","NULL_BOTH","","","NULL_BOTH","","25","5250.00"
"cms8rnpli00037ov3ck4hxus3","GMD/2026-27/309","KALPATARU PROJECTS INTERNATIONAL LIMITED","DI AIR VALVE 50mm,PN10","FDC040005","FTD050002","13.25301204819277","17.310880829015545","MISMATCH diff=4.06","14.46","14.46","MATCH","QR_OK","17949.79","2610.00"
"cms8rnpli000e7ov3efb6mu7l","GMD/2026-27/309","KALPATARU PROJECTS INTERNATIONAL LIMITED","DI MANUAL SLUICE VALVE 150mm,PN10","FSD040002","RSD110023","","","NULL_BOTH","","","NULL_BOTH","","25","6010.00"
"cms8rnpli00027ov3xo57py0y","GMD/2026-27/309","KALPATARU PROJECTS INTERNATIONAL LIMITED","DI AIR VALVE 20mm,PN10","FCF070003","","","","NO_BOM_FOR_CODE","","","NULL_BOTH","","35","1500.00"
"cms8rnpli000g7ov3n21ozgzn","GMD/2026-27/309","KALPATARU PROJECTS INTERNATIONAL LIMITED","DI MANUAL SLUICE VALVE 250mm,PN10","FSD040084","","","","NO_BOM_FOR_CODE","","","NULL_BOTH","","20","16000.00"
"cms8rnpli00097ov3wb1ek7oa","GMD/2026-27/309","KALPATARU PROJECTS INTERNATIONAL LIMITED","DI DUAL PLATE CHECK VALVE 100mm,PN10","FCE080020","","","","NO_BOM_FOR_CODE","","","NULL_BOTH","","200","2080.00"
"cms8rnpli000b7ov34tvx1nz3","GMD/2026-27/309","KALPATARU PROJECTS INTERNATIONAL LIMITED","DI MANUAL SLUICE VALVE 80mm,PN10","FSD040044","RSD110042","","","NULL_BOTH","","","NULL_BOTH","","25","2680.00"
"cms8rnpli000c7ov3pm24mdxf","GMD/2026-27/309","KALPATARU PROJECTS INTERNATIONAL LIMITED","DI MANUAL SLUICE VALVE 100mm,PN10","FSD040001","RSD110001","","","NULL_BOTH","","","NULL_BOTH","","25","3440.00"
"cms8rnpli00067ov3krsrq6w6","GMD/2026-27/309","KALPATARU PROJECTS INTERNATIONAL LIMITED","DI AIR VALVE 80mm,PN10","FDC040009","FTD050023","2800","141.90625","MISMATCH diff=2658.09","3054.24","3054.24","MATCH","QR_OK","14.59","3500.00"
"cms8rnpli00077ov3eqmwx0qq","GMD/2026-27/309","KALPATARU PROJECTS INTERNATIONAL LIMITED","DI ISOLATION SLUICE VALVE 80mm,PN10","FSD040044","RSD110042","","","NULL_BOTH","","","NULL_BOTH","","25","2680.00"
"cms8rnpli000f7ov3s3njkh3b","GMD/2026-27/309","KALPATARU PROJECTS INTERNATIONAL LIMITED","DI MANUAL SLUICE VALVE 200mm,PN10","FSC060011","RSD120003","1600","1600","MATCH","1745.28","1745.28","MATCH","QR_OK","341.19","7700.00"
"cmsa4yyql000d44v3a9pizfro","GMD/2026-27/312","KALPATARU PROJECTS INTERNATIONAL LIMITED","DI Resilient Seated type Sluice Valve, PN10,150 mm,Flange End As Per IS:1538","FSD040002","RSD110023","","","NULL_BOTH","","","NULL_BOTH","","25","4900.00"
"cmsa4yyql000944v387chvulb","GMD/2026-27/312","KALPATARU PROJECTS INTERNATIONAL LIMITED","DI Resilient Seated type Sluice Valve, PN10,250mm,Flange End As Per IS:1538","FSD040084","","","","NO_BOM_FOR_CODE","","","NULL_BOTH","","20","16000.00"
"cmsa4yyql000i44v3lqydhmgk","GMD/2026-27/312","KALPATARU PROJECTS INTERNATIONAL LIMITED","DI Resilient Seated type Sluice Valve, PN16,250 mm,Flange End As Per IS:1538","FSD040084","","","","NO_BOM_FOR_CODE","","","NULL_BOTH","","20","16000.00"
"cmsa4yyql000744v3t3c6pe1t","GMD/2026-27/312","KALPATARU PROJECTS INTERNATIONAL LIMITED","DI Resilient Seated type Sluice Valve, PN10,100mm,Flange End As Per IS:1538","FSD040001","RSD110001","","","NULL_BOTH","","","NULL_BOTH","","25","3310.00"
"cmsa4yyql000k44v3eqdf5jau","GMD/2026-27/312","KALPATARU PROJECTS INTERNATIONAL LIMITED","DI Resilient Seated type Sluice Valve, PN16,100 mm,Flange End As Per IS:1538","FSD040001","RSD110001","","","NULL_BOTH","","","NULL_BOTH","","25","3310.00"
"cmsa4yyql000f44v3yb5gbfn1","GMD/2026-27/312","KALPATARU PROJECTS INTERNATIONAL LIMITED","DI Resilient Seated type Sluice Valve, PN10,200 mm,Flange End As Per IS:1538","FSC060011","RSD120003","1600","1600","MATCH","1745.28","1745.28","MATCH","QR_OK","273.01","6510.00"
"cmsa4yyql000t44v3h1ee0sq5","GMD/2026-27/312","KALPATARU PROJECTS INTERNATIONAL LIMITED","DI Resilient Seated type Sluice Valve,PN10,50mm, Flange End As Per IS:1538","FSD040038","RSD130008","","","NULL_BOTH","","","NULL_BOTH","","25","1800.00"
"cmsa4yyql000c44v3ccnckal2","GMD/2026-27/312","KALPATARU PROJECTS INTERNATIONAL LIMITED","DI Resilient Seated type Sluice Valve, PN10,75 mm,Flange End As Per IS:1538","FSD040044","RSD110042","","","NULL_BOTH","","","NULL_BOTH","","25",""
"cmsa4yyql000n44v3ovq034y4","GMD/2026-27/312","KALPATARU PROJECTS INTERNATIONAL LIMITED","DI Resilient Seated type Sluice Valve, PN10,65 mm,Flange End As Per IS:1538","FSD040050","RSD130015","","","NULL_BOTH","","","NULL_BOTH","","25","2200.00"
"cmsa4yyql000s44v37wxnro94","GMD/2026-27/312","KALPATARU PROJECTS INTERNATIONAL LIMITED","DI Resilient Seated type Sluice Valve,PN16,100mm, Flange End As Per IS:1538","FSD040001","RSD110001","","","NULL_BOTH","","","NULL_BOTH","","25","3310.00"
"cmsa4yyql000844v3zz2nvoi5","GMD/2026-27/312","KALPATARU PROJECTS INTERNATIONAL LIMITED","DI Resilient Seated type Sluice Valve, PN10,150mm,Flange End As Per IS:1538","FSD040002","RSD110023","","","NULL_BOTH","","","NULL_BOTH","","25","4900.00"
"cmsa4yyql000r44v319x2m5ey","GMD/2026-27/312","KALPATARU PROJECTS INTERNATIONAL LIMITED","DI Resilient Seated type Sluice Valve,PN10,300mm, Flange End As Per IS:1538","FSD040003","RCB040002","","","NULL_BOTH","","","NULL_BOTH","","20","23100.00"
"cmsa4yyql000v44v3y2g69tp1","GMD/2026-27/312","KALPATARU PROJECTS INTERNATIONAL LIMITED","DI Resilient Seated type Sluice Valve,PN10,150mm, Flange End As Per IS:1538","FSD040002","RSD110023","","","NULL_BOTH","","","NULL_BOTH","","25","4900.00"
"cmsa4yyql000j44v3sjseo5i9","GMD/2026-27/312","KALPATARU PROJECTS INTERNATIONAL LIMITED","DI Resilient Seated type Sluice Valve, PN10,80 mm,Flange End As Per IS:1538","FSD040044","RSD110042","","","NULL_BOTH","","","NULL_BOTH","","25","2680.00"
"cmsa4yyql000a44v37oovrr1c","GMD/2026-27/312","KALPATARU PROJECTS INTERNATIONAL LIMITED","DI Resilient Seated type Sluice Valve, PN10,50mm,Flange End As Per IS:1538","FSD040038","RSD130008","","","NULL_BOTH","","","NULL_BOTH","","25","1800.00"
"cmsa4yyql000g44v3o96fh46u","GMD/2026-27/312","KALPATARU PROJECTS INTERNATIONAL LIMITED","DI Resilient Seated type Sluice Valve, PN16,100 mm,Flange End As Per IS:1538","FSD040001","RSD110001","","","NULL_BOTH","","","NULL_BOTH","","25","3310.00"
"cmsa4yyql000m44v3jmap0lm3","GMD/2026-27/312","KALPATARU PROJECTS INTERNATIONAL LIMITED","DI Resilient Seated type Sluice Valve, PN10,150 mm,Flange End As Per IS:1538","FSD040002","RSD110023","","","NULL_BOTH","","","NULL_BOTH","","25","4900.00"
"cmsa4yyql000l44v360tzsxi0","GMD/2026-27/312","KALPATARU PROJECTS INTERNATIONAL LIMITED","DI Resilient Seated type Sluice Valve, PN10,50 mm,Flange End As Per IS:1538","FSD040038","RSD130008","","","NULL_BOTH","","","NULL_BOTH","","25","1800.00"
"cmsa4yyql000p44v381d3fg2v","GMD/2026-27/312","KALPATARU PROJECTS INTERNATIONAL LIMITED","DI Resilient Seated type Sluice Valve, PN10,65 mm,Flange End As Per IS:1538","FSD040050","RSD130015","","","NULL_BOTH","","","NULL_BOTH","","25","2200.00"
"cmsa4yyql000h44v3m6xxh7ud","GMD/2026-27/312","KALPATARU PROJECTS INTERNATIONAL LIMITED","DI Resilient Seated type Sluice Valve, PN16,65 mm,Flange End As Per IS:1538","FSD040050","RSD130015","","","NULL_BOTH","","","NULL_BOTH","","25","2200.00"
"cmsa4yyql000x44v3h7klogzj","GMD/2026-27/312","KALPATARU PROJECTS INTERNATIONAL LIMITED","DI Resilient Seated type Sluice Valve,PN16,200mm, Flange End As Per IS:1538","FSC060011","RSD120003","1600","1600","MATCH","1745.28","1745.28","MATCH","QR_OK","273.01","6510.00"
"cmsa4yyql000o44v3yt7a49en","GMD/2026-27/312","KALPATARU PROJECTS INTERNATIONAL LIMITED","DI Resilient Seated type Sluice Valve, PN16,200 mm,Flange End As Per IS:1538","FSC060011","RSD120003","1600","1600","MATCH","1745.28","1745.28","MATCH","QR_OK","273.01","6510.00"
"cmsa4yyql000w44v3iv6yd83j","GMD/2026-27/312","KALPATARU PROJECTS INTERNATIONAL LIMITED","DI Resilient Seated type Sluice Valve,PN10,65mm, Flange End As Per IS:1538","FSD040050","RSD130015","","","NULL_BOTH","","","NULL_BOTH","","25","2200.00"
"cmsa4yyql000y44v3soswiz1o","GMD/2026-27/312","KALPATARU PROJECTS INTERNATIONAL LIMITED","DI Resilient Seated type Sluice Valve,PN16,65mm, Flange End As Per IS:1538","FSD040050","RSD130015","","","NULL_BOTH","","","NULL_BOTH","","25","2200.00"
"cmsa4yyql000b44v3hn5xigel","GMD/2026-27/312","KALPATARU PROJECTS INTERNATIONAL LIMITED","DI Resilient Seated type Sluice Valve, PN16,200mm,Flange End As Per IS:1538","FSC060011","RSD120003","1600","1600","MATCH","1745.28","1745.28","MATCH","QR_OK","273.01","6510.00"
"cmsa4yyql000u44v32xn9dpka","GMD/2026-27/312","KALPATARU PROJECTS INTERNATIONAL LIMITED","DI Resilient Seated type Sluice Valve,PN10,125mm, Flange End As Per IS:1538","FRD020008","RSD110034","","","NULL_BOTH","","","NULL_BOTH","","25","5180.00"
"cmscv2yx3000iy4v340z2ivge","GMD/2026-27/313","Facile Maven Private Limited Surat","Anti Surge air valve PN25,50mm","FDC040007","FTD050002","13.25301204819277","17.310880829015545","MISMATCH diff=4.06","14.46","14.46","MATCH","QR_OK","38.31","20.00"
"cmscv2yx3000dy4v38o70j67k","GMD/2026-27/313","Facile Maven Private Limited Surat","Sluice Valve PN 25,50mm","FSD040172","FSD040172","81.85714285714286","81.85714285714286","MATCH","89.29","89.29","MATCH","QR_OK","6608.48","5990.00"
"cmscv2yx3000ey4v3fn0hee1a","GMD/2026-27/313","Facile Maven Private Limited Surat","Sluice Valve PN 25,80mm","FSD040170","FSD040170","56.1010101010101","","UNEXPECTED_FILLED","61.19","61.19","MATCH","QR_OK","15016.85","9250.00"
"cmscv2yx3000gy4v3vlfx8tbe","GMD/2026-27/313","Facile Maven Private Limited Surat","Dual Plate Check Valve,80mm","FCE080015","","3650","","NO_BOM_FOR_CODE|STALE_GATE","3981.42","3981.42","MATCH","QR_OK","15.03","4580.00"
"cmscv2yx3000fy4v3tedfsc88","GMD/2026-27/313","Facile Maven Private Limited Surat","Sluice Valve PN25,100mm","FSD040155","RSD100021","9580","","UNEXPECTED_FILLED","10449.86","10449.86","MATCH","QR_OK","24.98","13060.00"
"cmscv2yx30007y4v3k7v53wxe","GMD/2026-27/313","Facile Maven Private Limited Surat","NRV PN 25,50mm","FCF090062","","17707","","NO_BOM_FOR_CODE|STALE_GATE","19314.8","19314.8","MATCH","QR_OK","200.03","57950.00"
"cmscv2yx3000hy4v3fas507sy","GMD/2026-27/313","Facile Maven Private Limited Surat","Dual Plate Check Valve,125mm","FCF090072","","6440","","NO_BOM_FOR_CODE|STALE_GATE","7024.75","7024.75","MATCH","QR_OK","15.02","8080.00"
"cmscv2yx30008y4v3cvzc70bj","GMD/2026-27/313","Facile Maven Private Limited Surat","NRV PN 25,65mm","FCF090084","","31267","","NO_BOM_FOR_CODE|STALE_GATE","34106.04","34106.04","MATCH","QR_MISMATCH exp~102321.5","200.01","102320.00"
"cmscv2yx30002y4v3djp1epta","GMD/2026-27/313","Facile Maven Private Limited Surat","Air Valve PN 25,50mm","FDC040007","FTD050002","13.25301204819277","17.310880829015545","MISMATCH diff=4.06","14.46","14.46","MATCH","QR_OK","240010.65","34720.00"
"cmscv2yx30009y4v31e8pkid7","GMD/2026-27/313","Facile Maven Private Limited Surat","NRV PN 25,100mm","FCF090076","","47858","","NO_BOM_FOR_CODE|STALE_GATE","52203.51","52203.51","MATCH","QR_OK","200","156610.00"
"cmscv2yx3000cy4v32oof6xk0","GMD/2026-27/313","Facile Maven Private Limited Surat","Long Body Sluice Valve PN 25,100mm","FSD040155","RSD100021","10580","","UNEXPECTED_FILLED","11540.66","11540.66","MATCH","QR_OK","25.04","14430.00"
"cmscv2yx30003y4v336649naq","GMD/2026-27/313","Facile Maven Private Limited Surat","Short Body Sluice Valve 25,50mm","FSD040172","FSD040172","81.85714285714286","81.85714285714286","MATCH","89.29","89.29","MATCH","QR_OK","6608.48","5990.00"
"cmscv2yx3000by4v3q53rexcv","GMD/2026-27/313","Facile Maven Private Limited Surat","Long Body Sluice Valve PN 25,65mm","FSD040232","","8880","","NO_BOM_FOR_CODE|STALE_GATE","9686.3","9686.3","MATCH","QR_OK","25.02","12110.00"
"cmscxb6uf000py4v354n02tlx","GMD/2026-27/314","MERU ENTERPRISES","DI Resilient Seated type Sluice Valve PN16,600mm, Flange End As Per IS:1538 (Without  gear)","FSD040091","","","","NO_BOM_FOR_CODE","113723","","PRODUCT_NULL_BUT_COST_EXISTS","QR_OK","30","147840.00"
"cmscytxst000qy4v3lagh5xpk","GMD/2026-27/314","MERU ENTERPRISES","DI Resilient Seated type Sluice Valve PN16,600mm, Flange End As Per IS:1538 (With gear)","FSD040091","","","","NO_BOM_FOR_CODE","110725","","PRODUCT_NULL_BUT_COST_EXISTS","QR_MISMATCH exp~155635.1","40.56","155640.00"
"cmseac45j000cwsv3fysx2mtz","GMD/2026-27/316","NCC LIMITED","DI Resilient Seated type Sluice Valve PN16,1000mm, Flange End As Per IS:1538","FSD040136","","","","NO_BOM_FOR_CODE","567448","","PRODUCT_NULL_BUT_COST_EXISTS","QR_MISMATCH exp~737682.4","30","737680.00"
"cmseac45j000jwsv3w1835get","GMD/2026-27/316","NCC LIMITED","DI Resilient Seated type Sluice Valve PN16,450mm, Flange End As Per IS:1538","FSD040159","","","","NO_BOM_FOR_CODE","70115","","PRODUCT_NULL_BUT_COST_EXISTS","QR_MISMATCH exp~84138","20","84140.00"
"cmseac45j000gwsv3x3l1ppzh","GMD/2026-27/316","NCC LIMITED","DI Concentric type Butterfly Valve PN16,1200mm, Flange End As Per IS:1538","FBC010201","","","","NO_BOM_FOR_CODE","424111","","PRODUCT_NULL_BUT_COST_EXISTS","QR_MISMATCH exp~699783.1","65","699780.00"
"cmseac45j000hwsv3m9e40gza","GMD/2026-27/316","NCC LIMITED","DI Resilient Seated type Sluice Valve PN16,600mm, Flange End As Per IS:1538","FSD040091","","","","NO_BOM_FOR_CODE","187564","","PRODUCT_NULL_BUT_COST_EXISTS","QR_MISMATCH exp~243833.2","30","243830.00"
"cmseac45j000fwsv375glua74","GMD/2026-27/316","NCC LIMITED","DI Resilient Seated type Dual Plate Check Valve PN16,600mm, Flange End As Per IS:1538","FCE080035","","","","NO_BOM_FOR_CODE","66598","","PRODUCT_NULL_BUT_COST_EXISTS","QR_MISMATCH exp~83247.5","25","83250.00"
"cmseac45j000iwsv3k7sc7tva","GMD/2026-27/316","NCC LIMITED","DI Resilient Seated type Sluice Valve PN16,200mm, Flange End As Per IS:1538","FSC060011","RSD120003","1600","1600","MATCH","1745.28","1745.28","MATCH","QR_OK","755.45","14930.00"
"cmseac45j000bwsv3zup66gvb","GMD/2026-27/316","NCC LIMITED","DI Resilient Seated type Sluice Valve PN16,1000mm, Flange End As Per IS:1538","FSD040136","","","","NO_BOM_FOR_CODE","567448","","PRODUCT_NULL_BUT_COST_EXISTS","QR_MISMATCH exp~737682.4","30","737680.00"
"cmseiodyx000fpwv3nqazxgl5","GMD/2026-27/318","Water Wealth Infratech India Pvt. Ltd","DI BUTTERFLY VALVE DIA 2300MM PN 30/40","FBC010433","FBC010421","","","NULL_BOTH","","","NULL_BOTH","","65","7500000.00"
"cmseiodyx000gpwv3d0womwon","GMD/2026-27/318","Water Wealth Infratech India Pvt. Ltd","DI BUTTERFLY VALVE DIA 2300MM PN 25","FBC010433","FBC010421","","","NULL_BOTH","","","NULL_BOTH","","65","5500000.00"
"cmseiodyx000ipwv346vi6e3h","GMD/2026-27/318","Water Wealth Infratech India Pvt. Ltd","DI BUTTERFLY VALVE DIA 2300MM PN 16","FBC010421","","","","NO_BOM_FOR_CODE","","","NULL_BOTH","","65","3500000.00"
"cmseiodyx000dpwv36hb2otsb","GMD/2026-27/318","Water Wealth Infratech India Pvt. Ltd","DI BUTTERFLY VALVE DIA 2000MM PN 1.6","FBC010361","FBD010369","990000","990000","MATCH","1079892","1079892","MATCH","QR_MISMATCH exp~3000048","177.81","3000000.00"
"cmseiodyx000epwv3x2ty79y6","GMD/2026-27/318","Water Wealth Infratech India Pvt. Ltd","DI BUTTERFLY VALVE DIA 1500MM PN 1.6","FBC010261","","","","NO_BOM_FOR_CODE","","","NULL_BOTH","","65","2000000.00"
"cmseiodyx000hpwv3su14r9tw","GMD/2026-27/318","Water Wealth Infratech India Pvt. Ltd","DI BUTTERFLY VALVE DIA 2300MM PN 20","FBC010433","FBC010421","","","NULL_BOTH","","","NULL_BOTH","","65","4500000.00"
"cmsfn11d8000rpwv3owt7ghrt","GMD/2026-27/320","H C JAIN ENGINEERING PVT LTD","DI DOUBLE FLANGE SOFT SEATED RESILIENT SLUICE VALVE PN16 ,80mm, MANUALLY OPERATED WITH HANDWHEEL, FLANGE DRILLING AS PER IS 1538","FSD040044","RSD110042","","","NULL_BOTH","","","NULL_BOTH","","25",""
"cmsfn11d8000spwv3cyc6u4zn","GMD/2026-27/320","H C JAIN ENGINEERING PVT LTD","DI DOUBLE FLANGE SOFT SEATED RESILIENT SLUICE VALVE PN 16 ,100mm, MANUALLY OPERATED WITH HANDWHEEL, FLANGE DRILLING AS PER IS 1538","FSD040001","RSD110001","","","NULL_BOTH","","","NULL_BOTH","","25",""
"cmsk1ju1m000gd0v3io3ugp74","GMD/2026-27/322","CLASSIC NETWORK PVT LTD","CI Butterfly Valves as per IS:5312,200mm,PN10","FBC010486","","","","NO_BOM_FOR_CODE","","","NULL_BOTH","","50",""
"cmsk1ju1m000fd0v3dlt459w1","GMD/2026-27/322","CLASSIC NETWORK PVT LTD","CI Butterfly Valves as per IS:5312,150mm,PN10","FBD010481","FBD010509","378.5833333333333","378.5833333333333","MATCH","412.96","412.96","MATCH","QR_OK","2231.94","9630.00"
"cmsk1ju1m000id0v38dsqngea","GMD/2026-27/322","CLASSIC NETWORK PVT LTD","CI Butterfly Valves as per IS:5312,300mm,PN10","FBC020511","","","","NO_BOM_FOR_CODE","","","NULL_BOTH","","50",""
"cmsk1ju1m000ed0v3fzylt14a","GMD/2026-27/322","CLASSIC NETWORK PVT LTD","CI Butterfly Valves as per IS:5312,100mm,PN10","FBD010525","RED140002","","","NULL_BOTH","","","NULL_BOTH","","50",""
"cmsk1ju1m000dd0v3muwopztg","GMD/2026-27/322","CLASSIC NETWORK PVT LTD","CI Butterfly Valves as per IS:5312,80mm,PN10","FBC010506","FBD010483","2300","2300","MATCH","2508.84","2508.84","MATCH","QR_OK","51.46","3800.00"
"cmsk1ju1m000hd0v35a2e1875","GMD/2026-27/322","CLASSIC NETWORK PVT LTD","CI Butterfly Valves as per IS:5312,250mm,PN10","FBC010487","","","","NO_BOM_FOR_CODE","","","NULL_BOTH","","50",""
"cmsms7i8h000td0v3y3iepqdj","GMD/2026-27/323","H C JAIN ENGINEERING PVT LTD","DI Resilient Seated type Sluice Valve PN16,200mm, with Flange End As Per IS: 1538","FSC060011","RSD120003","1600","1600","MATCH","1745.28","1745.28","MATCH","QR_OK","369.84","8200.00"
"cmsms7i8h000ud0v3ts3wd3o6","GMD/2026-27/323","H C JAIN ENGINEERING PVT LTD","DI Resilient Seated type Sluice Valve PN16,250mm, with Flange End As Per IS: 1538","FSD040084","","","","NO_BOM_FOR_CODE","12518","","PRODUCT_NULL_BUT_COST_EXISTS","QR_OK","19.99","15020.00"
"cmsms7i8h000wd0v3q8h6wzea","GMD/2026-27/323","H C JAIN ENGINEERING PVT LTD","DI Concentric type Butterfly Valve PN16,350mm,with Flange End As Per IS:1538","FBC020489","","","","NO_BOM_FOR_CODE","17452","","PRODUCT_NULL_BUT_COST_EXISTS","QR_OK","45.03","25310.00"
"cmsms7i8h000vd0v35yoyww7a","GMD/2026-27/323","H C JAIN ENGINEERING PVT LTD","DI Concentric type Butterfly Valve PN16,300mm,with Flange End As Per IS:1538","FBC020511","","","","NO_BOM_FOR_CODE","9682","","PRODUCT_NULL_BUT_COST_EXISTS","QR_OK","45.01","14040.00"
"cmsms7i8h000sd0v3tqwe699x","GMD/2026-27/323","H C JAIN ENGINEERING PVT LTD","DI Resilient Seated type Sluice Valve PN16,150mm, with Flange End As Per IS: 1538","FSD040002","RSD110023","","","NULL_BOTH","","","NULL_BOTH","","25","6100.00"
"cmsms7i8h000pd0v31gw6ceck","GMD/2026-27/323","H C JAIN ENGINEERING PVT LTD","DI Resilient Seated type Sluice Valve PN16,80mm, with Flange End As Per IS: 1538","FSD040044","RSD110042","","","NULL_BOTH","","","NULL_BOTH","","25","2600.00"
"cmsms7i8g000od0v3a43j85hc","GMD/2026-27/323","H C JAIN ENGINEERING PVT LTD","DI Resilient Seated type Sluice Valve PN16,50mm, with Flange End As Per IS: 1538","FSD040038","RSD130008","","","NULL_BOTH","1375","","PRODUCT_NULL_BUT_COST_EXISTS","QR_OK","14.91","1580.00"
"cmsms7i8h000qd0v3lgpf77wh","GMD/2026-27/323","H C JAIN ENGINEERING PVT LTD","DI Resilient Seated type Sluice Valve PN16,100mm, with Flange End As Per IS: 1538","FSD040001","RSD110001","","","NULL_BOTH","","","NULL_BOTH","","25","3700.00"
"cmsms7i8h000rd0v3vjqhyzr3","GMD/2026-27/323","H C JAIN ENGINEERING PVT LTD","DI Resilient Seated type Sluice Valve PN16,125mm, with Flange End As Per IS: 1538","FRD020008","RSD110034","","","NULL_BOTH","","","NULL_BOTH","","25","5300.00"
"cmsmtqa5a0010d0v3ewdsq8lj","GMD/2026-27/324","H C JAIN ENGINEERING PVT LTD","DI Butterfly Valve,800mm,PN16","FBD010121","FBC010121","","","NULL_BOTH","","","NULL_BOTH","","35","275000.00"
"cmsn7tp7u0019d0v350f7d7by","GMD/2026-27/326","LCC Projects Limited","DI Metal Seated type Sluice Valve PN16,350mm,with Flange End As Per IS:1538","FSD040088","","","","NO_BOM_FOR_CODE","108166","","PRODUCT_NULL_BUT_COST_EXISTS","QR_MISMATCH exp~129799.2","20","129800.00"
"cmsn7tp7u001ed0v3i1obgzyx","GMD/2026-27/326","LCC Projects Limited","DI Concentric type Butterfly Valve PN16,350mm, with Flange End As Per IS: 1538","FBC020489","","","","NO_BOM_FOR_CODE","17452","","PRODUCT_NULL_BUT_COST_EXISTS","QR_OK","45.03","25310.00"
"cmsn7tp7u0016d0v3ju484bjj","GMD/2026-27/326","LCC Projects Limited","DI Metal Seated type Sluice Valve PN16,350mm,with Flange End As Per IS:1538","FSD040088","","","","NO_BOM_FOR_CODE","108166","","PRODUCT_NULL_BUT_COST_EXISTS","QR_MISMATCH exp~129799.2","20","129800.00"
"cmsn7tp7u001ad0v3s89u9v3y","GMD/2026-27/326","LCC Projects Limited","DI Metal Seated type Sluice Valve PN16,600mm,with Flange End As Per IS:1538","FSD040024","","","","NO_BOM_FOR_CODE","182564","","PRODUCT_NULL_BUT_COST_EXISTS","QR_MISMATCH exp~237333.2","30","237330.00"
"cmsn7tp7u0018d0v3wjh2ll8q","GMD/2026-27/326","LCC Projects Limited","DI Metal Seated type Sluice Valve PN16,400mm,with Flange End As Per IS:1538","FSD040037","","","","NO_BOM_FOR_CODE","53425","","PRODUCT_NULL_BUT_COST_EXISTS","QR_OK","20","64110.00"
"cmsn7tp7u001cd0v3xvb0wjrq","GMD/2026-27/326","LCC Projects Limited","DI Metal Seated type Sluice Valve PN16,350mm,with Flange End As Per IS:1538","FSD040088","","","","NO_BOM_FOR_CODE","108166","","PRODUCT_NULL_BUT_COST_EXISTS","QR_MISMATCH exp~129799.2","20","129800.00"
"cmsn7tp7u001fd0v38c7myp16","GMD/2026-27/326","LCC Projects Limited","DI Concentric type Butterfly Valve PN16,350mm, with Flange End As Per IS: 1538","FBC020489","","","","NO_BOM_FOR_CODE","17452","","PRODUCT_NULL_BUT_COST_EXISTS","QR_OK","45.03","25310.00"
"cmsn7tp7u001gd0v3cza7f3s4","GMD/2026-27/326","LCC Projects Limited","DI Concentric type Butterfly Valve Of PN16,350mm, with Flange End As Per IS: 1538","FBC020489","","","","NO_BOM_FOR_CODE","17452","","PRODUCT_NULL_BUT_COST_EXISTS","QR_OK","45.03","25310.00"
"cmsn7tp7u001jd0v3nmtxld6n","GMD/2026-27/326","LCC Projects Limited","DI Resilient Seated type Dual Plate Check Valve PN16,350mm,with Flange End As Per IS: 1538","FCE080027","","","","NO_BOM_FOR_CODE","84337","","PRODUCT_NULL_BUT_COST_EXISTS","QR_MISMATCH exp~96987.5","15","96990.00"
"cmsn7tp7u0017d0v3zuirfl5e","GMD/2026-27/326","LCC Projects Limited","DI Metal Seated type Sluice Valve PN16,350mm,with Flange End As Per IS:1538","FSD040088","","","","NO_BOM_FOR_CODE","108166","","PRODUCT_NULL_BUT_COST_EXISTS","QR_MISMATCH exp~129799.2","20","129800.00"
"cmsn7tp7u001dd0v30iaoly7a","GMD/2026-27/326","LCC Projects Limited","DI Metal Seated type Sluice Valve PN16,500mm,with Flange End As Per IS:1538","FRD010039","","","","NO_BOM_FOR_CODE","90130","","PRODUCT_NULL_BUT_COST_EXISTS","QR_MISMATCH exp~117169","30","117170.00"
"cmsn7tp7u001hd0v3uqqaz0qf","GMD/2026-27/326","LCC Projects Limited","DI Resilient Seated type Dual Plate Check Valve PN16,350mm,with Flange End As Per IS: 1538","FCE080027","","","","NO_BOM_FOR_CODE","84337","","PRODUCT_NULL_BUT_COST_EXISTS","QR_MISMATCH exp~96987.5","15","96990.00"
"cmsn7tp7u001bd0v3k2ou2cph","GMD/2026-27/326","LCC Projects Limited","DI Metal Seated type Sluice Valve PN16,350mm,with Flange End As Per IS:1538","FSD040088","","","","NO_BOM_FOR_CODE","108166","","PRODUCT_NULL_BUT_COST_EXISTS","QR_MISMATCH exp~129799.2","20","129800.00"
"cmsn7tp7u001id0v3xdot75x9","GMD/2026-27/326","LCC Projects Limited","DI Resilient Seated type Dual Plate Check Valve PN16,350mm,with Flange End As Per IS: 1538","FCE080027","","","","NO_BOM_FOR_CODE","84337","","PRODUCT_NULL_BUT_COST_EXISTS","QR_MISMATCH exp~96987.5","15","96990.00"
"cmson7ofm0070d0v37re22mxe","GMD/2026-27/334","Vindhya telelinks limited","DI Resilient Seated type Tamper Proof Air Valve PN 16,50mm, As Per AWWA C 512 with Flange End As Per IS: 1538","FDC040005","FTD050002","13.25301204819277","17.310880829015545","MISMATCH diff=4.06","14.67","14.67","MATCH","QR_OK","17827.74","2630.00"
"cmson7ofm006qd0v3039ntuek","GMD/2026-27/334","Vindhya telelinks limited","DI Resilient Seated type Sluice Valve PN10,250mm,with Flange End As Per IS:1538","FSD040084","","","","NO_BOM_FOR_CODE","12518","","PRODUCT_NULL_BUT_COST_EXISTS","QR_OK","19.99","15020.00"
"cmson7ofm006vd0v3ewaouaqf","GMD/2026-27/334","Vindhya telelinks limited","DI Resilient Seated type Sluice Valve PN10,80mm,with Flange End As Per IS:1538","FSD040044","RSD110042","","","NULL_BOTH","2121","","PRODUCT_NULL_BUT_COST_EXISTS","QR_OK","24.94","2650.00"
"cmson7ofm0072d0v3gck9dt3y","GMD/2026-27/334","Vindhya telelinks limited","FIRE HYDRANT SLUICE VALVE CONTAINS THE FOLLOWING ITEMS : 1 NOS. BRANCH PIPE WITH NOZZLE, 1 NOS. BLANK CAP, 1 SET OF RUBBER GASKET, 1 NOS. DUCK FOOT BEND ETC.","FSD040044","RSD110042","","","NULL_BOTH","2121","","PRODUCT_NULL_BUT_COST_EXISTS","QR_OK","450.21","11670.00"
"cmson7ofm006td0v3xp3ck5xp","GMD/2026-27/334","Vindhya telelinks limited","DI Resilient Seated type Sluice Valve PN10,125mm,with Flange End As Per IS:1538","FRD020008","RSD110034","","","NULL_BOTH","4176","","PRODUCT_NULL_BUT_COST_EXISTS","QR_OK","25","5220.00"
"cmson7ofm006wd0v3vpd5ja54","GMD/2026-27/334","Vindhya telelinks limited","DI Resilient Seated type Sluice Valve PN10,80mm,with Flange End As Per IS:1538","FSD040044","RSD110042","","","NULL_BOTH","2121","","PRODUCT_NULL_BUT_COST_EXISTS","QR_OK","24.94","2650.00"
"cmson7ofm006zd0v3obkieci0","GMD/2026-27/334","Vindhya telelinks limited","DI Resilient Seated type Tamper Proof Air Valve PN 16,20mm, As Per AWWA C 512 with Flange End As Per IS: 1538","FCF070003","","","","NO_BOM_FOR_CODE","","","NULL_BOTH","","35","1500.00"
"cmson7ofm006rd0v3ftk4c4a9","GMD/2026-27/334","Vindhya telelinks limited","DI Resilient Seated type Sluice Valve PN10,200mm,with Flange End As Per IS:1538","FSC060011","RSD120003","1600","1600","MATCH","1771.2","1771.2","MATCH","QR_OK","362.96","8200.00"
"cmson7ofm006xd0v3uo11oo6s","GMD/2026-27/334","Vindhya telelinks limited","DI Resilient Seated type Dual Plate Check Valve PN10,80mm,with Flange End As Per IS:1538","FCF090034","RND010004","","","NULL_BOTH","1275","","PRODUCT_NULL_BUT_COST_EXISTS","QR_OK","15.29","1470.00"
"cmson7ofm006ud0v3djh43z9y","GMD/2026-27/334","Vindhya telelinks limited","DI Resilient Seated type Sluice Valve PN10,100mm,with Flange End As Per IS:1538","FSD040001","RSD110001","","","NULL_BOTH","2599","","PRODUCT_NULL_BUT_COST_EXISTS","QR_OK","25.05","3250.00"
"cmson7ofm006sd0v3ulibyxmk","GMD/2026-27/334","Vindhya telelinks limited","DI Resilient Seated type Sluice Valve PN10,150mm,with Flange End As Per IS:1538","FSD040002","RSD110023","","","NULL_BOTH","4243","","PRODUCT_NULL_BUT_COST_EXISTS","QR_OK","24.91","5300.00"
"cmson7ofm006yd0v3ut5q1tos","GMD/2026-27/334","Vindhya telelinks limited","DI Resilient Seated type Dual Plate Check Valve PN10,150mm,with Flange End As Per IS:1538","FCF090032","RNC010004","","","NULL_BOTH","3044","","PRODUCT_NULL_BUT_COST_EXISTS","QR_OK","14.98","3500.00"
"cmson7ofm0071d0v3p9suuagb","GMD/2026-27/334","Vindhya telelinks limited","DI Resilient Seated type Tamper Proof Air Valve PN 16,80mm, As Per AWWA C 512 with Flange End As Per IS: 1538","FDC040009","FTD050023","2800","141.90625","MISMATCH diff=2658.09","3099.6","3099.6","MATCH","QR_OK","17.76","3650.00"
"cmsrbnmuu001gv8v315t5e6i7","GMD/2026-27/340","KALPATARU PROJECTS INTERNATIONAL LIMITED","Act. Op.Cast Steel  Rising Spindle Sluice Valve Of PN - 2.5 MPa. The Valve face to face shall be as per BS : 5163/IS : 14846(PD type, Short Body)  with Flange End As Per IS: 9523.","FGS010071","","","","NO_BOM_FOR_CODE","36801","","PRODUCT_NULL_BUT_COST_EXISTS","QR_MISMATCH exp~44161.2","20","44160.00"
"cmsrbnmuu0013v8v3oi1y91h1","GMD/2026-27/340","KALPATARU PROJECTS INTERNATIONAL LIMITED","Act. OP. Cast Steel Body & Disc  Double Accentric type Butterfly Valve Of PN - 2.5 MPa. As Per BS: 5155 // IS : 13095 with Flange End As Per IS: 9523.","FBD020611","","","","NO_BOM_FOR_CODE","73304","","PRODUCT_NULL_BUT_COST_EXISTS","QR_MISMATCH exp~113621.2","55","113620.00"
"cmsrbnmuu001dv8v33nomey34","GMD/2026-27/340","KALPATARU PROJECTS INTERNATIONAL LIMITED","HW Op. Ductile Iron Body & Disc  Resilient Seated Rising Spindle type Sluice Valve Of PN - 1.0 MPa.  The Valve face to face shall be as per BS : 5163/IS : 14846(PD type, Short Body)  with Flange End As Per IS: 9523.","FGD060016","RGT020001","","","NULL_BOTH","16021","","PRODUCT_NULL_BUT_COST_EXISTS","QR_OK","20.03","19230.00"
"cmsrbnmuu001ev8v3m9lbvx0v","GMD/2026-27/340","KALPATARU PROJECTS INTERNATIONAL LIMITED","HW Op. Ductile Iron Body & Disc  Resilient Seated Rising Spindle type Sluice Valve Of PN - 1.0 MPa.  The Valve face to face shall be as per BS : 5163/IS : 14846(PD type, Short Body)  with Flange End As Per IS: 9523.","FGC060009","","","","NO_BOM_FOR_CODE","19880","","PRODUCT_NULL_BUT_COST_EXISTS","QR_OK","20.02","23860.00"
"cmsrbnmuu000vv8v3sq7osir3","GMD/2026-27/340","KALPATARU PROJECTS INTERNATIONAL LIMITED","Ductile Iron Body & Disc  Double Accentric type Butterfly Valve Of PN - 1.0 MPa. As Per BS: 5155 // IS : 13095 with Flange End As Per IS: 9523.","FBD010481","FBD010509","378.5833333333333","378.5833333333333","MATCH","412.96","412.96","MATCH","QR_OK","1338.4","5940.00"
"cmsrbnmuu0012v8v3iermw49q","GMD/2026-27/340","KALPATARU PROJECTS INTERNATIONAL LIMITED","Act. OP. Cast Steel Body & Disc  Double Accentric type Butterfly Valve Of PN - 2.5 MPa. As Per BS: 5155 // IS : 13095 with Flange End As Per IS: 9523.","FBC010015","","","","NO_BOM_FOR_CODE","73304","","PRODUCT_NULL_BUT_COST_EXISTS","QR_MISMATCH exp~113621.2","55","113620.00"
"cmsrbnmuu000yv8v3mllkz5t0","GMD/2026-27/340","KALPATARU PROJECTS INTERNATIONAL LIMITED","Act. OP. Ductile Iron Body & Disc  Double Accentric type Butterfly Valve Of PN - 1.6 MPa. As Per BS: 5155 // IS : 13095 with Flange End As Per IS: 9523.","FBD020487","","","","NO_BOM_FOR_CODE","70244","","PRODUCT_NULL_BUT_COST_EXISTS","QR_MISMATCH exp~101846.8","44.99","101850.00"
"cmsrbnmuu001cv8v3d9jkzyz5","GMD/2026-27/340","KALPATARU PROJECTS INTERNATIONAL LIMITED","HW Op. Ductile Iron Body & Disc  Resilient Seated Rising Spindle type Sluice Valve Of PN - 1.0 MPa.  The Valve face to face shall be as per BS : 5163/IS : 14846(PD type, Short Body)  with Flange End As Per IS: 9523.","FGD060015","RSD120003","1600","1600","MATCH","1745.28","1745.28","MATCH","QR_OK","627.68","12700.00"
"cmsrbnmuu0011v8v3kae0wo12","GMD/2026-27/340","KALPATARU PROJECTS INTERNATIONAL LIMITED","Act. OP. Ductile Iron Body & Disc  Double Accentric type Butterfly Valve Of PN - 1.6 MPa. As Per BS: 5155 // IS : 13095 with Flange End As Per IS: 9523.","FBC010481","","","","NO_BOM_FOR_CODE","91457","","PRODUCT_NULL_BUT_COST_EXISTS","QR_MISMATCH exp~132612.7","45","132610.00"
"cmsrbnmuu0018v8v3cxq7lqb3","GMD/2026-27/340","KALPATARU PROJECTS INTERNATIONAL LIMITED","Auto Op. Cast Steel Body & Disc  Metal Seated type Non Return Valve Of PN - 2.5 MPa. As per IS 5312 with Flange End As Per IS: 9523..","FCF090061","","","","NO_BOM_FOR_CODE","54090","","PRODUCT_NULL_BUT_COST_EXISTS","QR_MISMATCH exp~170378.1","214.99","170380.00"
"cmsrbnmuu0019v8v3bpchc9as","GMD/2026-27/340","KALPATARU PROJECTS INTERNATIONAL LIMITED","Auto Op. Cast Steel Body & Disc  Metal Seated type Non Return Valve Of PN - 2.5 MPa. As per IS 5312 with Flange End As Per IS: 9523.","FCF090081","","","","NO_BOM_FOR_CODE","95980","","PRODUCT_NULL_BUT_COST_EXISTS","QR_MISMATCH exp~302337","215","302340.00"
"cmsrbnmuu000zv8v361d802bc","GMD/2026-27/340","KALPATARU PROJECTS INTERNATIONAL LIMITED","Act. OP. Ductile Iron Body & Disc  Double Accentric type Butterfly Valve Of PN - 1.6 MPa. As Per BS: 5155 // IS : 13095 with Flange End As Per IS: 9523..","FBD020487","","","","NO_BOM_FOR_CODE","70244","","PRODUCT_NULL_BUT_COST_EXISTS","QR_MISMATCH exp~101846.8","44.99","101850.00"
"cmsrbnmuu0017v8v3sd51631c","GMD/2026-27/340","KALPATARU PROJECTS INTERNATIONAL LIMITED","Auto Op. Cast Steel Body & Disc  Metal Seated type Non Return Valve Of PN - 2.5 MPa. As per IS 5312 with Flange End As Per IS: 9523..","FCF090063","","","","NO_BOM_FOR_CODE","14260","","PRODUCT_NULL_BUT_COST_EXISTS","QR_OK","200","42780.00"
"cmsrbnmuu001bv8v3bz2khs43","GMD/2026-27/340","KALPATARU PROJECTS INTERNATIONAL LIMITED","HW Op. Ductile Iron Body & Disc  Resilient Seated Rising Spindle type Sluice Valve Of PN - 1.0 MPa.  The Valve face to face shall be as per BS : 5163/IS : 14846(PD type, Short Body)  with Flange End As Per IS: 9523.","FGD060003","RSD130012","","","NULL_BOTH","14048","","PRODUCT_NULL_BUT_COST_EXISTS","QR_OK","25","17560.00"
"cmsrbnmuu0016v8v3mbvd8bqt","GMD/2026-27/340","KALPATARU PROJECTS INTERNATIONAL LIMITED","Auto Op. Ductile Iron Body & Disc  Metal Seated type Non Return Valve Of PN - 1.6 MPa. As per IS 5312 with Flange End As Per IS: 9523.","FCE080028","","","","NO_BOM_FOR_CODE","23560","","PRODUCT_NULL_BUT_COST_EXISTS","QR_OK","200","70680.00"
"cmsrbnmuu0010v8v3qasd7v7m","GMD/2026-27/340","KALPATARU PROJECTS INTERNATIONAL LIMITED","Act. OP. Ductile Iron Body & Disc  Double Accentric type Butterfly Valve Of PN - 1.6 MPa. As Per BS: 5155 // IS : 13095 with Flange End As Per IS: 9523.","FBC010481","","","","NO_BOM_FOR_CODE","77282","","PRODUCT_NULL_BUT_COST_EXISTS","QR_MISMATCH exp~112058.9","45","112060.00"
"cmsrgnhch0004v0v3266vqijo","GMD/2026-27/341","KALPATARU PROJECTS INTERNATIONAL LIMITED","CS Disc Resilient Seated type Sluice Valve,PN25,100mm,Flange End As Per IS: 9523","FSD040155","RSD100021","","","NULL_BOTH","","","NULL_BOTH","","25","97930.00"
"cmsrgnhch000ev0v3guaw8hui","GMD/2026-27/341","KALPATARU PROJECTS INTERNATIONAL LIMITED","DI Disc Metal Seated type Non Return Valve,PN25,150mm,Flange End As Per IS: 9523","FCF090063","","","","NO_BOM_FOR_CODE","","","NULL_BOTH","","200","42780.00"
"cmsrgnhch0007v0v3kfyz25f1","GMD/2026-27/341","KALPATARU PROJECTS INTERNATIONAL LIMITED","CS Disc Resilient Seated type Sluice Valve,PN25,200mm,Flange End As Per IS: 9523","FSD040148","","","","NO_BOM_FOR_CODE","","","NULL_BOTH","","25","116930.00"
"cmsrgnhch000gv0v3d2991xi9","GMD/2026-27/341","KALPATARU PROJECTS INTERNATIONAL LIMITED","DI Disc Metal Seated type Non Return Valve,PN25,200mm,Flange End As Per IS: 9523","FCF090073","RNS010004","","","NULL_BOTH","","","NULL_BOTH","","200","70680.00"
"cmsrgnhch0009v0v3frxg8fbx","GMD/2026-27/341","KALPATARU PROJECTS INTERNATIONAL LIMITED","CS Disc Resilient Seated type Sluice Valve,PN25,250mm,Flange End As Per IS: 9523","FSD040147","","","","NO_BOM_FOR_CODE","","","NULL_BOTH","","20","126880.00"
"cmsrgnhch000cv0v343kuaee4","GMD/2026-27/341","KALPATARU PROJECTS INTERNATIONAL LIMITED","CS Disc Resilient Seated type Sluice Valve,PN25,400mm,Flange End As Per IS: 9523","FSD040260","","","","NO_BOM_FOR_CODE","","","NULL_BOTH","","20","231830.00"
"cmsrgnhch000kv0v3wnajkicb","GMD/2026-27/341","KALPATARU PROJECTS INTERNATIONAL LIMITED","DI Disc Metal Seated type Non Return Valve,PN25,350mm,Flange End As Per IS: 9523","FCF090086","RSD130033","","","NULL_BOTH","","","NULL_BOTH","","200","159030.00"
"cmsrgnhch000av0v32euh8g8s","GMD/2026-27/341","KALPATARU PROJECTS INTERNATIONAL LIMITED","CS Disc Resilient Seated type Sluice Valve,PN25,300mm,Flange End As Per IS: 9523","FSD040013","RCB040002","","","NULL_BOTH","","","NULL_BOTH","","20","146270.00"
"cmsrgnhch000dv0v3pkk5ff7w","GMD/2026-27/341","KALPATARU PROJECTS INTERNATIONAL LIMITED","DI Disc Metal Seated type Non Return Valve,PN25,100mm,Flange End As Per IS: 9523","FCF090076","","","","NO_BOM_FOR_CODE","","","NULL_BOTH","","200","26100.00"
"cmsrgnhch000bv0v3nz43uo0o","GMD/2026-27/341","KALPATARU PROJECTS INTERNATIONAL LIMITED","CS Disc Resilient Seated type Sluice Valve,PN25,350mm,Flange End As Per IS: 9523","FSD040146","","","","NO_BOM_FOR_CODE","","","NULL_BOTH","","20","195840.00"
"cmsrgnhch000lv0v3jmw7o0sk","GMD/2026-27/341","KALPATARU PROJECTS INTERNATIONAL LIMITED","DI Disc Metal Seated type Non Return Valve,PN25,400mm,Flange End As Per IS: 9523","FCF090081","","","","NO_BOM_FOR_CODE","","","NULL_BOTH","","200","287940.00"
"cmsrgnhch000jv0v3v75pl1a5","GMD/2026-27/341","KALPATARU PROJECTS INTERNATIONAL LIMITED","DI Disc Metal Seated type Non Return Valve,PN25,300mm,Flange End As Per IS: 9523","FCF090077","","","","NO_BOM_FOR_CODE","","","NULL_BOTH","","200","162270.00"
"cmsrgnhch0005v0v36azcihfo","GMD/2026-27/341","KALPATARU PROJECTS INTERNATIONAL LIMITED","CS Disc Resilient Seated type Sluice Valve,PN25,150mm,Flange End As Per IS: 9523","FSD040012","","","","NO_BOM_FOR_CODE","","","NULL_BOTH","","25","105890.00"
"cmsrgnhch000iv0v3nnwsfbvp","GMD/2026-27/341","KALPATARU PROJECTS INTERNATIONAL LIMITED","DI Disc Metal Seated type Non Return Valve,PN25,250mm,Flange End As Per IS: 9523","FCF090061","","","","NO_BOM_FOR_CODE","","","NULL_BOTH","","200","103950.00"
"cmssmskh2001hb0v3ors2t7q6","GMD/2026-27/344","GAJA ENGINEERING PVT LTD","Butterfly Valve - 500 MM DIA ELECTRICAL OPERTATED BUTTERFLY VALVE WITH ACTUTATOR, PN-1.6 , IS: 13095 , ACTUTATOR MAKE : AUMA , WITH SCADA COMPATABLE","FBD020676","","115904","","NO_BOM_FOR_CODE|STALE_GATE","128305.73","128305.73","MATCH","QR_MISMATCH exp~189571.7","47.75","189570.00"
"cmssmskh20011b0v31turhptj","GMD/2026-27/344","GAJA ENGINEERING PVT LTD","DI Sluice Valve, 250MM, PN16, AS PER IS 14846:2000 FLANGE DRILLING AS PER IS:9523","FSD040084","","14470","","NO_BOM_FOR_CODE|STALE_GATE","16018.29","16018.29","MATCH","QR_OK","65.56","26520.00"
"cmssmskh2001mb0v3wcha3l3l","GMD/2026-27/344","GAJA ENGINEERING PVT LTD","Sluice Valve 300 MM DIA ELECTRICAL OPERTATED SLUICE VALVE WITH ACTUTATOR, PN-1.6 , IS: 14846 , ACTUTATOR MAKE : AUMA , WITH SCADA COMPATABLE","FSC030275","","67977","","NO_BOM_FOR_CODE|STALE_GATE","75250.54","75250.54","MATCH","QR_MISMATCH exp~111393.4","48.03","111390.00"
"cmssmskh2001jb0v3s0quncir","GMD/2026-27/344","GAJA ENGINEERING PVT LTD","Butterfly Valve - 900 MM DIA ELECTRICAL OPERTATED BUTTERFLY VALVE WITH ACTUTATOR, PN-1.6 , IS: 13095 , ACTUTATOR MAKE : AUMA , WITH SCADA COMPATABLE","FBD010141","","213621","","NO_BOM_FOR_CODE|STALE_GATE","236478.45","236478.45","MATCH","QR_MISMATCH exp~349278.7","47.70","349270.00"
"cmssmskh2001cb0v3526o7bre","GMD/2026-27/344","GAJA ENGINEERING PVT LTD","Butterfly Valve - 200 MM DIA ELECTRICAL OPERTATED BUTTERFLY VALVE WITH ACTUTATOR, PN-1.6 , IS: 13095 , ACTUTATOR MAKE : AUMA , WITH SCADA COMPATABLE","FBD020487","","14470","","NO_BOM_FOR_CODE|STALE_GATE","16018.29","16018.29","MATCH","QR_OK","687.54","126150.00"
"cmssmskh20013b0v3jef2gggz","GMD/2026-27/344","GAJA ENGINEERING PVT LTD","DI Sluice Valve ,350MM,PN16 ,AS PER IS 14846:2000 FLANGE DRILLING AS PER IS:9523","FSD040028","RSD130032","26522","","UNEXPECTED_FILLED","29359.85","29359.85","MATCH","QR_MISMATCH exp~42369.2","44.31","42370.00"
"cmssmskh2001gb0v3q8l3irjk","GMD/2026-27/344","GAJA ENGINEERING PVT LTD","Butterfly Valve - 450 MM DIA ELECTRICAL OPERTATED BUTTERFLY VALVE WITH ACTUTATOR, PN-1.6 , IS: 13095 , ACTUTATOR MAKE : AUMA , WITH SCADA COMPATABLE","FBC020514","","107819","","NO_BOM_FOR_CODE|STALE_GATE","119355.63","119355.63","MATCH","QR_MISMATCH exp~172862.8","44.83","172860.00"
"cmssmskh20014b0v3tndefksn","GMD/2026-27/344","GAJA ENGINEERING PVT LTD","DI Non Return Valve ,200 MM ,DI NON RETURN VALVE WITH DUAL PLATE OPERATION , PN16","FCE080028","","8925","","NO_BOM_FOR_CODE|STALE_GATE","9879.98","9879.98","MATCH","QR_OK","89.78","18750.00"
"cmssmskh2001lb0v3gzw3j4k6","GMD/2026-27/344","GAJA ENGINEERING PVT LTD","Sluice Valve 250 MM DIA ELECTRICAL OPERTATED SLUICE VALVE WITH ACTUTATOR, PN-1.6 , IS: 14846 , ACTUTATOR MAKE : AUMA , WITH SCADA COMPATABLE","FSC030245","","85356","","NO_BOM_FOR_CODE|STALE_GATE","94489.09","94489.09","MATCH","QR_MISMATCH exp~136546.2","44.51","136550.00"
"cmssmskh20018b0v3o0livokn","GMD/2026-27/344","GAJA ENGINEERING PVT LTD","DI Non Return Valve - 500 MM DIA DI NON RETURN VALVE WITH DUAL PLATE OPERATION , PN-1.6.","FCE080024","","42813","","NO_BOM_FOR_CODE|STALE_GATE","47393.99","47393.99","MATCH","QR_MISMATCH exp~68891.9","45.36","68890.00"
"cmssmskh2001fb0v33mup2kk4","GMD/2026-27/344","GAJA ENGINEERING PVT LTD","Butterfly Valve - 400 MM DIA ELECTRICAL OPERTATED BUTTERFLY VALVE WITH ACTUTATOR, PN-1.6 , IS: 13095 , ACTUTATOR MAKE : AUMA , WITH SCADA COMPATABLE","FBC020513","","98208","","NO_BOM_FOR_CODE|STALE_GATE","108716.26","108716.26","MATCH","QR_MISMATCH exp~176174.7","62.05","176180.00"
"cmssmskh20016b0v36gkdke1q","GMD/2026-27/344","GAJA ENGINEERING PVT LTD","DI Non Return Valve - 300 MM DIA DI NON RETURN VALVE WITH DUAL PLATE OPERATION , PN-1.6.","FCF090037","RNC020003","22733","","UNEXPECTED_FILLED","25165.43","25165.43","MATCH","QR_OK","49.29","37570.00"
"cmssmskh20015b0v37tih31el","GMD/2026-27/344","GAJA ENGINEERING PVT LTD","DI Non Return Valve - 250 MM DIA DI NON RETURN VALVE WITH DUAL PLATE OPERATION , PN-1.6","FCE080025","","12377","","NO_BOM_FOR_CODE|STALE_GATE","13701.34","13701.34","MATCH","QR_OK","74.22","23870.00"
"cmssmskh20017b0v3jpwl88a1","GMD/2026-27/344","GAJA ENGINEERING PVT LTD","DI Non Return Valve - 450 MM DIA DI NON RETURN VALVE WITH DUAL PLATE OPERATION , PN-1.6.","FCF090040","","33071","","NO_BOM_FOR_CODE|STALE_GATE","36609.6","36609.6","MATCH","QR_OK","43.54","52550.00"
"cmssmskh20019b0v3ndl9knf8","GMD/2026-27/344","GAJA ENGINEERING PVT LTD","DI Non Return Valve - 900 MM DIA DI NON RETURN VALVE WITH DUAL PLATE OPERATION , PN-1.6.","FCE080038","","178900","","NO_BOM_FOR_CODE|STALE_GATE","198042.3","198042.3","MATCH","QR_MISMATCH exp~253533.8","28.02","253540.00"
"cmssmskh2001bb0v3gre438fd","GMD/2026-27/344","GAJA ENGINEERING PVT LTD","DI Non Return Valve - 600 MM DIA DI NON RETURN VALVE WITH DUAL PLATE OPERATION , PN-2.0.","FCF090071","","66599","","NO_BOM_FOR_CODE|STALE_GATE","73725.09","73725.09","MATCH","QR_MISMATCH exp~103023.4","39.74","103020.00"
"cmssmskh2001ib0v3pb6es8kn","GMD/2026-27/344","GAJA ENGINEERING PVT LTD","Butterfly Valve - 600 MM DIA ELECTRICAL OPERTATED BUTTERFLY VALVE WITH ACTUTATOR, PN-1.6 , IS: 13095 , ACTUTATOR MAKE : AUMA , WITH SCADA COMPATABLE","FBC010061","","137263","","NO_BOM_FOR_CODE|STALE_GATE","151950.14","151950.14","MATCH","QR_MISMATCH exp~226025.8","48.75","226030.00"
"cmssmskh2001kb0v3c5kuuh6y","GMD/2026-27/344","GAJA ENGINEERING PVT LTD","Sluice Valve 200 MM DIA ELECTRICAL OPERTATED SLUICE VALVE WITH ACTUTATOR, PN-1.6 , IS: 14846 , ACTUTATOR MAKE : AUMA , WITH SCADA COMPATABLE","FSC030215","","76948","","NO_BOM_FOR_CODE|STALE_GATE","85181.44","85181.44","MATCH","QR_MISMATCH exp~123172.4","44.60","123170.00"
"cmssmskh2001nb0v3e9qz8hh1","GMD/2026-27/344","GAJA ENGINEERING PVT LTD","Sluice Valve 450 MM DIA ELECTRICAL OPERTATED SLUICE VALVE WITH ACTUTATOR, PN-1.6 , IS: 14846 , ACTUTATOR MAKE : AUMA , WITH SCADA COMPATABLE","FSC030362","","147661","","NO_BOM_FOR_CODE|STALE_GATE","163460.73","163460.73","MATCH","QR_MISMATCH exp~232114.2","42.00","232110.00"
"cmssmskh20012b0v3l46rmp1y","GMD/2026-27/344","GAJA ENGINEERING PVT LTD","DI Sluice Valve ,300MM, PN16 AS PER IS 14846:2000 FLANGE DRILLING AS PER IS:9523","FSD040003","RCB040002","19647","","UNEXPECTED_FILLED","21749.23","21749.23","MATCH","QR_MISMATCH exp~33659.1","54.76","33660.00"
"cmssmskh2001ab0v3ftod5fwn","GMD/2026-27/344","GAJA ENGINEERING PVT LTD","DI Non Return Valve - 400 MM DIA DI NON RETURN VALVE WITH DUAL PLATE OPERATION , PN-2.0","FCF090081","","24736","","NO_BOM_FOR_CODE|STALE_GATE","27382.75","27382.75","MATCH","QR_OK","53.38","42000.00"
"cmssmskh2001db0v39e3k3bnq","GMD/2026-27/344","GAJA ENGINEERING PVT LTD","Butterfly Valve - 250 MM DIA ELECTRICAL OPERTATED BUTTERFLY VALVE WITH ACTUTATOR, PN-1.6 , IS: 13095 , ACTUTATOR MAKE : AUMA , WITH SCADA COMPATABLE","FBD020494","","72620","","NO_BOM_FOR_CODE|STALE_GATE","80390.34","80390.34","MATCH","QR_MISMATCH exp~130682.5","62.56","130680.00"
"cmssmskh2001eb0v3zh3qj3mv","GMD/2026-27/344","GAJA ENGINEERING PVT LTD","Butterfly Valve - 300 MM DIA ELECTRICAL OPERTATED BUTTERFLY VALVE WITH ACTUTATOR, PN-1.6 , IS: 13095 , ACTUTATOR MAKE : AUMA , WITH SCADA COMPATABLE","FBD020493","","90253","","NO_BOM_FOR_CODE|STALE_GATE","99910.07","99910.07","MATCH","QR_MISMATCH exp~160565.5","60.71","160570.00"
"cmssn0xxs001qb0v323wc0dvs","GMD/2026-27/345","H C JAIN ENGINEERING PVT LTD","DI Soft seated Sluice Valve ,PN16 ,100MM","FSD040001","RSD110001","2600","","UNEXPECTED_FILLED","2836.08","2836.08","MATCH","QR_OK","5.78","3000.00"
"cmsst5u3l003tb0v3oima509c","GMD/2026-27/348","H C JAIN ENGINEERING PVT LTD","DI PRV ,PN10,300mm","FCF080030","","52638","","NO_BOM_FOR_CODE|STALE_GATE","57417.53","57417.53","MATCH","QR_MISMATCH exp~173957.9","202.97","173960.00"
"cmsst5u3l003sb0v31uwvots0","GMD/2026-27/348","H C JAIN ENGINEERING PVT LTD","DI PRV ,PN10,200mm","FCF110011","","15000","","NO_BOM_FOR_CODE|STALE_GATE","16362","16362","MATCH","QR_OK","202.96","49570.00"
"cmsst5u3l003ub0v3wdmcpwzy","GMD/2026-27/348","H C JAIN ENGINEERING PVT LTD","DI PRV ,PN10,600mm","FCF110018","","150000","","NO_BOM_FOR_CODE|STALE_GATE","163620","163620","MATCH","QR_OK","202.97","495720.00"
"cmsst5u3l003vb0v3eww44jh5","GMD/2026-27/348","H C JAIN ENGINEERING PVT LTD","DI PRV ,PN10,450mm","FCF110016","","92599","","NO_BOM_FOR_CODE|STALE_GATE","101006.99","101006.99","MATCH","QR_MISMATCH exp~306020.9","202.97","306020.00"
"cmswv014r0007n0v30u1k2gyi","GMD/2026-27/350","KALPATARU PROJECTS INTERNATIONAL LIMITED","DI,SLUICE Valve,MANUAL,PN16,250mm","FSD040084","","","","NO_BOM_FOR_CODE","","","NULL_BOTH","","20",""
"cmswv014r0002n0v3xnjtm2ks","GMD/2026-27/350","KALPATARU PROJECTS INTERNATIONAL LIMITED","DI,SLUICE Valve,MANUAL,PN10,150mm","FSD040002","RSD110023","","","NULL_BOTH","","","NULL_BOTH","","25",""
"cmswv014r0008n0v3wpb88h1a","GMD/2026-27/350","KALPATARU PROJECTS INTERNATIONAL LIMITED","DI,SLUICE Valve,MANUAL,PN10,80mm","FSD040044","RSD110042","","","NULL_BOTH","","","NULL_BOTH","","25",""
"cmswv014r0004n0v3abn9odqh","GMD/2026-27/350","KALPATARU PROJECTS INTERNATIONAL LIMITED","DI,SLUICE Valve,MANUAL,PN10,200mm","FSC060011","RSD120003","1600","1600","MATCH","1745.28","1745.28","MATCH","QR_OK","491.31","10320.00"
"cmswv014r0003n0v3hqeghnq1","GMD/2026-27/350","KALPATARU PROJECTS INTERNATIONAL LIMITED","DI,SLUICE Valve,MANUAL,PN10,50mm","FSD040038","RSD130008","","","NULL_BOTH","","","NULL_BOTH","","25",""
"cmswv014r0005n0v31ubh9pir","GMD/2026-27/350","KALPATARU PROJECTS INTERNATIONAL LIMITED","CI,SLUICE Valve,MANUAL,PN16,100mm","FSD040001","RSD110001","","","NULL_BOTH","","","NULL_BOTH","","25",""
"cmswv014r0006n0v3y66ges85","GMD/2026-27/350","KALPATARU PROJECTS INTERNATIONAL LIMITED","CI,SLUICE Valve,MANUAL,PN16,65mm","FSD040050","RSD130015","","","NULL_BOTH","","","NULL_BOTH","","25",""
"cmswv9b1e000dn0v3bu4l55nv","GMD/2026-27/351","KALPATARU PROJECTS INTERNATIONAL LIMITED","CI,SLUICE Valve,MANUAL,PN16,200mm","FSC060011","RSD120003","1600","1600","MATCH","1745.28","1745.28","MATCH","QR_OK","491.31","10320.00"
"cmswv9b1e000en0v3cnmw8v34","GMD/2026-27/351","KALPATARU PROJECTS INTERNATIONAL LIMITED","DI,SLUICE Valve,MANUAL,PN10,65mm","FSD040050","RSD130015","","","NULL_BOTH","","","NULL_BOTH","","25",""
"cmswv9b1e000bn0v3xb9abmu7","GMD/2026-27/351","KALPATARU PROJECTS INTERNATIONAL LIMITED","DI,SLUICE Valve,MANUAL,PN16,100mm","FSD040001","RSD110001","","","NULL_BOTH","","","NULL_BOTH","","25",""
"cmswv9b1e000cn0v3gunmwiym","GMD/2026-27/351","KALPATARU PROJECTS INTERNATIONAL LIMITED","DI,SLUICE Valve,MANUAL,PN10,150mm","FSD040002","RSD110023","","","NULL_BOTH","","","NULL_BOTH","","25",""
"cmsx538b60005h8v37jgdmcve","GMD/2026-27/352","Jain Irrigation","CI Non-Return Valve ,50mm","FCG010015","RND010003","70000","","UNEXPECTED_FILLED","78435","78435","MATCH","QR_MISMATCH exp~2258.9","-97.12","2260.00"
"cmsx538b60004h8v3j820xpjn","GMD/2026-27/352","Jain Irrigation","CI Kinetic Air Valve ,80mm ,PN16","FDC040009","FTD050023","2800","141.90625","MISMATCH diff=2658.09","3137.4","3137.4","MATCH","QR_OK","20.48","3780.00"
"cmsx5ch900008h8v37pkncoi7","GMD/2026-27/353","H C JAIN ENGINEERING PVT LTD","DI,Surge Anticipating Valve , 200 MM","FCF080026","","83244","","NO_BOM_FOR_CODE|STALE_GATE","90802.56","90802.56","MATCH","QR_MISMATCH exp~599996.1","560.77","600000.00"
"cmsyiia9p0024kkv336rt9h3l","GMD/2026-27/356","SKYLARK Infra Engineering Pvt Ltd.","DI Disc Metal Seated type Sluice Valve,PN10,80mm,with Flange End As Per IS: 1538","FSC030065","","","","NO_BOM_FOR_CODE","47000","","PRODUCT_NULL_BUT_COST_EXISTS","QR_MISMATCH exp~53998.3","14.89","54000.00"
"cmsyiia9p0023kkv3lrqcjohk","GMD/2026-27/356","SKYLARK Infra Engineering Pvt Ltd.","DI Disc Metal Seated type Sluice Valve,PN10,100mm,with Flange End As Per IS: 1538","FSC030095","","","","NO_BOM_FOR_CODE","47800","","PRODUCT_NULL_BUT_COST_EXISTS","QR_MISMATCH exp~54998.7","15.06","55000.00"
"cmsyk3rts0006gkv3m9z6fs1v","GMD/2026-27/358","S. A. Enterprises","Air Kinetic Valve, 100 mm","FDC040013","FTD050018","5421","5421","MATCH","3482","5913.23","MISMATCH diff=2431.23","QR_MISMATCH exp~4700.7","35","4700.00"
"cmsyk3rts0005gkv318vs258v","GMD/2026-27/358","S. A. Enterprises","Tamper Proof Air Kinetic Valve, 150 mm","FDC040017","FBD010509","378.5833333333333","378.5833333333333","MATCH","6518","412.96","MISMATCH diff=6105.04","QR_MISMATCH exp~8799.3","35","8800.00"
"cmszqjmba000ookv3f6enfepz","GMD/2026-27/360","KALPATARU PROJECTS INTERNATIONAL LIMITED","DI,Manually Operated Sluice Valve,400mm,PN16","FSD040029","RSD110045","22800","","UNEXPECTED_FILLED","24870.24","24870.24","MATCH","QR_OK","21.19","30140.00"
"cmszqjmba000nokv30ha2hyi0","GMD/2026-27/360","KALPATARU PROJECTS INTERNATIONAL LIMITED","DI,Manually Operated Sluice Valve,350mm,PN16","FSD040028","RSD130032","18500","","UNEXPECTED_FILLED","20179.8","20179.8","MATCH","QR_OK","21.21","24460.00"
"cmszqjmba000eokv34nmsdbnz","GMD/2026-27/360","KALPATARU PROJECTS INTERNATIONAL LIMITED","DI,Manually Operated Sluice Valve,150mm,PN10","FSD040002","RSD110023","6500","","UNEXPECTED_FILLED","7090.2","7090.2","MATCH","QR_OK","16.22","8240.00"
"cmszqjmba0005okv3gybhfi30","GMD/2026-27/360","KALPATARU PROJECTS INTERNATIONAL LIMITED","DI,Air valve with Isolation Sluice Valve,50mm,PN16","FVD010002","","3900","","NO_BOM_FOR_CODE|STALE_GATE","4254.12","4254.12","MATCH","QR_OK","26.23","5370.00"
"cmszqjmba000rokv39jr9hzml","GMD/2026-27/360","KALPATARU PROJECTS INTERNATIONAL LIMITED","DI,Manually Operated Sluice Valve,900mm,PN16","FSD040060","FSD040060","377980","213150","MISMATCH diff=164830.00","412300.58","412300.58","MATCH","QR_MISMATCH exp~499667.1","21.19","499660.00"
"cmszqjmba0002okv3p46ycqw7","GMD/2026-27/360","KALPATARU PROJECTS INTERNATIONAL LIMITED","DI,Air valve with Isolation Sluice Valve,40mm,PN10","FVD010001","","3700","","NO_BOM_FOR_CODE|STALE_GATE","4035.96","4035.96","MATCH","QR_OK","26.36","5100.00"
"cmszqjmba000hokv36x8l744w","GMD/2026-27/360","KALPATARU PROJECTS INTERNATIONAL LIMITED","DI,Manually Operated Sluice Valve,80mm,PN16","FSD040044","RSD110042","2270","","UNEXPECTED_FILLED","2476.12","2476.12","MATCH","QR_OK","26.41","3130.00"
"cmszqjmba0009okv3y7lrbxyp","GMD/2026-27/360","KALPATARU PROJECTS INTERNATIONAL LIMITED","DI,Manually Operated Sluice Valve,50mm,PN10","FSD040038","RSD130008","1500","","UNEXPECTED_FILLED","1636.2","1636.2","MATCH","QR_OK","16.12","1900.00"
"cmszqjmba000mokv3m68xvgnt","GMD/2026-27/360","KALPATARU PROJECTS INTERNATIONAL LIMITED","DI,Manually Operated Sluice Valve,300mm,PN16","FSD040003","RCB040002","17500","","UNEXPECTED_FILLED","19089","19089","MATCH","QR_OK","21.17","23130.00"
"cmszqjmba000kokv378a8ia36","GMD/2026-27/360","KALPATARU PROJECTS INTERNATIONAL LIMITED","DI,Manually Operated Sluice Valve,200mm,PN16","FSC060011","RSD120003","8000","1600","MISMATCH diff=6400.00","8726.4","8726.4","MATCH","QR_OK","26.28","11020.00"
"cmszqjmba0003okv3hkmst3w2","GMD/2026-27/360","KALPATARU PROJECTS INTERNATIONAL LIMITED","DI,Air valve with Isolation Sluice Valve,50mm,PN10","FVD010002","","3900","","NO_BOM_FOR_CODE|STALE_GATE","4254.12","4254.12","MATCH","QR_OK","26.23","5370.00"
"cmszqjmba0007okv3170rewzc","GMD/2026-27/360","KALPATARU PROJECTS INTERNATIONAL LIMITED","DI,Air valve with Isolation Sluice Valve,100mm,PN16","FVD010003","","5800","","NO_BOM_FOR_CODE|STALE_GATE","6326.64","6326.64","MATCH","QR_OK","26.29","7990.00"
"cmszqjmba000cokv3no3h1jmb","GMD/2026-27/360","KALPATARU PROJECTS INTERNATIONAL LIMITED","DI,Manually Operated Sluice Valve,100mm,PN10","FSD040001","RSD110001","2800","","UNEXPECTED_FILLED","3054.24","3054.24","MATCH","QR_OK","16.23","3550.00"
"cmszqjmba000jokv3w3fnlu7y","GMD/2026-27/360","KALPATARU PROJECTS INTERNATIONAL LIMITED","DI,Manually Operated Sluice Valve,150mm,PN16","FSD040002","RSD110023","4900","","UNEXPECTED_FILLED","5344.92","5344.92","MATCH","QR_OK","26.29","6750.00"
"cmszqjmba0004okv3rhj9ionz","GMD/2026-27/360","KALPATARU PROJECTS INTERNATIONAL LIMITED","DI,Air valve with Isolation Sluice Valve,40mm,PN16","FVD010001","","3700","","NO_BOM_FOR_CODE|STALE_GATE","4035.96","4035.96","MATCH","QR_OK","26.36","5100.00"
"cmszqjmba000iokv30bmeye1v","GMD/2026-27/360","KALPATARU PROJECTS INTERNATIONAL LIMITED","DI,Manually Operated Sluice Valve,100mm,PN16","FSD040001","RSD110001","2800","","UNEXPECTED_FILLED","3054.24","3054.24","MATCH","QR_OK","26.38","3860.00"
"cmszqjmba0006okv3ornyeto9","GMD/2026-27/360","KALPATARU PROJECTS INTERNATIONAL LIMITED","DI,Air valve with Isolation Sluice Valve,80mm,PN16","FVC020003","","5170","","NO_BOM_FOR_CODE|STALE_GATE","5639.44","5639.44","MATCH","QR_OK","26.25","7120.00"
"cmszqjmba000qokv3bthvhy5q","GMD/2026-27/360","KALPATARU PROJECTS INTERNATIONAL LIMITED","DI,Manually Operated Sluice Valve,700mm,PN16","FSD040075","","184875","","NO_BOM_FOR_CODE|STALE_GATE","201661.65","201661.65","MATCH","QR_MISMATCH exp~244393.8","21.19","244390.00"
"cmszqjmba000bokv37m3rpnnp","GMD/2026-27/360","KALPATARU PROJECTS INTERNATIONAL LIMITED","DI,Manually Operated Sluice Valve,80mm,PN10","FSD040044","RSD110042","2270","","UNEXPECTED_FILLED","2476.12","2476.12","MATCH","QR_OK","16.31","2880.00"
"cmszqjmba000gokv3etavevi4","GMD/2026-27/360","KALPATARU PROJECTS INTERNATIONAL LIMITED","DI,Manually Operated Sluice Valve,250mm,PN10","FSD040084","","13700","","NO_BOM_FOR_CODE|STALE_GATE","14943.96","14943.96","MATCH","QR_OK","21.19","18110.00"
"cmszqjmba000pokv3rmh4k58h","GMD/2026-27/360","KALPATARU PROJECTS INTERNATIONAL LIMITED","DI,Manually Operated Sluice Valve,500mm,PN16","FSD040074","","46000","","NO_BOM_FOR_CODE|STALE_GATE","50176.8","50176.8","MATCH","QR_MISMATCH exp~60809.3","21.19","60810.00"
"cmszqjmba0008okv3t4prxz00","GMD/2026-27/360","KALPATARU PROJECTS INTERNATIONAL LIMITED","DI,Air valve with Isolation Sluice Valve,150mm,PN16","FVC030022","","11800","","NO_BOM_FOR_CODE|STALE_GATE","12871.44","12871.44","MATCH","QR_OK","26.25","16250.00"
"cmszqjmba000lokv3rouuon46","GMD/2026-27/360","KALPATARU PROJECTS INTERNATIONAL LIMITED","DI,Manually Operated Sluice Valve,250mm,PN16","FSD040084","","13700","","NO_BOM_FOR_CODE|STALE_GATE","14943.96","14943.96","MATCH","QR_OK","21.19","18110.00"
"cmszqjmba000fokv3qkpi0dte","GMD/2026-27/360","KALPATARU PROJECTS INTERNATIONAL LIMITED","DI,Manually Operated Sluice Valve,200mm,PN10","FSC060011","RSD120003","8000","1600","MISMATCH diff=6400.00","8726.4","8726.4","MATCH","QR_OK","21.24","10580.00"
"cmszqjmba000dokv3iu9umj6y","GMD/2026-27/360","KALPATARU PROJECTS INTERNATIONAL LIMITED","DI,Manually Operated Sluice Valve,125mm,PN10","FRD020008","RSD110034","3400","","UNEXPECTED_FILLED","3708.72","3708.72","MATCH","QR_OK","21.34","4500.00"
"cmszqjmba000aokv3z5lzubrh","GMD/2026-27/360","KALPATARU PROJECTS INTERNATIONAL LIMITED","DI,Manually Operated Sluice Valve,65mm,PN10","FSD040050","RSD130015","1650","","UNEXPECTED_FILLED","1799.82","1799.82","MATCH","QR_OK","16.12","2090.00"
"cmszxrx65076ea4v3u4dvi1xh","GMD/2026-27/355","SHIELD AND ALLIED","valveset-1-7.003-Supply of CI Double Flanged Sluice Valve Conforming to IS 14846 - 2000, Sluice Valve with Cap PN 1.6, Size 150mm.","FSD030182","","10164","","NO_BOM_FOR_CODE|STALE_GATE","11086.89","11086.89","MATCH","QR_MISMATCH exp~13858.6","25","13860.00"
"cmszxrx65076sa4v37bd4zh3n","GMD/2026-27/355","SHIELD AND ALLIED","valveset-1-3.009-CI Double Flanged Sluice Valve Conforming to IS 14846 - 2000, Sluice Valve with Hand Wheel PN 1.6, Size 450mm.","FSC030362","","82661","","NO_BOM_FOR_CODE|STALE_GATE","90166.62","90166.62","MATCH","QR_OK","20","108200.00"
"cmszxrx65076za4v3nsfo2uzn","GMD/2026-27/355","SHIELD AND ALLIED","valveset-1-5.006-CI Double Flanged Sluice Valve Conforming to IS 14846 - 2000, Sluice Valve with Hand Wheel PN 1.6, Size 400mm.","FSC030339","","66808","","NO_BOM_FOR_CODE|STALE_GATE","72874.17","72874.17","MATCH","QR_MISMATCH exp~87449","20","87450.00"
"cmszxrx650776a4v3x0housez","GMD/2026-27/355","SHIELD AND ALLIED","valveset-1-7.017-CI Double Flanged Sluice Valve Conforming to IS 14846 - 2000, Sluice Valve with Cap PN 1.6, Size 300mm.","FSC030271","","31960","","NO_BOM_FOR_CODE|STALE_GATE","34861.97","34861.97","MATCH","QR_MISMATCH exp~41834.4","20","41830.00"
"cmszxrx650777a4v3khnrer47","GMD/2026-27/355","SHIELD AND ALLIED","valveset-1-7.018-CI Double Flanged Sluice Valve Conforming to IS 14846 - 2000, Sluice Valve with Cap PN 1.6, Size 400mm.","FSC030339","","66808","","NO_BOM_FOR_CODE|STALE_GATE","72874.17","72874.17","MATCH","QR_MISMATCH exp~87449","20","87450.00"
"cmszxrx650778a4v30ppp63n2","GMD/2026-27/355","SHIELD AND ALLIED","valveset-1-7.019-CI Double Flanged Sluice Valve Conforming to IS 14846 - 2000, Sluice Valve with Cap PN 1.6, Size 500mm.","FRD010039","","122084","","NO_BOM_FOR_CODE|STALE_GATE","133169.23","133169.23","MATCH","QR_OK","30","173120.00"
"cmszxrx65077ba4v3ea486wy4","GMD/2026-27/355","SHIELD AND ALLIED","valveset-1-3.036- CI Double Flanged Sluice Valve Conforming to IS 14846 - 2000, Sluice Valve with Hand Wheel PN 1.6, Size 450mm.","FSC030362","","82661","","NO_BOM_FOR_CODE|STALE_GATE","90166.62","90166.62","MATCH","QR_OK","20","108200.00"
"cmszxrx65076pa4v3br67lx2h","GMD/2026-27/355","SHIELD AND ALLIED","valveset-1-33.005-Supply of CI Double Flanged Sluice Valve Conforming to IS 14846 - 2000, Sluice Valve with Cap PN 1.6, Size 250mm.","FSC030242","","22300","","NO_BOM_FOR_CODE|STALE_GATE","24324.84","24324.84","MATCH","QR_MISMATCH exp~30406.1","25","30410.00"
"cmszxrx65077la4v3ubsefs4d","GMD/2026-27/355","SHIELD AND ALLIED","valveset-1-3.002-350 mm Butterfly valve with ON-OFF type 415 V AC 3-phase multi turn electrical actuator.","FBD010487","","80731","","NO_BOM_FOR_CODE|STALE_GATE","88061.37","88061.37","MATCH","QR_MISMATCH exp~127689","45","127690.00"
"cmszxrx65077fa4v3l0khrktl","GMD/2026-27/355","SHIELD AND ALLIED","valveset-1-3.003- 300 mm DI make NRV valve","FCF090037","RNC020003","52076","","UNEXPECTED_FILLED","56804.5","56804.5","MATCH","QR_MISMATCH exp~170413.5","200","170410.00"
"cmszxrx650772a4v3yh4kiw31","GMD/2026-27/355","SHIELD AND ALLIED","valveset-1-7.013- CI Double Flanged Sluice Valve Conforming to IS 14846 - 2000, Sluice Valve with Cap PN 1.6, Size 80mm.","FSC030062","","4260","","NO_BOM_FOR_CODE|STALE_GATE","4646.81","4646.81","MATCH","QR_MISMATCH exp~5808.5","25","5810.00"
"cmszxrx65076ua4v390f9056o","GMD/2026-27/355","SHIELD AND ALLIED","valveset-1-3.011- CI Double Flanged Sluice Valve Conforming to IS 14846 - 2000, Sluice Valve with Hand Wheel PN 1.6, Size 250mm.","FSC030242","","22300","","NO_BOM_FOR_CODE|STALE_GATE","24324.84","24324.84","MATCH","QR_MISMATCH exp~30406.1","25","30410.00"
"cmszxrx650771a4v3uzqphd1y","GMD/2026-27/355","SHIELD AND ALLIED","valveset-1-7.012- CI Air Valve with Flanges, Conforming to IS 14845 - 2000, Kinetic Air Valve Type DS1, Size 80mm.","FDC040009","FTD050023","2800","141.90625","MISMATCH diff=2658.09","3054.24","3054.24","MATCH","QR_MISMATCH exp~4123.2","35","4120.00"
"cmszxrx65077ea4v3aslljn06","GMD/2026-27/355","SHIELD AND ALLIED","valveset-1-3.039- CI Air Valve, Conforming to IS 14848 - 2000, Single Orifice, Small Orifice Type S1, Size 25mm.","FCF070012","","1900","","NO_BOM_FOR_CODE|STALE_GATE","2072.52","2072.52","MATCH","QR_MISMATCH exp~2797.9","35","2800.00"
"cmszxrx65076qa4v31jfiv7su","GMD/2026-27/355","SHIELD AND ALLIED","valveset-1-33.006-Supply of CI Double Flanged Sluice Valve Conforming to IS 14846 - 2000, Sluice Valve with Cap PN 1.6, Size 150mm.","FSD030182","","10164","","NO_BOM_FOR_CODE|STALE_GATE","11086.89","11086.89","MATCH","QR_MISMATCH exp~13858.6","25","13860.00"
"cmszxrx65076ka4v3g6oi0knw","GMD/2026-27/355","SHIELD AND ALLIED","valveset-1-4.002-Supply of CI Double Flanged Sluice Valve Conforming to IS 14846 - 2000, Sluice Valve with Cap PN 1.6, Size 600mm.","FSC030428","FSC030428","144158","","UNEXPECTED_FILLED","157247.55","157247.55","MATCH","QR_MISMATCH exp~204421.8","30","204420.00"
"cmszxrx65076ja4v39ltazmcq","GMD/2026-27/355","SHIELD AND ALLIED","valveset-1-1.003-Supply of CI Double Flanged Sluice Valve Conforming to IS 14846 - 2000, Sluice Valve with Hand Wheel PN 1.0, Size 600mm.","FSC030428","FSC030428","144158","","UNEXPECTED_FILLED","157247.55","157247.55","MATCH","QR_MISMATCH exp~204421.8","30","204420.00"
"cmszxrx65077ga4v3lga9hhaq","GMD/2026-27/355","SHIELD AND ALLIED","valveset-1-3.004-400 mm DI make NRV valve","FCE080023","","109585","","NO_BOM_FOR_CODE|STALE_GATE","119535.32","119535.32","MATCH","QR_MISMATCH exp~358606","200","358610.00"
"cmszxrx65077ha4v3bsos36st","GMD/2026-27/355","SHIELD AND ALLIED","valveset-1-3.005- 450 mm DI make NRV valve","FCF090040","","188832","","NO_BOM_FOR_CODE|STALE_GATE","205977.95","205977.95","MATCH","QR_MISMATCH exp~617933.9","200","617930.00"
"cmszxrx65077ya4v38cgrflmn","GMD/2026-27/355","SHIELD AND ALLIED","valveset-2--Ball valve250mm","FCE070016","","19443","","NO_BOM_FOR_CODE|STALE_GATE","21208.42","21208.42","MATCH","QR_MISMATCH exp~28631.4","35","28630.00"
"cmszxrx65077ca4v3ibf4xlo7","GMD/2026-27/355","SHIELD AND ALLIED","valveset-1-3.037-CI Double Flanged Sluice Valve Conforming to IS 14846 - 2000, Sluice Valve with Cap PN 1.0, Size 250mm.","FSC030242","","22300","","NO_BOM_FOR_CODE|STALE_GATE","24324.84","24324.84","MATCH","QR_MISMATCH exp~30406.1","25","30410.00"
"cmszxrx650775a4v37479o96p","GMD/2026-27/355","SHIELD AND ALLIED","valveset-1-7.016- CI Double Flanged Sluice Valve Conforming to IS 14846 - 2000, Sluice Valve with Cap PN 1.6, Size 250mm.","FSC030242","","22300","","NO_BOM_FOR_CODE|STALE_GATE","24324.84","24324.84","MATCH","QR_MISMATCH exp~30406.1","25","30410.00"
"cmszxrx65077va4v3jc7nd4t2","GMD/2026-27/355","SHIELD AND ALLIED","valveset-2--CI Butterfly valve150mm","FBD010481","FBD010509","3514","378.5833333333333","MISMATCH diff=3135.42","3833.07","3833.07","MATCH","QR_MISMATCH exp~5558","45","5560.00"
"cmszxrx65077wa4v3pvf6whnh","GMD/2026-27/355","SHIELD AND ALLIED","valveset-2--CI Butterfly valve Sluice valve150mm","FBD010481","FBD010509","3514","378.5833333333333","MISMATCH diff=3135.42","3833.07","3833.07","MATCH","QR_MISMATCH exp~5558","45","5560.00"
"cmszxrx650774a4v3pq0i2wzy","GMD/2026-27/355","SHIELD AND ALLIED","valveset-1-7.015-CI Double Flanged Sluice Valve Conforming to IS 14846 - 2000, Sluice Valve with Cap PN 1.6, Size 200mm.","FSC030211","","14542","","NO_BOM_FOR_CODE|STALE_GATE","15862.41","15862.41","MATCH","QR_MISMATCH exp~19828","25","19830.00"
"cmszxrx65077sa4v3lcc19rew","GMD/2026-27/355","SHIELD AND ALLIED","valveset-2--CI Butterfly valve wafer250mm","FBC010487","","7620","","NO_BOM_FOR_CODE|STALE_GATE","8311.9","8311.9","MATCH","QR_MISMATCH exp~12052.3","45","12050.00"
"cmszxrx65077ra4v3302yzria","GMD/2026-27/355","SHIELD AND ALLIED","valveset-2--CI Butterfly valve wafer500mm","FBC020515","FBD020551","43029","","UNEXPECTED_FILLED","46936.03","46936.03","MATCH","QR_MISMATCH exp~63363.6","35","63360.00"
"cmszxrx65076oa4v3w538zg2s","GMD/2026-27/355","SHIELD AND ALLIED","valveset-1-28.002-Supply of CI Non Return Valve, Conforming to IS 5312 Part I - 1984, PN 1.0, Size 300mm.","FCF090037","RNC020003","52076","","UNEXPECTED_FILLED","56804.5","56804.5","MATCH","QR_MISMATCH exp~170413.5","200","170410.00"
"cmszxrx650768a4v3n3kta2o6","GMD/2026-27/355","SHIELD AND ALLIED","valveset-1-4.003-Supply of CI Double Flanged Sluice Valve Conforming to IS 14846 - 2000, Sluice Valve with Hand Wheel PN 1.6, Size 450mm.","FSC030362","","82661","","NO_BOM_FOR_CODE|STALE_GATE","90166.62","90166.62","MATCH","QR_OK","20","108200.00"
"cmszxrx65077ua4v3ghqds5l8","GMD/2026-27/355","SHIELD AND ALLIED","valveset-2--CI Butterfly valve250mm","FBC010487","","7620","","NO_BOM_FOR_CODE|STALE_GATE","8311.9","8311.9","MATCH","QR_MISMATCH exp~12052.3","45","12050.00"
"cmszxrx65076ha4v3ryb0dqth","GMD/2026-27/355","SHIELD AND ALLIED","valveset-1-20.005-100.98.465:Supply of CI Double Flanged Sluice Valve Conforming to IS 14846 - 2000, Sluice Valve with Cap PN 1.6, Size 400mm.","FSC030339","","66808","","NO_BOM_FOR_CODE|STALE_GATE","72874.17","72874.17","MATCH","QR_MISMATCH exp~87449","20","87450.00"
"cmszxrx65077za4v3n986f87v","GMD/2026-27/355","SHIELD AND ALLIED","valveset-2--CI Butterfly valve150mm","FBD010481","FBD010509","3514","378.5833333333333","MISMATCH diff=3135.42","3833.07","3833.07","MATCH","QR_MISMATCH exp~5558","45","5560.00"
"cmszxrx65076ma4v3jza1akl4","GMD/2026-27/355","SHIELD AND ALLIED","valveset-1-4.005-Supply of CI Double Flanged Sluice Valve Conforming to IS 14846 - 2000, Sluice Valve with Cap PN 1.6, Size 150mm.","FSD030182","","10164","","NO_BOM_FOR_CODE|STALE_GATE","11086.89","11086.89","MATCH","QR_MISMATCH exp~13858.6","25","13860.00"
"cmszxrx65076va4v3z0eg3sve","GMD/2026-27/355","SHIELD AND ALLIED","valveset-1-3.012-CI Double Flanged Sluice Valve Conforming to IS 14846 - 2000, Sluice Valve with Cap PN 1.6, Size 200mm.","FSC030211","","14542","","NO_BOM_FOR_CODE|STALE_GATE","15862.41","15862.41","MATCH","QR_MISMATCH exp~19828","25","19830.00"
"cmszxrx65076ga4v3cwepnne1","GMD/2026-27/355","SHIELD AND ALLIED","valveset-1-20.004-100.98.462:Supply of CI Double Flanged Sluice Valve Conforming to IS 14846 - 2000, Sluice Valve with Cap PN 1.6, Size 250mm.(Recycling of wash water)","FSC030241","","22300","","NO_BOM_FOR_CODE|STALE_GATE","24324.84","24324.84","MATCH","QR_MISMATCH exp~30406.1","25","30410.00"
"cmszxrx65077ma4v3e11qvpdj","GMD/2026-27/355","SHIELD AND ALLIED","valveset-1-3.008-200 mm DI make sluice valve, P N 1.6 with ON-OFF type 415 V AC 3-phase multi turn electrical actuator.","FSC030215","","86000","","NO_BOM_FOR_CODE|STALE_GATE","93808.8","93808.8","MATCH","QR_MISMATCH exp~117261","25","117260.00"
"cmszxrx650782a4v3k9cod9i9","GMD/2026-27/355","SHIELD AND ALLIED","valveset-2--Sluice valve250mm","FSC030242","","22300","","NO_BOM_FOR_CODE|STALE_GATE","24324.84","24324.84","MATCH","QR_MISMATCH exp~30406.1","25","30410.00"
"cmszxrx65076xa4v3t2oo2fpy","GMD/2026-27/355","SHIELD AND ALLIED","valveset-1-3.014-CI Air Valve with Flanges, Conforming to IS 14845 - 2000, Kinetic Air Valve Type DS2, Size 80mm.","FDC040009","FTD050023","2800","141.90625","MISMATCH diff=2658.09","3054.24","3054.24","MATCH","QR_MISMATCH exp~4123.2","35","4120.00"
"cmszxrx650781a4v3jygu0glv","GMD/2026-27/355","SHIELD AND ALLIED","valveset-2--Sluice valve250mm","FSC030242","","22300","","NO_BOM_FOR_CODE|STALE_GATE","24324.84","24324.84","MATCH","QR_MISMATCH exp~30406.1","25","30410.00"
"cmszxrx65077qa4v36o83lbli","GMD/2026-27/355","SHIELD AND ALLIED","valveset-1-3.012-300 mm Butterfly valve with ON-OFF type 415 V AC 3-phase multi turn electrical actuator.","FBD030001","","78003","","NO_BOM_FOR_CODE|STALE_GATE","85085.67","85085.67","MATCH","QR_MISMATCH exp~123374.2","45","123370.00"
"cmszxrx65077xa4v3g70n7nwz","GMD/2026-27/355","SHIELD AND ALLIED","valveset-2--Sluice gate250mm","FSC030242","","22300","","NO_BOM_FOR_CODE|STALE_GATE","24324.84","24324.84","MATCH","QR_MISMATCH exp~30406.1","25","30410.00"
"cmszxrx650773a4v3cvx4irqh","GMD/2026-27/355","SHIELD AND ALLIED","valveset-1-7.014- CI Double Flanged Sluice Valve Conforming to IS 14846 - 2000, Sluice Valve with Cap PN 1.6, Size 150mm.","FSD030182","","10164","","NO_BOM_FOR_CODE|STALE_GATE","11086.89","11086.89","MATCH","QR_MISMATCH exp~13858.6","25","13860.00"
"cmszxrx65076ya4v3d55sfuff","GMD/2026-27/355","SHIELD AND ALLIED","valveset-1-5.005-CI Double Flanged Sluice Valve Conforming to IS 14846 - 2000, Sluice Valve with Hand Wheel PN 1.6, Size 300mm.","FSC030273","","31960","","NO_BOM_FOR_CODE|STALE_GATE","34861.97","34861.97","MATCH","QR_MISMATCH exp~41834.4","20","41830.00"
"cmszxrx65076fa4v3yx6de9u1","GMD/2026-27/355","SHIELD AND ALLIED","valveset-1-7.004-Supply of CI Double Flanged Sluice Valve Conforming to IS 14846 - 2000, Sluice Valve with Cap PN 1.6, Size 250mm.","FSC030242","","22300","","NO_BOM_FOR_CODE|STALE_GATE","24324.84","24324.84","MATCH","QR_MISMATCH exp~30406.1","25","30410.00"
"cmszxrx650770a4v3d8w08gzu","GMD/2026-27/355","SHIELD AND ALLIED","valveset-1-5.007- CI Double Flanged Sluice Valve Conforming to IS 14846 - 2000, Sluice Valve with Hand Wheel PN 1.6, Size 500mm.","FRD010039","","122084","","NO_BOM_FOR_CODE|STALE_GATE","133169.23","133169.23","MATCH","QR_OK","30","173120.00"
"cmszxrx650769a4v3eow9zek9","GMD/2026-27/355","SHIELD AND ALLIED","valveset-1-6.003-:Supply of CI Air Valve with Flanges, Conforming to IS 14845 - 2000, Kinetic Air Valve Type DS2, Size 80mm.","FDC040009","FTD050023","2800","141.90625","MISMATCH diff=2658.09","3054.24","3054.24","MATCH","QR_MISMATCH exp~4123.2","35","4120.00"
"cmszxrx65076na4v3cdsulvg6","GMD/2026-27/355","SHIELD AND ALLIED","valveset-1-4.006-Supply of CI Air Valve with Flanges, Conforming to IS 14845 - 2000, Kinetic Air Valve Type DS1, Size 150mm.","FDC040017","FBD010509","6128","378.5833333333333","MISMATCH diff=5749.42","6684.42","6684.42","MATCH","QR_MISMATCH exp~9024","35","9020.00"
"cmszxrx65076ba4v3zdwns4su","GMD/2026-27/355","SHIELD AND ALLIED","valveset-1-4.01-Supply of CI Double Flanged Sluice Valve Conforming to IS 14846 - 2000, Sluice Valve with Hand Wheel PN 1.6, Size 150mm.","FSD030182","","10164","","NO_BOM_FOR_CODE|STALE_GATE","11086.89","11086.89","MATCH","QR_MISMATCH exp~13858.6","25","13860.00"
"cmszxrx65077ta4v3lu0acpwq","GMD/2026-27/355","SHIELD AND ALLIED","valveset-2--Sluice valve250mm","FSC030242","","22300","","NO_BOM_FOR_CODE|STALE_GATE","24324.84","24324.84","MATCH","QR_MISMATCH exp~30406.1","25","30410.00"
"cmszxrx65076wa4v30ht937ub","GMD/2026-27/355","SHIELD AND ALLIED","valveset-1-3.013-CI Double Flanged Sluice Valve Conforming to IS 14846 - 2000, Sluice Valve with Cap PN 1.6, Size 80mm.","FSC030062","","82661","","NO_BOM_FOR_CODE|STALE_GATE","90166.62","90166.62","MATCH","QR_MISMATCH exp~5806.7","-93.56","5810.00"
"cmszxrx65077aa4v31n52j33e","GMD/2026-27/355","SHIELD AND ALLIED","valveset-1-3.025-150mm Dynamic/Kinetic single chamber air release valve with pressure range from D/F PN.2.0 to PN 2.5 with epoxy powder coating","FDC040019","FBD010509","6128","378.5833333333333","MISMATCH diff=5749.42","6684.42","6684.42","MATCH","QR_MISMATCH exp~9024","35","9020.00"
"cmszxrx65077da4v3ibvulln7","GMD/2026-27/355","SHIELD AND ALLIED","valveset-1-3.038-CI Air Valve, Conforming to IS 14848 - 2000, Kinetic Air Valve Type DK, Size 80mm.","FDC040009","FTD050023","2800","141.90625","MISMATCH diff=2658.09","3054.24","3054.24","MATCH","QR_MISMATCH exp~4123.2","35","4120.00"
"cmszxrx65077ia4v3nfd68v9k","GMD/2026-27/355","SHIELD AND ALLIED","valveset-1-3.006- 500 mm DI make NRV valve","FCE080024","","240600","","NO_BOM_FOR_CODE|STALE_GATE","262446.48","262446.48","MATCH","QR_OK","200","787340.00"
"cmszxrx65077ja4v3687ntfeh","GMD/2026-27/355","SHIELD AND ALLIED","valveset-1-3.007-250 mm DI make NRV valve.","FCE080025","","31266","","NO_BOM_FOR_CODE|STALE_GATE","34104.95","34104.95","MATCH","QR_MISMATCH exp~102314.8","200","102310.00"
"cmszxrx650780a4v3sf4wfjdz","GMD/2026-27/355","SHIELD AND ALLIED","valveset-2--PP Ball valve150mm","FCE070023","FBD010509","16481","378.5833333333333","MISMATCH diff=16102.42","17977.47","17977.47","MATCH","QR_OK","35","24270.00"
"cmszxrx65077oa4v3ja14uj41","GMD/2026-27/355","SHIELD AND ALLIED","valveset-1-3.010.-400 mm DI make sluice valve, P N 1.6 with ON-OFF type 415 V AC 3-phase multi turn electrical actuator","FSC030335","","138252","","NO_BOM_FOR_CODE|STALE_GATE","150805.28","150805.28","MATCH","QR_MISMATCH exp~180966.3","20","180970.00"
"cmszxrx65077pa4v3u9ci6f9g","GMD/2026-27/355","SHIELD AND ALLIED","valveset-1-3.011-500 mm DI make sluice valve, P N 1.6 with ON-OFF type 415 V AC 3-phase multi turn electrical actuator.","FSC030395","","193528","","NO_BOM_FOR_CODE|STALE_GATE","211100.34","211100.34","MATCH","QR_OK","30","274430.00"
"cmszxrx65077na4v3gq0gi3sz","GMD/2026-27/355","SHIELD AND ALLIED","valveset-1-3.009-300 mm DI make sluice valve, P N 1.6 with ON-OFF type 415 V AC 3-phase multi turn electrical actuator","FSC030275","","103400","","NO_BOM_FOR_CODE|STALE_GATE","112788.72","112788.72","MATCH","QR_MISMATCH exp~135346.5","20","135350.00"
"cmszxrx650779a4v34lfg2erg","GMD/2026-27/355","SHIELD AND ALLIED","valveset-1-3.024-200mm Dynamic/Kinetic single chamber air release valve with pressure range from D/F PN.2.0 to PN 2.5 with epoxy powder coating","FDC040023","","8641","","NO_BOM_FOR_CODE|STALE_GATE","9425.6","9425.6","MATCH","QR_MISMATCH exp~12724.6","35","12720.00"
"cmszxrx65076ca4v396i3p2e4","GMD/2026-27/355","SHIELD AND ALLIED","valveset-1-4.011-Supply of CI Double Flanged Sluice Valve Conforming to IS 14846 - 2000, Sluice Valve with Hand Wheel PN 1.0, Size 250mm.","FSC030242","","22300","","NO_BOM_FOR_CODE|STALE_GATE","24324.84","24324.84","MATCH","QR_MISMATCH exp~30406.1","25","30410.00"
"cmszxrx65076ia4v3zz561bev","GMD/2026-27/355","SHIELD AND ALLIED","valveset-1-22.003-Supply of CI Double Flanged Sluice Valve Conforming to IS 14846 - 2000, Sluice Valve with Cap PN 1.6, Size 250mm. (for recycle of sludge)","FSC030242","","22300","","NO_BOM_FOR_CODE|STALE_GATE","24324.84","24324.84","MATCH","QR_MISMATCH exp~30406.1","25","30410.00"
"cmszxrx65076la4v36dwl5xrb","GMD/2026-27/355","SHIELD AND ALLIED","valveset-1-4.004-Supply of CI Double Flanged Sluice Valve Conforming to IS 14846 - 2000, Sluice Valve with Cap PN 1.6, Size 400mm.","FSC030339","","66808","","NO_BOM_FOR_CODE|STALE_GATE","72874.17","72874.17","MATCH","QR_MISMATCH exp~87449","20","87450.00"
"cmszxrx65076ra4v3518jcb3e","GMD/2026-27/355","SHIELD AND ALLIED","valveset-1-37.002-Supply of CI Double Flanged Sluice Valve Conforming to IS 14846 - 2000, Sluice Valve with Cap PN 1.6, Size 250mm.","FSC030242","","22300","","NO_BOM_FOR_CODE|STALE_GATE","24324.84","24324.84","MATCH","QR_MISMATCH exp~30406.1","25","30410.00"
"cmszxrx65076ta4v34rqnk41f","GMD/2026-27/355","SHIELD AND ALLIED","valveset-1-3.01-CI Double Flanged Sluice Valve Conforming to IS 14846 - 2000, Sluice Valve with Hand Wheel PN 1.6, Size 400mm.","FSC030339","","66808","","NO_BOM_FOR_CODE|STALE_GATE","72874.17","72874.17","MATCH","QR_MISMATCH exp~87449","20","87450.00"
"cmszxrx650783a4v3lelf2nxs","GMD/2026-27/355","SHIELD AND ALLIED","valveset-2--Sluice valve150mm","FSD030182","","10164","","NO_BOM_FOR_CODE|STALE_GATE","11086.89","11086.89","MATCH","QR_MISMATCH exp~13858.6","25","13860.00"
"cmszxrx65077ka4v39dt0gnth","GMD/2026-27/355","SHIELD AND ALLIED","valveset-1-3.001-400 mm Butterfly valve with ON-OFF type 415 V AC 3-phase multi turn electrical actuator.","FBC010003","","82869","","NO_BOM_FOR_CODE|STALE_GATE","90393.51","90393.51","MATCH","QR_MISMATCH exp~131070.6","45","131070.00"
"cmszxrx650784a4v3tfzbbj3e","GMD/2026-27/355","SHIELD AND ALLIED","valveset-2--Sluice valve150mm","FSD030182","","10164","","NO_BOM_FOR_CODE|STALE_GATE","11086.89","11086.89","MATCH","QR_MISMATCH exp~13858.6","25","13860.00"
"cmszxrx65076aa4v3w2igiivm","GMD/2026-27/355","SHIELD AND ALLIED","valveset-1-6.004-Supply of CI Double Flanged Sluice Valve Conforming to IS 14846 - 2000, Sluice Valve with Cap PN 1.6, Size 450mm.","FSC030362","","82661","","NO_BOM_FOR_CODE|STALE_GATE","90166.62","90166.62","MATCH","QR_OK","20","108200.00"
"cmszxrx65076da4v3e4ksdsli","GMD/2026-27/355","SHIELD AND ALLIED","valveset-1-4.012-Supply of CI Double Flanged Sluice Valve Conforming to IS 14846 - 2000, Sluice Valve with Hand Wheel PN 1.6, Size 400mm.","FSC030339","","66808","","NO_BOM_FOR_CODE|STALE_GATE","72874.17","72874.17","MATCH","QR_MISMATCH exp~87449","20","87450.00"
"cmt1cmtra000544v3znx4n0a9","GMD/2026-27/364","LUMINO INDUSTRIES LIMITED","CI Swing Check Valve250mmPN16Manual","FCE080025","","8145","","NO_BOM_FOR_CODE|STALE_GATE","9060.5","9060.5","MATCH","QR_OK","123.28","20230.00"
"cmt1cmtra000a44v3lv7ywg0d","GMD/2026-27/364","LUMINO INDUSTRIES LIMITED","CI Knife Gate150mmPN16Manual","FCF060003","","10161","","NO_BOM_FOR_CODE|STALE_GATE","11303.1","11303.1","MATCH","QR_OK","91.36","21630.00"
"cmt1cmtra000w44v3iw6lw2kb","GMD/2026-27/364","LUMINO INDUSTRIES LIMITED","Ball Valve25mmPN16Manual","FCF010005","","3886","","NO_BOM_FOR_CODE|STALE_GATE","4322.79","4322.79","MATCH","QR_OK","48.52","6420.00"
"cmt1cmtra000v44v39g9r9ua6","GMD/2026-27/364","LUMINO INDUSTRIES LIMITED","Ball Valve25mmPN16Manual","FCF010005","","3886","","NO_BOM_FOR_CODE|STALE_GATE","4322.79","4322.79","MATCH","QR_OK","48.52","6420.00"
"cmt1cmtra001044v3am1y5pvz","GMD/2026-27/364","LUMINO INDUSTRIES LIMITED","Ball Valve25mmPN16Manual","FCF010005","","3886","","NO_BOM_FOR_CODE|STALE_GATE","4322.79","4322.79","MATCH","QR_OK","48.52","6420.00"
"cmt1cmtra000i44v3h0i9ha0v","GMD/2026-27/364","LUMINO INDUSTRIES LIMITED","CI Butterfly Valve125mmPN16Motorized","FBD020565","","7052","","NO_BOM_FOR_CODE|STALE_GATE","7844.64","7844.64","MATCH","QR_OK","117.47","17060.00"
"cmt1cmtra000p44v3zfd5ehco","GMD/2026-27/364","LUMINO INDUSTRIES LIMITED","CI Butterfly Valve50mmPN16Manual","FBD010513","","1123","","NO_BOM_FOR_CODE|STALE_GATE","1249.23","1249.23","MATCH","QR_OK","48.89","1860.00"
"cmt1cmtra000q44v395m3tezb","GMD/2026-27/364","LUMINO INDUSTRIES LIMITED","Ball Valve25mmPN16Manual","FCF010005","","3886","","NO_BOM_FOR_CODE|STALE_GATE","4322.79","4322.79","MATCH","QR_OK","48.52","6420.00"
"cmt1cmtra000f44v377ipoowy","GMD/2026-27/364","LUMINO INDUSTRIES LIMITED","CI Swing Check Valve250mmPN16Manual","FCE080025","","8145","","NO_BOM_FOR_CODE|STALE_GATE","9060.5","9060.5","MATCH","QR_OK","123.28","20230.00"
"cmt1cmtra000u44v3ilqzkz8z","GMD/2026-27/364","LUMINO INDUSTRIES LIMITED","Ball Valve25mmPN16Manual","FCF010005","","3886","","NO_BOM_FOR_CODE|STALE_GATE","4322.79","4322.79","MATCH","QR_OK","48.52","6420.00"
"cmt1cmtra000m44v35pi6s6qo","GMD/2026-27/364","LUMINO INDUSTRIES LIMITED","CI Butterfly Valve300mmPN16Manual","FBC020511","","147500","","NO_BOM_FOR_CODE|STALE_GATE","164079","164079","MATCH","QR_MISMATCH exp~16129","-90.17","16130.00"
"cmt1cmtra000x44v3hdcri1sv","GMD/2026-27/364","LUMINO INDUSTRIES LIMITED","Ball Valve50mmPN16Manual","FCF010010","","4422","","NO_BOM_FOR_CODE|STALE_GATE","4919.03","4919.03","MATCH","QR_OK","48.61","7310.00"
"cmt1cmtra000z44v3vmy9vcrx","GMD/2026-27/364","LUMINO INDUSTRIES LIMITED","Ball Valve25mmPN16Manual","FCF010005","","3886","","NO_BOM_FOR_CODE|STALE_GATE","4322.79","4322.79","MATCH","QR_OK","48.52","6420.00"
"cmt1cmtra000d44v3cj5uvgxf","GMD/2026-27/364","LUMINO INDUSTRIES LIMITED","CI Knife Gate Valve150mmPN16Manual","FCF060003","","10161","","NO_BOM_FOR_CODE|STALE_GATE","11303.1","11303.1","MATCH","QR_OK","91.36","21630.00"
"cmt1cmtra000l44v380uepb5u","GMD/2026-27/364","LUMINO INDUSTRIES LIMITED","CI Swing Check Valve300mmPN16Manual","FCF090037","RNC020003","52077","","UNEXPECTED_FILLED","57930.45","57930.45","MATCH","QR_MISMATCH exp~173791.3","200","173790.00"
"cmt1cmtra000c44v3r28oj7ge","GMD/2026-27/364","LUMINO INDUSTRIES LIMITED","CI Knife Gate150mmPN16Manual","FCF060003","","10161","","NO_BOM_FOR_CODE|STALE_GATE","11303.1","11303.1","MATCH","QR_OK","91.36","21630.00"
"cmt1cmtra000j44v3bmnmka0p","GMD/2026-27/364","LUMINO INDUSTRIES LIMITED","Ball Valve50mmPN16Manual","FCF010010","","4422","","NO_BOM_FOR_CODE|STALE_GATE","4919.03","4919.03","MATCH","QR_OK","48.61","7310.00"
"cmt1cmtra000644v32j72y7vp","GMD/2026-27/364","LUMINO INDUSTRIES LIMITED","CI Butterfly Valve250mmPN16Manual","FBC010487","","7619","","NO_BOM_FOR_CODE|STALE_GATE","8475.38","8475.38","MATCH","QR_OK","129.96","19490.00"
"cmt1cmtra000e44v39a49v2m6","GMD/2026-27/364","LUMINO INDUSTRIES LIMITED","CI Knife Gate Valve150mmPN16Motorized","FCE030021","","78160","","NO_BOM_FOR_CODE|STALE_GATE","86945.18","86945.18","MATCH","QR_MISMATCH exp~116237","33.69","116240.00"
"cmt1cmtra000y44v3hdwjmvcy","GMD/2026-27/364","LUMINO INDUSTRIES LIMITED","Ball Valve25mmPN16Manual","FCF010005","","3886","","NO_BOM_FOR_CODE|STALE_GATE","4322.79","4322.79","MATCH","QR_OK","48.52","6420.00"
"cmt1cmtra000o44v3unbkm5jb","GMD/2026-27/364","LUMINO INDUSTRIES LIMITED","Swing Check Valve50mmPN16Manual","FCG010015","RND010003","1586","","UNEXPECTED_FILLED","1764.27","1764.27","MATCH","QR_OK","25.26","2210.00"
"cmt1cmtra000h44v3s2vxtzaz","GMD/2026-27/364","LUMINO INDUSTRIES LIMITED","CI Butterfly Valve350mmPN16Motorized","FBD010487","","93256","","NO_BOM_FOR_CODE|STALE_GATE","103737.97","103737.97","MATCH","QR_OK","45","150420.00"
"cmt1cmtra000844v3gpxq0t9v","GMD/2026-27/364","LUMINO INDUSTRIES LIMITED","Ball Valve25mmPN16Manual","FCF010005","","3886","","NO_BOM_FOR_CODE|STALE_GATE","4322.79","4322.79","MATCH","QR_OK","48.52","6420.00"
"cmt1cmtra000744v3ya6uhlqk","GMD/2026-27/364","LUMINO INDUSTRIES LIMITED","CI Butterfly450mmPN16Motorized","FBC010023","","11081","","NO_BOM_FOR_CODE|STALE_GATE","12326.5","12326.5","MATCH","QR_OK","127.72","28070.00"
"cmt1cmtra000n44v30teazsvm","GMD/2026-27/364","LUMINO INDUSTRIES LIMITED","CI Butterfly Valve500mmPN16Manual","FBD020676","","50903","","NO_BOM_FOR_CODE|STALE_GATE","56624.5","56624.5","MATCH","QR_OK","59.26","90180.00"
"cmt1cmtra000g44v3cl0fwemc","GMD/2026-27/364","LUMINO INDUSTRIES LIMITED","CI Butterfly Valve250mmPN16Manual","FBC010487","","7619","","NO_BOM_FOR_CODE|STALE_GATE","8475.38","8475.38","MATCH","QR_OK","129.96","19490.00"
"cmt1i0o8a000ksov395d48h8q","GMD/2026-27/366","KALPATARU PROJECTS INTERNATIONAL LIMITED","Swing Check Valve300mmPN 25","FCG010048","","","","NO_BOM_FOR_CODE","53010","","PRODUCT_NULL_BUT_COST_EXISTS","QR_OK","200","159030.00"
"cmt1i0o8a000esov39oyoekxc","GMD/2026-27/366","KALPATARU PROJECTS INTERNATIONAL LIMITED","Swing Check Valve100mmPN 25","FCG010035","","","","NO_BOM_FOR_CODE","9580","","PRODUCT_NULL_BUT_COST_EXISTS","QR_OK","200","28740.00"
"cmt1i0o8a000hsov3hx8dzjj9","GMD/2026-27/366","KALPATARU PROJECTS INTERNATIONAL LIMITED","Swing Check Valve200mmPN 25","FCG010047","","","","NO_BOM_FOR_CODE","24440","","PRODUCT_NULL_BUT_COST_EXISTS","QR_OK","200","73320.00"
"cmt1i0o8a000fsov3h18tda5f","GMD/2026-27/366","KALPATARU PROJECTS INTERNATIONAL LIMITED","Swing Check Valve150mmPN 25","FCG010002","","","","NO_BOM_FOR_CODE","15610","","PRODUCT_NULL_BUT_COST_EXISTS","QR_OK","200","46830.00"
"cmt1i0o8a000msov3uxo5bove","GMD/2026-27/366","KALPATARU PROJECTS INTERNATIONAL LIMITED","Swing Check Valve400mmPN 25","FCG010042","","","","NO_BOM_FOR_CODE","95980","","PRODUCT_NULL_BUT_COST_EXISTS","QR_OK","200","287940.00"
"cmt1i0o8a000gsov3leyybycn","GMD/2026-27/366","KALPATARU PROJECTS INTERNATIONAL LIMITED","Swing Check Valve150mmPN 40","FCG010028","","","","NO_BOM_FOR_CODE","29280","","PRODUCT_NULL_BUT_COST_EXISTS","QR_OK","200","87840.00"
"cmt1i0o8a000isov3lnf64n7y","GMD/2026-27/366","KALPATARU PROJECTS INTERNATIONAL LIMITED","Swing Check Valve200mmPN 40","FCG010060","","","","NO_BOM_FOR_CODE","34560","","PRODUCT_NULL_BUT_COST_EXISTS","QR_OK","200","103680.00"
"cmt1i0o8a000jsov3neextc3b","GMD/2026-27/366","KALPATARU PROJECTS INTERNATIONAL LIMITED","Swing Check Valve250mmPN 25","FCG010041","","","","NO_BOM_FOR_CODE","37910","","PRODUCT_NULL_BUT_COST_EXISTS","QR_OK","200","113730.00"
"cmt1i0o8a000lsov3go1q0jdr","GMD/2026-27/366","KALPATARU PROJECTS INTERNATIONAL LIMITED","Swing Check Valve350mmPN 25","FCG010049","","","","NO_BOM_FOR_CODE","83270","","PRODUCT_NULL_BUT_COST_EXISTS","QR_OK","200","249810.00"
"cmt2qo1zz0006wwv3ynfuoeq0","GMD/2026-27/368","CLASSIC NETWORK PVT LTD","DI Disc Concentric type Butterfly Valve PN16,2000mm,with Flange End As Per IS: 1538.","FBC010361","FBD010369","990000","990000","MATCH","1079892","1079892","MATCH","QR_MISMATCH exp~1781821.8","65.00","1781820.00"
"cmt2qo1zz000ewwv3ye71zs5b","GMD/2026-27/368","CLASSIC NETWORK PVT LTD","DI Disc Resilient Seated type Sluice Valve PN16,1600mm,with Flange End As Per IS: 1538","FSD030671","","2680000","","NO_BOM_FOR_CODE|STALE_GATE","2923344","2923344","MATCH","QR_OK","60","4677350.00"
"cmt2qo1zz0007wwv3ub8428pl","GMD/2026-27/368","CLASSIC NETWORK PVT LTD","DI Disc Concentric type Butterfly Valve PN16,2200mm,with Flange End As Per IS: 1538.","FBC010401","","1050000","","NO_BOM_FOR_CODE|STALE_GATE","1145340","1145340","MATCH","QR_MISMATCH exp~1889811","65.00","1889810.00"
"cmt2qo1zz000awwv3huoxpa21","GMD/2026-27/368","CLASSIC NETWORK PVT LTD","DI Disc Resilient Seated type Sluice Valve PN16,800mm,with Flange End As Per IS: 1538","FSC030512","","450000","","NO_BOM_FOR_CODE|STALE_GATE","490860","490860","MATCH","QR_MISMATCH exp~638118","30","638120.00"
"cmt2qo1zz000dwwv3r3jyzmtv","GMD/2026-27/368","CLASSIC NETWORK PVT LTD","DI Disc Resilient Seated type Sluice Valve PN16,1400mm,with Flange End As Per IS: 1538","FSD030678","","2000000","","NO_BOM_FOR_CODE|STALE_GATE","2181600","2181600","MATCH","QR_OK","60","3490560.00"
"cmt2qo1zz000bwwv3t42b3a3d","GMD/2026-27/368","CLASSIC NETWORK PVT LTD","DI Disc Resilient Seated type Sluice Valve PN16,1000mm,with Flange End As Per IS: 1538","FSC030572","","1000000","","NO_BOM_FOR_CODE|STALE_GATE","1090800","1090800","MATCH","QR_OK","55","1690740.00"
"cmt2qo1zz0004wwv3qgetts7t","GMD/2026-27/368","CLASSIC NETWORK PVT LTD","DI Disc Resilient Seated type Tamper Proof Air Valve With Isolation Sluice Valve PN16,200mm,with Flange End As Per IS: 1538.","FVC030012","","13500","","NO_BOM_FOR_CODE|STALE_GATE","14725.8","14725.8","MATCH","QR_OK","25.02","18410.00"
"cmt2qo1zz0008wwv3g2bq77i0","GMD/2026-27/368","CLASSIC NETWORK PVT LTD","DI Disc Concentric type Butterfly Valve PN16,2700mm,with Flange End As Per IS: 1538.","FBD020690","","2300000","","NO_BOM_FOR_CODE|STALE_GATE","2508840","2508840","MATCH","QR_MISMATCH exp~4139586","65.00","4139590.00"
"cmt2qo1zz0009wwv3g2hd0xsm","GMD/2026-27/368","CLASSIC NETWORK PVT LTD","DI Disc Concentric type Butterfly Valve PN16,3000mm,with Flange End As Per IS: 1538.","FBS040037","","3250000","","NO_BOM_FOR_CODE|STALE_GATE","3545100","3545100","MATCH","QR_MISMATCH exp~5849415","65.00","5849420.00"
"cmt2qo1zz000cwwv37q6b0ziy","GMD/2026-27/368","CLASSIC NETWORK PVT LTD","DI Disc Resilient Seated type Sluice Valve PN16,1100mm,with Flange End As Per IS: 1538","FSC030602","","1072500","","NO_BOM_FOR_CODE|STALE_GATE","1169883","1169883","MATCH","QR_MISMATCH exp~1871812.8","60","1871810.00"
"cmt2qo1zz0005wwv3dddfb6jz","GMD/2026-27/368","CLASSIC NETWORK PVT LTD","DI Disc Concentric type Butterfly Valve PN16,1600mm,with Flange End As Per IS: 1538.","FBC010281","","750000","","NO_BOM_FOR_CODE|STALE_GATE","818100","818100","MATCH","QR_MISMATCH exp~1349865","65.00","1349870.00"
"cmt2uiyah0000w4v306msclte","GMD/2026-27/355","SHIELD AND ALLIED","CI Air Valve with Flanges, Conforming to IS 14845 - 2000, Kinetic Air Valve Type DS1, Size 40mm","FDC040001","FTD050001","2200","14.598540145985401","MISMATCH diff=2185.40","2399.76","2399.76","MATCH","QR_OK","35","3240.00"
"cmt2xkwwg0002j8v3d3zk5oqb","GMD/2026-27/369","New National Construction Co.","Ductile Iron Body & Disc  Resilient Seated type Sluice Valve Of PN - 1.6 MPa. 300mm  The Valve face to face shall be as per BS : 5163/IS : 14846(PD type, Short Body)  with Flange End As Per IS: 1538","FSD040003","RCB040002","","","NULL_BOTH","16433","","PRODUCT_NULL_BUT_COST_EXISTS","QR_OK","20","19720.00"
"cmt2xkwwg0003j8v3cvv5onif","GMD/2026-27/369","New National Construction Co.","Ductile Iron Body & Disc  Resilient Seated type Tamper Proof Air Valve Of PN - 1.6 MPa. 80mm As Per AWWA C 512   with Flange End As Per IS: 1538","FDC040009","FTD050023","2800","141.90625","MISMATCH diff=2658.09","3114.72","3114.72","MATCH","QR_OK","33.56","4160.00"
"cmt3w29c00006j8v30lqoo4nk","GMD/2026-27/370","Jain Irrigation","Ductile Iron Body & Disc  Concentric type Butterfly Valve Of PN - 1.6 MPa. 1500mm As Per BS: 5155 // IS : 13095 with Flange End As Per IS: 1538.","FBC010261","","650000","","NO_BOM_FOR_CODE|STALE_GATE","723060","723060","MATCH","QR_MISMATCH exp~1199990.4","65.96","1200000.00"
"cmt6uk0l7074oq4v3hnvpv01v","GMD/2026-27/371","LUMINO INDUSTRIES LIMITED","Ductile Iron Body & Disc  Resilient Seated type Sluice Valve Of PN - 1.0 MPa,200mm,  The Valve face to face shall be as per BS : 5163/IS : 14846(PD type, Short Body)  with Flange End As Per IS: 1538.","FSC060011","RSD120003","1600","1600","MATCH","1745.28","1745.28","MATCH","QR_MISMATCH exp~2356.1","35","2360.00"
"cmt6uk0l7074mq4v39b2opt34","GMD/2026-27/371","LUMINO INDUSTRIES LIMITED","Ductile Iron Body & Disc  Resilient Seated type Sluice Valve Of PN - 1.0 MPa,100mm,  The Valve face to face shall be as per BS : 5163/IS : 14846(PD type, Short Body)  with Flange End As Per IS: 1538.","FSD040001","RSD110001","","","NULL_BOTH","","","NULL_BOTH","","30",""
"cmt6uk0l7074nq4v3h0yosasv","GMD/2026-27/371","LUMINO INDUSTRIES LIMITED","Ductile Iron Body & Disc  Resilient Seated type Sluice Valve Of PN - 1.0 MPa,150mm, The Valve face to face shall be as per BS : 5163/IS : 14846(PD type, Short Body)  with Flange End As Per IS: 1538.","FSD040002","RSD110023","","","NULL_BOTH","","","NULL_BOTH","","35",""
"cmt6uk0l7074pq4v374lc92rm","GMD/2026-27/371","LUMINO INDUSTRIES LIMITED","Ductile Iron Body & Disc  Resilient Seated type Sluice Valve Of PN - 1.0 MPa,250mm,  The Valve face to face shall be as per BS : 5163/IS : 14846(PD type, Short Body)  with Flange End As Per IS: 1538.","FSD040084","","","","NO_BOM_FOR_CODE","","","NULL_BOTH","","35",""
"cmt6uk0l6074lq4v31ivk1lpx","GMD/2026-27/371","LUMINO INDUSTRIES LIMITED","Ductile Iron Body & Disc  Resilient Seated type Sluice Valve Of PN - 1.0 MPa, 80mm, The Valve face to face shall be as per BS : 5163/IS : 14846(PD type, Short Body)  with Flange End As Per IS: 1538.","FSD040044","RSD110042","","","NULL_BOTH","","","NULL_BOTH","","35",""
"cmt6v3wob074tq4v3dh30m9u8","GMD/2026-27/372","MAHOT CORPORATION","Ductile Iron Body & Disc  Resilient Seated type Sluice Valve Of PN - 1.6 MPa,450mm , The Valve face to face shall be as per BS : 5163/IS : 14846(PD type, Short Body)  with Flange End As Per IS: 1538.","FSD040030","RSD100032","","","NULL_BOTH","","","NULL_BOTH","","35","63200.00"
"cmt6w7ai10003wkv30k1mn11k","GMD/2026-27/373","NCC LIMITED","Ductile Iron Body & Disc Concentric type Butterfly Valve Of PN - 1.6 MPa. As Per BS: 5155 // IS : 13095 with Flange End As Per IS: 1538,2400mm","FBC010441","","","","NO_BOM_FOR_CODE","1189024","","PRODUCT_NULL_BUT_COST_EXISTS","QR_OK","65","1961890.00"
"cmt6w7ai1000awkv32y74obig","GMD/2026-27/373","NCC LIMITED","Ductile Iron Body & Disc Resilient Seated type Sluice Valve Of PN - 1.0 MPa. The Valve face to face shall be as per BS : 5163/IS : 14846(PD type, Short Body) with Flange End As Per IS: 1538,250mm","FSD040084","","","","NO_BOM_FOR_CODE","14469","","PRODUCT_NULL_BUT_COST_EXISTS","QR_OK","34.98","19530.00"
"cmt6w7ai10005wkv35hbav3o5","GMD/2026-27/373","NCC LIMITED","Ductile Iron Body & Disc Resilient Seated type Sluice Valve Of PN - 1.0 MPa. The Valve face to face shall be as per BS : 5163/IS : 14846(PD type, Short Body) with Flange End As Per IS: 1538,700mm","FSD040077","","","","NO_BOM_FOR_CODE","230734","","PRODUCT_NULL_BUT_COST_EXISTS","QR_MISMATCH exp~323027.6","40","323030.00"
"cmt6w7ai10008wkv3huxv6hwe","GMD/2026-27/373","NCC LIMITED","Ductile Iron Body & Disc Resilient Seated type Sluice Valve Of PN - 1.0 MPa. The Valve face to face shall be as per BS : 5163/IS : 14846(PD type, Short Body) with Flange End As Per IS: 1538,250mm","FSD040084","","","","NO_BOM_FOR_CODE","14469","","PRODUCT_NULL_BUT_COST_EXISTS","QR_OK","34.98","19530.00"
"cmt6w7ai10004wkv3wt0j4x0n","GMD/2026-27/373","NCC LIMITED","Ductile Iron Body & Disc Resilient Seated type Sluice Valve Of PN - 1.0 MPa. The Valve face to face shall be as per BS : 5163/IS : 14846(PD type, Short Body) with Flange End As Per IS: 1538,300mm","FSD040003","RCB040002","","","NULL_BOTH","19646","","PRODUCT_NULL_BUT_COST_EXISTS","QR_OK","34.99","26520.00"
"cmt6w7ai1000dwkv3oewuz327","GMD/2026-27/373","NCC LIMITED","Ductile Iron Body & Disc Resilient Seated type Tamper Proof Air Valve With Isolation Sluice Valve Of PN - 1.0 MPa. AIR VALVE AS PER AWWA C 512 & SLUICE VALVE AS AS PER IS 5163/IS : 14846 PER with Flange End As Per IS: 1538,200mm","FVC030012","","","","NO_BOM_FOR_CODE","16669","","PRODUCT_NULL_BUT_COST_EXISTS","QR_OK","34.98","22500.00"
"cmt6w7ai10006wkv3qjb8081w","GMD/2026-27/373","NCC LIMITED","Ductile Iron Body & Disc Resilient Seated type Tamper Proof Air Valve With Isolation Sluice Valve Of PN - 1.0 MPa. AIR VALVE AS PER AWWA C 512 & SLUICE VALVE AS AS PER IS 5163/IS : 14846 PER with Flange End As Per IS: 1538,200mm","FVC030012","","","","NO_BOM_FOR_CODE","16669","","PRODUCT_NULL_BUT_COST_EXISTS","QR_OK","34.98","22500.00"
"cmt6w7ai1000cwkv333w09x3n","GMD/2026-27/373","NCC LIMITED","Ductile Iron Body & Disc Resilient Seated type Sluice Valve Of PN - 1.0 MPa. The Valve face to face shall be as per BS : 5163/IS : 14846(PD type, Short Body) with Flange End As Per IS: 1538,300mm","FSD040003","RCB040002","","","NULL_BOTH","19646","","PRODUCT_NULL_BUT_COST_EXISTS","QR_OK","34.99","26520.00"
"cmt8cee680003osv3i4y08nsr","GMD/2026-27/375","H C JAIN ENGINEERING PVT LTD","Actuator Op. Ductile Iron Body & Disc Resilient Seated type Sluice Valve Of PN - 10 MPa. As Per IS 5163/IS : 14846 with Flange End As Per IS: 1538,100mm","FSD040018","","","","NO_BOM_FOR_CODE","","","NULL_BOTH","","35","90500.00"
"cmt8cee680002osv32x0bksar","GMD/2026-27/375","H C JAIN ENGINEERING PVT LTD","Actuator Op. Ductile Iron Body & Disc Resilient Seated type Sluice Valve Of PN - 10 MPa. As Per IS 5163/IS : 14846 with Flange End As Per IS: 1538,80mm","FSD040017","","","","NO_BOM_FOR_CODE","54405","","PRODUCT_NULL_BUT_COST_EXISTS","QR_OK","65.61","90100.00"
"cmt8cee680004osv3x1s0v2w7","GMD/2026-27/375","H C JAIN ENGINEERING PVT LTD","Actuator Op. Ductile Iron Body & Disc Resilient Seated type Sluice Valve Of PN - 10 MPa. As Per IS 5163/IS : 14846 with Flange End As Per IS: 1538,150mm","FSD040019","","","","NO_BOM_FOR_CODE","57605","","PRODUCT_NULL_BUT_COST_EXISTS","QR_MISMATCH exp~93498.7","62.31","93500.00"
"cmt8cee680006osv36jk458si","GMD/2026-27/375","H C JAIN ENGINEERING PVT LTD","Ductile Iron Body & Disc Resilient Seated type scour Valve Of PN - 1.0 MPa. The Valve face to face shall be as per BS : 5163/IS : 14846(PD type, Short Body) with Flange End As Per IS: 1538,150mm","FSD040002","RSD110023","","","NULL_BOTH","","","NULL_BOTH","","35","6000.00"
"cmt8cee680005osv3rpwhjgh4","GMD/2026-27/375","H C JAIN ENGINEERING PVT LTD","Actuator Op. Ductile Iron Body & Disc Resilient Seated type Sluice Valve Of PN - 10 MPa. As Per IS 5163/IS : 14846 with Flange End As Per IS: 1538,200mm","FSD040020","","","","NO_BOM_FOR_CODE","58294","","PRODUCT_NULL_BUT_COST_EXISTS","QR_MISMATCH exp~97298.5","66.91","97300.00"
"cmt9m23k100043sv3boo8xov4","GMD/2026-27/376","SPML Infra Limited","“DALUI” make Lever OP. Ductile Iron Body & Disc  Concentric type Butterfly Valve 2400mm, P.N. 10 Of PN - 1.6 MPa. As Per BS: 5155 // IS : 13095 with Flange End As Per IS: 1538.","FBC010441","","","","NO_BOM_FOR_CODE","1077939","","PRODUCT_NULL_BUT_COST_EXISTS","QR_MISMATCH exp~1778599.4","65","1778600.00"
"cmt9mqro300063sv3xo2mo4wv","GMD/2026-27/376","SPML Infra Limited","“DALUI” make Auto + HW OP. Ductile Iron Body & Disc  Resilient Seated type Tamper Proof Air Valve 200 mm P.N. 10With Isolation Sluice Valve Of PN - 1.0 MPa. AIR VALVE AS PER AWWA C 512  & SLUICE VALVE AS AS PER IS 5163/IS : 14846 PER with Flange End As Per IS: 1538.","FTC040021","FTD050005","1600","2520","MISMATCH diff=920.00","15587","1745.28","MISMATCH diff=13841.72","QR_MISMATCH exp~21042.5","35","21040.00"
"cmt9mqro300093sv3hybhxt85","GMD/2026-27/376","SPML Infra Limited","“DALUI” make Auto Op. Ductile Iron Body & Disc  Resilient Seated 1600 mm, P.N. 10 type Dual Plate Check Valve Of PN - 1.6 MPa. As Per API : 594 with Flange End As Per IS: 1538.","FCF090047","","","","NO_BOM_FOR_CODE","562900","","PRODUCT_NULL_BUT_COST_EXISTS","QR_OK","30","731770.00"
"cmt9mqro4000d3sv340oejtx4","GMD/2026-27/376","SPML Infra Limited","“DALUI” make Auto Op. Ductile Iron Body & Disc  Resilient Seated type Tamper Proof Air Valve 200mm P.N. 10 Of PN - 1.6 MPa. As Per AWWA C 512   with Flange End As Per IS: 1538.","FDC040021","","","","NO_BOM_FOR_CODE","9031","","PRODUCT_NULL_BUT_COST_EXISTS","QR_MISMATCH exp~12191.9","35","12190.00"
"cmt9mqro4000c3sv3ft52ur1n","GMD/2026-27/376","SPML Infra Limited","“DALUI” make HW Op. Ductile Iron Body & Disc  Resilient Seated type Sluice Valve 300mm P.N. 10 Of PN - 1.0 MPa.  The Valve face to face shall be as per BS : 5163/IS : 14846(PD type, Short Body)  with Flange End As Per IS: 1538.","FSC030272","","","","NO_BOM_FOR_CODE","19646","","PRODUCT_NULL_BUT_COST_EXISTS","QR_MISMATCH exp~23575.2","20","23580.00"
"cmt9mqro300053sv3szesthq2","GMD/2026-27/376","SPML Infra Limited","“DALUI” make HW Op. Ductile Iron Body & Disc  Resilient Seated type Sluice Valve 700mm, P.N. 10 Of PN - 1.0 MPa.  The Valve face to face shall be as per BS : 5163/IS : 14846(PD type, Short Body)  with Flange End As Per IS: 1538.","FSD040075","","","","NO_BOM_FOR_CODE","230734","","PRODUCT_NULL_BUT_COST_EXISTS","QR_MISMATCH exp~299954.2","30","299950.00"
"cmt9mqro300083sv3yjl6r8p8","GMD/2026-27/376","SPML Infra Limited","“DALUI” make HW Op. Ductile Iron Body & Disc  Resilient Seated type Sluice Valve 250 mm, P.N. 10 Of PN - 1.0 MPa.  The Valve face to face shall be as per BS : 5163/IS : 14846(PD type, Short Body)  with Flange End As Per IS: 1538.","FSD040084","","","","NO_BOM_FOR_CODE","13048","","PRODUCT_NULL_BUT_COST_EXISTS","QR_MISMATCH exp~15657.6","20","15660.00"
"cmt9mqro3000a3sv3p3wictz6","GMD/2026-27/376","SPML Infra Limited","“DALUI” make HW Op. Ductile Iron Body & Disc  Resilient Seated type Sluice Valve 250mm P.N. 10 Of PN - 1.0 MPa.  The Valve face to face shall be as per BS : 5163/IS : 14846(PD type, Short Body)  with Flange End As Per IS: 1538.","FSC030242","","","","NO_BOM_FOR_CODE","13048","","PRODUCT_NULL_BUT_COST_EXISTS","QR_MISMATCH exp~15657.6","20","15660.00"
"cmt9mqro4000b3sv3u6h6bu9p","GMD/2026-27/376","SPML Infra Limited","“DALUI” make Lever OP. Ductile Iron Body & Disc  Concentric type Butterfly Valve 2400mm P.N. 10 Of PN - 1.6 MPa. As Per BS: 5155 // IS : 13095 with Flange End As Per IS: 1538.","FBC010441","","","","NO_BOM_FOR_CODE","1077939","","PRODUCT_NULL_BUT_COST_EXISTS","QR_MISMATCH exp~1778599.4","65","1778600.00"
"cmt9mqro300073sv33k67ltou","GMD/2026-27/376","SPML Infra Limited","“DALUI” make Lever and Auto. OP. Ductile Iron Body & Disc  Concentric type Butterfly Valve  1600 mm, P.N. 10 Of PN - 1.6 MPa. As Per BS: 5155 // IS : 13095 with Flange End As Per IS: 1538.","FBC010283","","","","NO_BOM_FOR_CODE","584406","","PRODUCT_NULL_BUT_COST_EXISTS","QR_OK","65","964270.00"
"cmt9vyyyn07633sv37h3x349s","GMD/2026-27/379","South Eastern Coalfields Limited","Ductile Iron Body & Disc Resilient Seated type Sluice Valve Of PN - 1.6 MPa. The Valve face to face shall be as per BS : 5163/IS : 14846(PD type, Short Body) with Flange End As Per IS: 1538,200mm","FSC030212","","14542","","NO_BOM_FOR_CODE|STALE_GATE","15705.36","15705.36","MATCH","QR_MISMATCH exp~21202.2","35","21200.00"
"cmt9vyyyn07643sv3jqd0qyk4","GMD/2026-27/379","South Eastern Coalfields Limited","Ductile Iron Body & Disc Resilient Seated type Sluice Valve Of PN - 1.6 MPa. The Valve face to face shall be as per BS : 5163/IS : 14846(PD type, Short Body) with Flange End As Per IS: 1538,150mm","FSD030182","","10164","","NO_BOM_FOR_CODE|STALE_GATE","10977.12","10977.12","MATCH","QR_MISMATCH exp~14819.1","35","14820.00"
"cmt9vyyyn07663sv3bdyleadg","GMD/2026-27/379","South Eastern Coalfields Limited","DI/CI Foot Valves 250mm","FCF020009","","34000","","NO_BOM_FOR_CODE|STALE_GATE","36720","36720","MATCH","QR_MISMATCH exp~44064","20","44060.00"
"cmt9vyyyn076b3sv3lkd295c0","GMD/2026-27/379","South Eastern Coalfields Limited","DI SWING TYPE NON RETURN VALVE 100MM,PN16","FCE080020","","8700","","NO_BOM_FOR_CODE|STALE_GATE","9396","9396","MATCH","QR_MISMATCH exp~28188","200","28190.00"
"cmt9vyyyn07673sv3j4vqnwb3","GMD/2026-27/379","South Eastern Coalfields Limited","DI/CI Foot Valves 200mm","FCE040010","","31500","","NO_BOM_FOR_CODE|STALE_GATE","34020","34020","MATCH","QR_MISMATCH exp~40824","20","40820.00"
"cmt9vyyyn07683sv3eyg8b00n","GMD/2026-27/379","South Eastern Coalfields Limited","DI/CI Foot Valves 150mm","FCF020007","","17500","","NO_BOM_FOR_CODE|STALE_GATE","18900","18900","MATCH","QR_OK","20","22680.00"
"cmt9vyyyn076a3sv37fndmkrt","GMD/2026-27/379","South Eastern Coalfields Limited","DI SWING TYPE NON RETURN VALVE 150MM,PN16","FCF090032","RNC010004","14260","","UNEXPECTED_FILLED","15400.8","15400.8","MATCH","QR_MISMATCH exp~46202.4","200","46200.00"
"cmt9vyyyn07653sv3kexh2km6","GMD/2026-27/379","South Eastern Coalfields Limited","Ductile Iron Body & Disc Resilient Seated type Sluice Valve Of PN - 1.6 MPa. The Valve face to face shall be as per BS : 5163/IS : 14846(PD type, Short Body) with Flange End As Per IS: 1538,100mm","FSD030098","RSE100002","6650","","UNEXPECTED_FILLED","7182","7182","MATCH","QR_MISMATCH exp~9695.7","35","9700.00"
"cmt9vyyyn07693sv33tfwq3jg","GMD/2026-27/379","South Eastern Coalfields Limited","DI/CI Foot Valves 100mm","FCF020001","","11500","","NO_BOM_FOR_CODE|STALE_GATE","12420","12420","MATCH","QR_MISMATCH exp~14904","20","14900.00"
"cmt9xptnd076f3sv3rr0l9vcl","GMD/2026-27/380","Bharat Coking Coal Limited","Ductile Iron Body & Disc  Resilient Seated type Sluice Valve Of PN - 1.0 MPa.  The Valve face to face shall be as per BS : 5163/IS : 14846(PD type, Short Body)  with Flange End As Per IS: 1538,80mm","FSC030062","","4000","","NO_BOM_FOR_CODE|STALE_GATE","4320","4320","MATCH","QR_MISMATCH exp~5616","30","5620.00"
"cmtb249c2077a3sv33pnd656q","GMD/2026-27/384","MEGHA ENGINEERING & INFRASTRUCTURES LTD.","DI BUTTERFLY VALVE 500mm P.N. 16","FBC020515","FBD020551","","","NULL_BOTH","","","NULL_BOTH","","35","81090.00"
"cmtb249c207783sv3olhjy00r","GMD/2026-27/384","MEGHA ENGINEERING & INFRASTRUCTURES LTD.","DI SLUICE VALVE 100 mm P.N. 16","FSD040001","RSD110001","","","NULL_BOTH","","","NULL_BOTH","","25","3400.00"
"cmtb249c207793sv3whf8mtb2","GMD/2026-27/384","MEGHA ENGINEERING & INFRASTRUCTURES LTD.","DI AIR VALVE 100 mm P.N. 16","FTC040013","FTD050018","5421","5421","MATCH","5971.77","5971.77","MATCH","QR_MISMATCH exp~8061.9","35","8060.00"
"cmtb249c2077b3sv3933evvg0","GMD/2026-27/384","MEGHA ENGINEERING & INFRASTRUCTURES LTD.","DI SLUICE VALVE 250mm P.N. 16","FSD040084","","","","NO_BOM_FOR_CODE","","","NULL_BOTH","","20","20360.00"
"cmtb6fisv077f3sv3g7yg9725","GMD/2026-27/385","M/S SB Enterprise","“DALUI” make Lever OP. Ductile Iron Body & Disc  Concentric type Butterfly Valve 1200 mm P.N. 16Of PN - 1.6 MPa. As Per BS: 5155 // IS : 13095 with Flange End As Per IS: 1538.","FBC010201","","","","NO_BOM_FOR_CODE","349111","","PRODUCT_NULL_BUT_COST_EXISTS","QR_MISMATCH exp~576033.2","65","576030.00"
"cmtb6ydl4077g3sv3g11rmk1l","GMD/2026-27/385","M/S SB Enterprise","“DALUI” make HW Op. Ductile Iron Body & Disc  Resilient Seated type Sluice Valve 250MM P.N. 16 Of PN - 1.0 MPa.  The Valve face to face shall be as per BS : 5163/IS : 14846(PD type, Short Body)  with Flange End As Per IS: 1538.","FSD040084","","","","NO_BOM_FOR_CODE","13048","","PRODUCT_NULL_BUT_COST_EXISTS","QR_OK","20.02","15660.00"
"cmtb72z5e077h3sv3uvun1pd9","GMD/2026-27/385","M/S SB Enterprise","“DALUI” make Lever OP. Ductile Iron Body & Disc  Concentric type Butterfly Valve 800MM P.N. 16 Of PN - 1.6 MPa. As Per BS: 5155 // IS : 13095 with Flange End As Per IS: 1538.","FBD010121","FBC010121","","","NULL_BOTH","131087","","PRODUCT_NULL_BUT_COST_EXISTS","QR_MISMATCH exp~176967.5","35","176970.00"
"cmtb786ao077i3sv3qw0fwgyf","GMD/2026-27/385","M/S SB Enterprise","“DALUI” make HW Op. Ductile Iron Body & Disc  Resilient Seated type Sluice Valve 250MM P.N. 16Of PN - 1.0 MPa.  The Valve face to face shall be as per BS : 5163/IS : 14846(PD type, Short Body)  with Flange End As Per IS: 1538.","FSD040084","","","","NO_BOM_FOR_CODE","13048","","PRODUCT_NULL_BUT_COST_EXISTS","QR_OK","20.02","15660.00"
"cmtb7aydt077j3sv3xkafd4cu","GMD/2026-27/385","M/S SB Enterprise","“DALUI” make Lever OP. Ductile Iron Body & Disc  Concentric type Butterfly Valve 2000MM P.N. 16 Of PN - 1.6 MPa. As Per BS: 5155 // IS : 13095 with Flange End As Per IS: 1538.","FBC010361","FBD010369","990000","990000","MATCH","1079892","1079892","MATCH","QR_MISMATCH exp~1425025.5","31.96","1424990.00"
"cmtb7gg1v077k3sv3k32s3dah","GMD/2026-27/385","M/S SB Enterprise","“DALUI” make HW Op. Ductile Iron Body & Disc  Resilient Seated type Sluice Valve 250MM P.N. 16 Of PN - 1.0 MPa.  The Valve face to face shall be as per BS : 5163/IS : 14846(PD type, Short Body)  with Flange End As Per IS: 1538.","FSD040084","","","","NO_BOM_FOR_CODE","13048","","PRODUCT_NULL_BUT_COST_EXISTS","QR_OK","20.02","15660.00"
"cmtb7j7p3077l3sv3vacsw795","GMD/2026-27/385","M/S SB Enterprise","“DALUI” make HW Op. Ductile Iron Body & Disc  Resilient Seated type Sluice Valve 600MM P.N. 16 Of PN - 1.0 MPa.  The Valve face to face shall be as per BS : 5163/IS : 14846(PD type, Short Body)  with Flange End As Per IS: 1538.","FSD040091","","","","NO_BOM_FOR_CODE","113723","","PRODUCT_NULL_BUT_COST_EXISTS","QR_OK","30","147840.00"
"cmtb7mc3i077m3sv36k1836so","GMD/2026-27/385","M/S SB Enterprise","“DALUI” make HW Op. Ductile Iron Body & Disc  Resilient Seated type Sluice Valve 1000MM P.N. 16 Of PN - 1.0 MPa.  The Valve face to face shall be as per BS : 5163/IS : 14846(PD type, Short Body)  with Flange End As Per IS: 1538.","FSD040136","","","","NO_BOM_FOR_CODE","567448","","PRODUCT_NULL_BUT_COST_EXISTS","QR_MISMATCH exp~737682.4","30","737680.00"
"cmtb7q5fg077n3sv3l8vfblni","GMD/2026-27/385","M/S SB Enterprise","“DALUI” make Auto Op. Ductile Iron Body & Disc  Resilient Seated type Tamper Proof Air Valve 200MM PN 16  Of PN - 1.6 MPa. As Per AWWA C 512   with Flange End As Per IS: 1538.","FDC040021","","","","NO_BOM_FOR_CODE","15587","","PRODUCT_NULL_BUT_COST_EXISTS","QR_MISMATCH exp~21039.3","34.98","21040.00"
"cmtb8ja6a077p3sv3h0w82k2o","GMD/2026-27/385","M/S SB Enterprise","“DALUI” make HW Op. Ductile Iron Body & Disc  Resilient Seated type Sluice Valve 300MM P.N. 16 Of PN - 1.0 MPa.  The Valve face to face shall be as per BS : 5163/IS : 14846(PD type, Short Body)  with Flange End As Per IS: 1538.","FSD040003","RCB040002","","","NULL_BOTH","19646","","PRODUCT_NULL_BUT_COST_EXISTS","QR_MISMATCH exp~23579.1","20.02","23580.00"
"cmtb8rz48077q3sv3zfa3wkht","GMD/2026-27/385","M/S SB Enterprise","“DALUI” make Auto Op. Ductile Iron Body & Disc  Resilient Seated type Dual Plate Check Valve 600MM P.N. 16 Of PN - 1.6 MPa. As Per API : 594 with Flange End As Per IS: 1538.","FCE080035","","","","NO_BOM_FOR_CODE","66598","","PRODUCT_NULL_BUT_COST_EXISTS","QR_MISMATCH exp~76587.7","15","76590.00"
"cmtb8v3g3077r3sv3h4fjl1rg","GMD/2026-27/385","M/S SB Enterprise","“DALUI” make Lever and Auto. OP. Ductile Iron Body & Disc  Concentric type Butterfly Valve 600MM P.N. 16 Of PN - 1.6 MPa. As Per BS: 5155 // IS : 13095 with Flange End As Per IS: 1538.","FBC010063","","","","NO_BOM_FOR_CODE","142262","","PRODUCT_NULL_BUT_COST_EXISTS","QR_MISMATCH exp~192053.7","35","192050.00"
"cmtb8yhbv077s3sv3e0glqj99","GMD/2026-27/385","M/S SB Enterprise","“DALUI” make Lever and Auto. OP. Ductile Iron Body & Disc  Concentric type Butterfly Valve 1200MM P.N. 16 Of PN - 1.6 MPa. As Per BS: 5155 // IS : 13095 with Flange End As Per IS: 1538.","FBC010203","","","","NO_BOM_FOR_CODE","419111","","PRODUCT_NULL_BUT_COST_EXISTS","QR_MISMATCH exp~691533.1","65","691530.00"
"cmtb920fb077t3sv36ojk0hxz","GMD/2026-27/385","M/S SB Enterprise","“DALUI” make Auto. Op. Ductile Iron Body & Disc  Resilient Seated type Sluice Valve 600MM P.N. 16 Of PN - 1.0 MPa.  The Valve face to face shall be as per BS : 5163/IS : 14846(PD type, Short Body)  with Flange End As Per IS: 1538.","FSD040024","","","","NO_BOM_FOR_CODE","183723","","PRODUCT_NULL_BUT_COST_EXISTS","QR_OK","30","238840.00"
"cmtb93y5c077u3sv39g69dx0z","GMD/2026-27/385","M/S SB Enterprise","“DALUI” make HW Op. Ductile Iron Body & Disc  Resilient Seated type Sluice Valve 200MM P.N. 16 Of PN - 1.0 MPa.  The Valve face to face shall be as per BS : 5163/IS : 14846(PD type, Short Body)  with Flange End As Per IS: 1538.","FSC060011","RSD120003","1600","1600","MATCH","1745.28","1745.28","MATCH","QR_MISMATCH exp~2181.6","25","2180.00"
"cmtb9618d077v3sv3ktpgpfrz","GMD/2026-27/385","M/S SB Enterprise","“DALUI” make HW Op. Ductile Iron Body & Disc  Resilient Seated type Sluice Valve 450MM P.N. 16 Of PN - 1.0 MPa.  The Valve face to face shall be as per BS : 5163/IS : 14846(PD type, Short Body)  with Flange End As Per IS: 1538.","FSD040030","RSD100032","","","NULL_BOTH","52512","","PRODUCT_NULL_BUT_COST_EXISTS","QR_MISMATCH exp~63009.1","19.99","63010.00"
"cmtb99f4k077w3sv3p8ywnxv8","GMD/2026-27/385","M/S SB Enterprise","“DALUI” make Auto + HW OP. Ductile Iron Body & Disc  Resilient Seated type Tamper Proof Air Valve 200MM P.N. 16 With Isolation Sluice Valve Of PN - 1.0 MPa. AIR VALVE AS PER AWWA C 512  & SLUICE VALVE AS AS PER IS 5163/IS : 14846 PER with Flange End As Per IS: 1538.","FSC060011","RSD120003","1600","1600","MATCH","1745.28","1745.28","MATCH","QR_MISMATCH exp~2181.6","25","2180.00"
"cmtben2v50002rwv3gyyxxthv","GMD/2026-27/386","LCC Projects Limited","“DALUI” make Auto Op. Ductile Iron Body & Disc  Resilient Seated type  Dual Plate Check Valve 100MM P.N. 16Of PN - 1.6 MPa. As Per API : 594 with Flange End As Per IS: 1538.","FHD010006","RO1010004","","","NULL_BOTH","1807","","PRODUCT_NULL_BUT_COST_EXISTS","QR_OK","15.11","2080.00"
"cmtber26x0003rwv3hwqvxej2","GMD/2026-27/386","LCC Projects Limited","“DALUI” make Auto Op. Ductile Iron Body & Disc  Resilient Seated type Dual Plate Check Valve 150MM P.N. 16 Of PN - 1.6 MPa. As Per API : 594 with Flange End As Per IS: 1538.","FHC010005","","","","NO_BOM_FOR_CODE","3044","","PRODUCT_NULL_BUT_COST_EXISTS","QR_OK","14.98","3500.00"
"cmtbeszjv0004rwv3p0iszvlu","GMD/2026-27/386","LCC Projects Limited","“DALUI” make Auto Op. Ductile Iron Body & Disc  Resilient Seated type Dual Plate Check Valve 200MM P.N. 16 Of PN - 1.6 MPa. As Per API : 594 with Flange End As Per IS: 1538.","FHC010004","","","","NO_BOM_FOR_CODE","4946","","PRODUCT_NULL_BUT_COST_EXISTS","QR_OK","15.04","5690.00"
"cmtbewylr0005rwv3ke7p4mnv","GMD/2026-27/386","LCC Projects Limited","“DALUI” make Lever and Auto.  OP. Ductile Iron Body & Disc  Concentric type Butterfly Valve 200mm P.N. 16 Of PN - 1.6 MPa. As Per BS: 5155 // IS : 13095 with Flange End As Per IS: 1538.","FBD020487","","","","NO_BOM_FOR_CODE","72290","","PRODUCT_NULL_BUT_COST_EXISTS","QR_OK","45","104820.00"
"cmtbi9a9w000nrwv3da9ulk19","GMD/2026-27/388","VALTIAS ENGINEERING SERVICES","“DALUI” make Auto Op. Ductile Iron Body & Disc  Resilient Seated type Tamper Proof Air Valve 200mm P.N. 16 Of PN - 1.6 MPa. As Per AWWA C 512   with Flange End As Per IS: 1538.","FDC040021","","","","NO_BOM_FOR_CODE","9031","","PRODUCT_NULL_BUT_COST_EXISTS","QR_MISMATCH exp~12191.9","35","12190.00"
"cmtcirl7y0002pgv3djsyztz7","GMD/2026-27/389","Laser Power & Infra Limited","NON RETURN VALVE 100MM VERTICAL","FNT010004","","","","NO_BOM_FOR_CODE","1446","","PRODUCT_NULL_BUT_COST_EXISTS","QR_OK","52.14","2200.00"
"cmtgrq33l00034kv33zyuavvw","GMD/2026-27/391","SUDHAKARA INFRATECH PRIVATE LIMITED","“DALUI” make HW Op. Ductile Iron Body & Disc  Resilient Seated type Sluice Valve 80MM P.N. 16 Of PN - 1.0 MPa.  The Valve face to face shall be as per BS : 5163/IS : 14846(PD type, Short Body)  with Flange End As Per IS: 1538.","FSD040004","RSD110042","","","NULL_BOTH","","","NULL_BOTH","","35","3420.00"
"cmtgrq33l00064kv38glrzho9","GMD/2026-27/391","SUDHAKARA INFRATECH PRIVATE LIMITED","“DALUI” make HW Op. Ductile Iron Body & Disc  Resilient Seated type Sluice Valve 150MM P.N. 16 Of PN - 1.0 MPa.  The Valve face to face shall be as per BS : 5163/IS : 14846(PD type, Short Body)  with Flange End As Per IS: 1538.","FSD040002","RSD110023","","","NULL_BOTH","","","NULL_BOTH","","35","6870.00"
"cmtgrq33l00024kv3rskbyfxr","GMD/2026-27/391","SUDHAKARA INFRATECH PRIVATE LIMITED","“DALUI” make Auto Op. Ductile Iron Body & Disc  Resilient Seated type Tamper Proof Air Valve 20MM P.N. 16 Of PN - 1.6 MPa. As Per AWWA C 512   with Flange End As Per IS: 1538.","FCF070003","","","","NO_BOM_FOR_CODE","","","NULL_BOTH","","35","1800.00"
"cmtgrq33l00044kv3j39l64r9","GMD/2026-27/391","SUDHAKARA INFRATECH PRIVATE LIMITED","“DALUI” make HW Op. Ductile Iron Body & Disc  Resilient Seated type Sluice Valve 100MM PN A6 Of PN - 1.0 MPa.  The Valve face to face shall be as per BS : 5163/IS : 14846(PD type, Short Body)  with Flange End As Per IS: 1538.","FSD040001","RSD110001","","","NULL_BOTH","","","NULL_BOTH","","35","3910.00"
"cmtgrq33l00054kv35llcj2bg","GMD/2026-27/391","SUDHAKARA INFRATECH PRIVATE LIMITED","“DALUI” make HW Op. Ductile Iron Body & Disc  Resilient Seated type Sluice Valve 125MM PN 16 Of PN - 1.0 MPa.  The Valve face to face shall be as per BS : 5163/IS : 14846(PD type, Short Body)  with Flange End As Per IS: 1538.","FRD020008","RSD110034","","","NULL_BOTH","","","NULL_BOTH","","35","6070.00"
"cmtgubhg5074w4kv3m5u56yf0","GMD/2026-27/364","LUMINO INDUSTRIES LIMITED","CI Swing Check200mmManual","FCE080028","","17707","","NO_BOM_FOR_CODE|STALE_GATE","19697.27","19697.27","MATCH","QR_MISMATCH exp~59091.8","200","59090.00"
"cmtgubhg507594kv338lyrkin","GMD/2026-27/364","LUMINO INDUSTRIES LIMITED","CI Ball25mmManual","FCF010005","","3886","","NO_BOM_FOR_CODE|STALE_GATE","4322.79","4322.79","MATCH","QR_MISMATCH exp~6268","45","6270.00"
"cmtgubhg5075b4kv3alw1zre4","GMD/2026-27/364","LUMINO INDUSTRIES LIMITED","CI Butterfly100mmManual","FBD010525","RED140002","2236","","UNEXPECTED_FILLED","2487.33","2487.33","MATCH","QR_MISMATCH exp~3606.6","45","3610.00"
"cmtgubhg507504kv37q86gvos","GMD/2026-27/364","LUMINO INDUSTRIES LIMITED","CI Butterfly250mmMotorized","FBC010481","","75620","","NO_BOM_FOR_CODE|STALE_GATE","84119.69","84119.69","MATCH","QR_MISMATCH exp~121973.6","45","121970.00"
"cmtgubhg507574kv32lyic6bc","GMD/2026-27/364","LUMINO INDUSTRIES LIMITED","CI Butterfly300mmManual","FBC020511","","147500","","NO_BOM_FOR_CODE|STALE_GATE","164079","164079","MATCH","QR_MISMATCH exp~16129","-90.17","16130.00"
"cmtgubhg507554kv3e36y7enu","GMD/2026-27/364","LUMINO INDUSTRIES LIMITED","CI Butterfly150mmManual","FBD010481","FBD010509","3514","378.5833333333333","MISMATCH diff=3135.42","3908.97","3908.97","MATCH","QR_MISMATCH exp~5668","45","5670.00"
"cmtgubhg5075a4kv3zideqbbd","GMD/2026-27/364","LUMINO INDUSTRIES LIMITED","CI Swing Check100mmManual","FCE080020","","3242","","NO_BOM_FOR_CODE|STALE_GATE","3606.4","3606.4","MATCH","QR_MISMATCH exp~10819.2","200","10820.00"
"cmtgubhg507524kv3njscbrol","GMD/2026-27/364","LUMINO INDUSTRIES LIMITED","CI Swing Check150mmManual","FCF090032","RNC010004","6501","","UNEXPECTED_FILLED","7231.71","7231.71","MATCH","QR_MISMATCH exp~21695.1","200","21700.00"
"cmtgubhg5074x4kv3hpq4ryzu","GMD/2026-27/364","LUMINO INDUSTRIES LIMITED","CI Butterfly100mmManual","FBD010525","RED140002","2236","","UNEXPECTED_FILLED","2487.33","2487.33","MATCH","QR_MISMATCH exp~3606.6","45","3610.00"
"cmtgubhg5074y4kv3qnplcb0q","GMD/2026-27/364","LUMINO INDUSTRIES LIMITED","CI Butterfly150mmManual","FBD010481","FBD010509","3514","378.5833333333333","MISMATCH diff=3135.42","3908.97","3908.97","MATCH","QR_MISMATCH exp~5668","45","5670.00"
"cmtgubhg507534kv3pirkd1hz","GMD/2026-27/364","LUMINO INDUSTRIES LIMITED","CI Swing Check200mmManual","FCE080028","","17707","","NO_BOM_FOR_CODE|STALE_GATE","19697.27","19697.27","MATCH","QR_MISMATCH exp~59091.8","200","59090.00"
"cmtgubhg507584kv3y7yt5rfv","GMD/2026-27/364","LUMINO INDUSTRIES LIMITED","CI Butterfly350mmMotorized","FBD010487","","93256","","NO_BOM_FOR_CODE|STALE_GATE","103737.97","103737.97","MATCH","QR_OK","45","150420.00"
"cmtgubhg507564kv3gsl38o3k","GMD/2026-27/364","LUMINO INDUSTRIES LIMITED","CI Butterfly200mmManual","FBC010486","","5466","","NO_BOM_FOR_CODE|STALE_GATE","6080.38","6080.38","MATCH","QR_MISMATCH exp~8816.6","45","8820.00"
"cmtgubhg5074v4kv3g9gdgnch","GMD/2026-27/364","LUMINO INDUSTRIES LIMITED","CI Swing Check150mmManual","FCF090032","RNC010004","6501","","UNEXPECTED_FILLED","7231.71","7231.71","MATCH","QR_MISMATCH exp~21695.1","200","21700.00"
"cmtgubhg5074u4kv3w34ifnvx","GMD/2026-27/364","LUMINO INDUSTRIES LIMITED","CI Swing Check100mmManual","FCE080020","","3242","","NO_BOM_FOR_CODE|STALE_GATE","3606.4","3606.4","MATCH","QR_MISMATCH exp~10819.2","200","10820.00"
"cmtgubhg507544kv3j6abykn0","GMD/2026-27/364","LUMINO INDUSTRIES LIMITED","CI Swing Check300mmManual","FCF090037","RNC020003","52077","","UNEXPECTED_FILLED","57930.45","57930.45","MATCH","QR_MISMATCH exp~173791.3","200","173790.00"
"cmtgubhg507514kv3acm876fv","GMD/2026-27/364","LUMINO INDUSTRIES LIMITED","CI Ball25mmManual","FCF010005","","3886","","NO_BOM_FOR_CODE|STALE_GATE","4322.79","4322.79","MATCH","QR_MISMATCH exp~6268","45","6270.00"
"cmtgubhg5074z4kv39vilgg50","GMD/2026-27/364","LUMINO INDUSTRIES LIMITED","CI Butterfly200mmManual","FBC010486","","5466","","NO_BOM_FOR_CODE|STALE_GATE","6080.38","6080.38","MATCH","QR_MISMATCH exp~8816.6","45","8820.00"
"cmth52lad076l4kv3ze3e1ij1","GMD/2026-27/347","JSIW INFRASTRUCTURE PVT. LTD.","Providing and supplying ISI mark CI D/F Sluice Valves as per IS:14846 (Latest Edition) of following class and diameter including all taxes, insurance, transportation, freight charges, octroi, inspection charges, loading, unloading, conveyance to departmental stores, stacking etc. complete. -PN 1.6 with gear operated (PD type short body)450 dia PN-1.6","FSC030362","","82661","","NO_BOM_FOR_CODE|STALE_GATE","94183.94","94183.94","MATCH","QR_MISMATCH exp~127148.3","35","127150.00"
"cmth52lac07614kv3ougpupb3","GMD/2026-27/347","JSIW INFRASTRUCTURE PVT. LTD.","Providing and supplying ISI mark CI D/F Sluice Valves as per IS:14846 (Latest Edition) of following class and diameter including all taxes, insurance, transportation, freight charges, octroi, inspection charges, loading, unloading, conveyance to departmental stores, stacking etc. complete. -PN 1.0 with gear operated (PD type short body)150 dia PN-1.0","FSD030182","","9000","","NO_BOM_FOR_CODE|STALE_GATE","10254.6","10254.6","MATCH","QR_MISMATCH exp~13843.7","35","13840.00"
"cmth52laf07864kv3znxrporv","GMD/2026-27/347","JSIW INFRASTRUCTURE PVT. LTD.","NON RETURN VALVE (NRV} NRV - Type DPCV Description: Design, Manufacturing. Supply, Delivery, Installation, Testing and Commissioning of Dual Plate Check Valve (as NRV) with flanged ends of following sizes, rating & body material conforming to API 594 / 598, SS 304 Seat Rings with all necessary hardwares, complete as per data-sheet & specification. Size : 600 mm Rating : 1.0 PN Body Material (MOC):-Ductile Iron","FHD010011","","66599","","NO_BOM_FOR_CODE|STALE_GATE","75882.9","75882.9","MATCH","QR_OK","20","91060.00"
"cmth52lac07624kv37kv1m4bt","GMD/2026-27/347","JSIW INFRASTRUCTURE PVT. LTD.","Providing and supplying ISI mark CI D/F Sluice Valves as per IS:14846 (Latest Edition) of following class and diameter including all taxes, insurance, transportation, freight charges, octroi, inspection charges, loading, unloading, conveyance to departmental stores, stacking etc. complete. -PN 1.0 with gear operated (PD type short body)200 dia PN-1.0","FSC030212","","12000","","NO_BOM_FOR_CODE|STALE_GATE","13672.8","13672.8","MATCH","QR_MISMATCH exp~18458.3","35","18460.00"
"cmth52lad07684kv3ys74uddz","GMD/2026-27/347","JSIW INFRASTRUCTURE PVT. LTD.","Providing and supplying ISI mark CI D/F Sluice Valves as per IS:14846 (Latest Edition) of following class and diameter including all taxes, insurance, transportation, freight charges, octroi, inspection charges, loading, unloading, conveyance to departmental stores, stacking etc. complete. -PN 1.0 with gear operated (PD type short body)500 dia PN-1.0","FRD010039","","122084","","NO_BOM_FOR_CODE|STALE_GATE","139102.51","139102.51","MATCH","QR_MISMATCH exp~187788.4","35","187790.00"
"cmth52laf077u4kv3jlhehyq3","GMD/2026-27/347","JSIW INFRASTRUCTURE PVT. LTD.","(ii) By-pass to BFV (Sluice Valve) Size : 250 mm Rating : 2.0PN Mode of operation:-Hand Operated Material (MOC):-Ductile Iron","FSC030260","","21000","","NO_BOM_FOR_CODE|STALE_GATE","23927.4","23927.4","MATCH","QR_MISMATCH exp~32302","35","32300.00"
"cmth52laf077q4kv3gw07wmoo","GMD/2026-27/347","JSIW INFRASTRUCTURE PVT. LTD.","(ii) By-pass to BFV (Sluice Valve) Size : 100mm Rating : 2.0 PN Mode of operation:-Hand Operated Material (MOC):-Ductile Iron","FSC030110","","6000","","NO_BOM_FOR_CODE|STALE_GATE","6836.4","6836.4","MATCH","QR_MISMATCH exp~9229.1","35","9230.00"
"cmth52laf077h4kv3iil5nfy2","GMD/2026-27/347","JSIW INFRASTRUCTURE PVT. LTD.","Providing, supplying. lowering, laying, jointing of ""Series 100 Standard Dorot Pressure Reducing Valve Hydraulically Operated, MOC (DI) Pressure Rating:PN 16; ,Tubing High Pressure Polypropylene."" Pressure reducing valve 500 MM DIA","FCF080014","","92599","","NO_BOM_FOR_CODE|STALE_GATE","105507.3","105507.3","MATCH","QR_MISMATCH exp~316521.9","200","316520.00"
"cmth52laf077g4kv3phojwekc","GMD/2026-27/347","JSIW INFRASTRUCTURE PVT. LTD.","Providing, supplying. lowering, laying, jointing of ""Series 100 Standard Dorot Pressure Reducing Valve Hydraulically Operated, MOC (DI) Pressure Rating:PN 16; ,Tubing High Pressure Polypropylene."" Pressure reducing valve 400 MM DIA","FCF080016","","52638","","NO_BOM_FOR_CODE|STALE_GATE","59975.74","59975.74","MATCH","QR_MISMATCH exp~179927.2","200","179930.00"
"cmth52lae077a4kv3j5hf6og4","GMD/2026-27/347","JSIW INFRASTRUCTURE PVT. LTD.","Providing, and supplying C. I. Temper proof Air valves with an isolation sluice valve. Air valves having SS 304 Float gun metal- nozzle of approved make & quality of following class and diameter including all taxes, insurance, transportation, freight charges, octroi, inspection charges, loading, unloading, conveyance to departmental stores, stacking etc. complete. With Isolating Sluice valve PN 1.680 MM DIA","FVC010001","","5218","","NO_BOM_FOR_CODE|STALE_GATE","5945.39","5945.39","MATCH","QR_MISMATCH exp~8026.3","35","8030.00"
"cmth52lae07734kv3tnm051qx","GMD/2026-27/347","JSIW INFRASTRUCTURE PVT. LTD.","Providing and supplying ISI mark CI D/F Scour Valves as per IS:14846 (Latest Edition) of following class and diameter including all taxes, insurance, transportation, freight charges, octroi, inspection charges, loading, unloading, conveyance to departmental stores, stacking etc. complete. -PN 1.6 with gear operated (PD type short body)600 dia PN-1.6","FSC030428","FSC030428","144158","","UNEXPECTED_FILLED","164253.63","164253.63","MATCH","QR_MISMATCH exp~221742.4","35","221740.00"
"cmth52lae07724kv3segu8lec","GMD/2026-27/347","JSIW INFRASTRUCTURE PVT. LTD.","Providing and supplying ISI mark CI D/F Scour Valves as per IS:14846 (Latest Edition) of following class and diameter including all taxes, insurance, transportation, freight charges, octroi, inspection charges, loading, unloading, conveyance to departmental stores, stacking etc. complete. -PN 1.6 with gear operated (PD type short body)500 dia PN-1.6","FSC030398","","122084","","NO_BOM_FOR_CODE|STALE_GATE","139102.51","139102.51","MATCH","QR_MISMATCH exp~187788.4","35","187790.00"
"cmth52lae076u4kv3bhp47ez9","GMD/2026-27/347","JSIW INFRASTRUCTURE PVT. LTD.","Providing and supplying ISI mark CI D/F Scour Valves as per IS:14846 (Latest Edition) of following class and diameter including all taxes, insurance, transportation, freight charges, octroi, inspection charges, loading, unloading, conveyance to departmental stores, stacking etc. complete. -PN 1.6 with gear operated (PD type short body) 50 dia PN-1.6","FSC030002","","2000","","NO_BOM_FOR_CODE|STALE_GATE","2278.8","2278.8","MATCH","QR_MISMATCH exp~3076.4","35","3080.00"
"cmth52lad076m4kv3tf6tq76g","GMD/2026-27/347","JSIW INFRASTRUCTURE PVT. LTD.","Providing and supplying ISI mark CI D/F Sluice Valves as per IS:14846 (Latest Edition) of following class and diameter including all taxes, insurance, transportation, freight charges, octroi, inspection charges, loading, unloading, conveyance to departmental stores, stacking etc. complete. -PN 1.6 with gear operated (PD type short body)500 dia PN-1.6","FRD010039","","122084","","NO_BOM_FOR_CODE|STALE_GATE","139102.51","139102.51","MATCH","QR_MISMATCH exp~187788.4","35","187790.00"
"cmth52lad076c4kv3midglpei","GMD/2026-27/347","JSIW INFRASTRUCTURE PVT. LTD.","Providing and supplying ISI mark CI D/F Sluice Valves as per IS:14846 (Latest Edition) of following class and diameter including all taxes, insurance, transportation, freight charges, octroi, inspection charges, loading, unloading, conveyance to departmental stores, stacking etc. complete. -PN 1.0 with gear operated (PD type short body)1400 dia PN-1.0","FSD030678","","766500","","NO_BOM_FOR_CODE|STALE_GATE","873350.1","873350.1","MATCH","QR_MISMATCH exp~1179022.6","35","1179020.00"
"cmth52lae07784kv33c039gh4","GMD/2026-27/347","JSIW INFRASTRUCTURE PVT. LTD.","Providing, and supplying C. I. Temper proof Air valves with an isolation sluice valve. Air valves having SS 304 Float gun metal- nozzle of approved make & quality of following class and diameter including all taxes, insurance, transportation, freight charges, octroi, inspection charges, loading, unloading, conveyance to departmental stores, stacking etc. complete. With Isolating Sluice valve PN 1.0200 MM DIA","FVC010004","","16671","","NO_BOM_FOR_CODE|STALE_GATE","18994.94","18994.94","MATCH","QR_MISMATCH exp~25643.2","35","25640.00"
"cmth52lac07634kv3j6m3jko6","GMD/2026-27/347","JSIW INFRASTRUCTURE PVT. LTD.","Providing and supplying ISI mark CI D/F Sluice Valves as per IS:14846 (Latest Edition) of following class and diameter including all taxes, insurance, transportation, freight charges, octroi, inspection charges, loading, unloading, conveyance to departmental stores, stacking etc. complete. -PN 1.0 with gear operated (PD type short body)250 dia PN-1.0","FSC030242","","21000","","NO_BOM_FOR_CODE|STALE_GATE","23927.4","23927.4","MATCH","QR_MISMATCH exp~32302","35","32300.00"
"cmth52lac075z4kv33ay21iql","GMD/2026-27/347","JSIW INFRASTRUCTURE PVT. LTD.","Providing and supplying ISI mark CI D/F Sluice Valves as per IS:14846 (Latest Edition) of following class and diameter including all taxes, insurance, transportation, freight charges, octroi, inspection charges, loading, unloading, conveyance to departmental stores, stacking etc. complete. -PN 1.0 with gear operated (PD type short body) 80 dia PN-1.0","FSC030062","","4000","","NO_BOM_FOR_CODE|STALE_GATE","4557.6","4557.6","MATCH","QR_MISMATCH exp~6152.8","35","6150.00"
"cmth52laf07894kv37dew4i9u","GMD/2026-27/347","JSIW INFRASTRUCTURE PVT. LTD.","By-pass to BFV (Sluice Valve) Size : 250 mm Rating : 1.0PN Mode of operation:-Hand Operated Material (MOC):-Ductile Iron","FSC030242","","21000","","NO_BOM_FOR_CODE|STALE_GATE","23927.4","23927.4","MATCH","QR_MISMATCH exp~32302","35","32300.00"
"cmth52laf07814kv3dgii9oda","GMD/2026-27/347","JSIW INFRASTRUCTURE PVT. LTD.","By-pass to BFV (Sluice Valve) Size : 250 mm Rating :1.6 PN Mode of operation:-Hand Operated Material (MOC):-Ductile Iron","FSC030242","","21000","","NO_BOM_FOR_CODE|STALE_GATE","23927.4","23927.4","MATCH","QR_MISMATCH exp~32302","35","32300.00"
"cmth52laf077w4kv3ln14xzcp","GMD/2026-27/347","JSIW INFRASTRUCTURE PVT. LTD.","PUMP DISCHARGE VALVES FOR PS-2 BFV Description: Design, Manufacturing. Supply, Delivery, Installation, Testing and Commissioning of ISI mark Butterfly Valve with flanged ends as per following size, rating, mode of operation & Material of Construction (MOC) of valve body conforming to IS 13095 with SS 410 shaft, Nitrile / EPDM seal, SS 304 Seat Rings & Clamping Rings with all carbon steel fasteners, etc. complete as per Data-sheet & Specifications. Size : 900 mm Rating : 1.6 PN Mode of operation :-Motorised Material (MOC):-Ductile Iron","FBC010143","","21663","","NO_BOM_FOR_CODE|STALE_GATE","24682.82","24682.82","MATCH","QR_OK","45","35790.00"
"cmth52laf077s4kv30mwpb6sy","GMD/2026-27/347","JSIW INFRASTRUCTURE PVT. LTD.","(iv) By-pass to NRV (Sluice Valve) Size : 100mm Rating : 2.0 PN Mode of operation:-Hand Operated Material (MOC):-Ductile Iron","FSC030110","","6000","","NO_BOM_FOR_CODE|STALE_GATE","6836.4","6836.4","MATCH","QR_MISMATCH exp~9229.1","35","9230.00"
"cmth52lad076k4kv39n9pef2d","GMD/2026-27/347","JSIW INFRASTRUCTURE PVT. LTD.","Providing and supplying ISI mark CI D/F Sluice Valves as per IS:14846 (Latest Edition) of following class and diameter including all taxes, insurance, transportation, freight charges, octroi, inspection charges, loading, unloading, conveyance to departmental stores, stacking etc. complete. -PN 1.6 with gear operated (PD type short body)400 dia PN-1.6","FSC030339","","66808","","NO_BOM_FOR_CODE|STALE_GATE","76121.04","76121.04","MATCH","QR_MISMATCH exp~102763.4","35","102760.00"
"cmth52laf077p4kv3r1c8pi6b","GMD/2026-27/347","JSIW INFRASTRUCTURE PVT. LTD.","PUMP DISCHARGE VALVES FOR PS-1 BFV Description: Design, Manufacturing. Supply, Delivery, Installation, Testing and Commissioning of ISI mark Butterfly Valve with flanged ends as per following size, rating, mode of operation & Material of Construction (MOC) of valve body conforming to IS 13095 with SS 410 shaft, Nitrile / EPDM seal, SS 304 Seat Rings & Clamping Rings with all carbon steel fasteners, etc. complete as per Data-sheet & Specifications. Size : 800 mm Rating : 2.0 PN Mode of operation :-Motorised Material (MOC):-Ductile Iron","FBC010135","","199089","","NO_BOM_FOR_CODE|STALE_GATE","226842.01","226842.01","MATCH","QR_MISMATCH exp~328920.9","45","328920.00"
"cmth52laf077v4kv3wti8d0xl","GMD/2026-27/347","JSIW INFRASTRUCTURE PVT. LTD.","AIR VALVES Type Temper Proof Kinetic Double Acting Description: Supply, delivery, installation, testing and commissioning of Temper proof Air valves (as per AWWA C 512) with an isolation sluice valve. Air Valves with SS 304 Float, gun metal / bras - nozzle of approved make & quality of following class and diameter including all taxes, insurance, transportation, freight charges, octroi, inspection charges, loading, unloading, conveyance to departmental stores, stacking etc. complete. incl lowering ,laying & jointing in position air valves incl. cost of all labour , jointing material incl nut bolts and giving satisfactory hydraulic testing etc. complete as per data sheet & specifications Size : 200 mm Rating : 2.0PN Material (MOC):-Ductile Iron","FVD020021","","16671","","NO_BOM_FOR_CODE|STALE_GATE","18994.94","18994.94","MATCH","QR_MISMATCH exp~25643.2","35","25640.00"
"cmth52lae077e4kv30vsal2tb","GMD/2026-27/347","JSIW INFRASTRUCTURE PVT. LTD.","Providing, supplying. lowering, laying, jointing of ""Series 100 Standard Dorot Pressure Reducing Valve Hydraulically Operated, MOC (DI) Pressure Rating:PN 16; ,Tubing High Pressure Polypropylene."" Pressure reducing valve 250 MM DIA","FCF080021","","40000","","NO_BOM_FOR_CODE|STALE_GATE","45576","45576","MATCH","QR_MISMATCH exp~136728","200","136730.00"
"cmth52laf077y4kv3ak9ceppe","GMD/2026-27/347","JSIW INFRASTRUCTURE PVT. LTD.","NON RETURN VALVE (NRV) NRV - Type DPCV Description: Design, Manufacturing. Supply, Delivery, Installation, Testing and Commissioning of Dual Plate Check Valve (as NRV) with flanged ends of following sizes, rating & body material conforming to API 594 / 598, SS 304 Seat Rings with all necessary hardwares, complete as per data-sheet & specification. Size : 900 mm Rating : 1.6 PN Body Material (MOC):-Ductile Iron","FHD010014","","162700","","NO_BOM_FOR_CODE|STALE_GATE","185380.38","185380.38","MATCH","QR_MISMATCH exp~222456.5","20","222460.00"
"cmth52lae07754kv31d40vurh","GMD/2026-27/347","JSIW INFRASTRUCTURE PVT. LTD.","Providing, and supplying C. I. Temper proof Air valves with an isolation sluice valve. Air valves having SS 304 Float gun metal- nozzle of approved make & quality of following class and diameter including all taxes, insurance, transportation, freight charges, octroi, inspection charges, loading, unloading, conveyance to departmental stores, stacking etc. complete. With Isolating Sluice valve PN 1.080 MM DIA","FVC010001","","5218","","NO_BOM_FOR_CODE|STALE_GATE","5945.39","5945.39","MATCH","QR_MISMATCH exp~8026.3","35","8030.00"
"cmth52lae07714kv3nik6gzov","GMD/2026-27/347","JSIW INFRASTRUCTURE PVT. LTD.","Providing and supplying ISI mark CI D/F Scour Valves as per IS:14846 (Latest Edition) of following class and diameter including all taxes, insurance, transportation, freight charges, octroi, inspection charges, loading, unloading, conveyance to departmental stores, stacking etc. complete. -PN 1.6 with gear operated (PD type short body)400 dia PN-1.6","FSC030338","","66808","","NO_BOM_FOR_CODE|STALE_GATE","76121.04","76121.04","MATCH","QR_MISMATCH exp~102763.4","35","102760.00"
"cmth52laf077x4kv3oje00kn3","GMD/2026-27/347","JSIW INFRASTRUCTURE PVT. LTD.","By-pass to BFV (Sluice Valve) Size : 100mm Rating : 1.6 PN Mode of operation:-Hand Operated Material (MOC):-Ductile Iron","FSD030098","RSE100002","6000","","UNEXPECTED_FILLED","6836.4","6836.4","MATCH","QR_MISMATCH exp~9229.1","35","9230.00"
"cmth52lad07654kv341natm8b","GMD/2026-27/347","JSIW INFRASTRUCTURE PVT. LTD.","Providing and supplying ISI mark CI D/F Sluice Valves as per IS:14846 (Latest Edition) of following class and diameter including all taxes, insurance, transportation, freight charges, octroi, inspection charges, loading, unloading, conveyance to departmental stores, stacking etc. complete. -PN 1.0 with gear operated (PD type short body)350 dia PN-1.0","FRD010027","","47830","","NO_BOM_FOR_CODE|STALE_GATE","54497.5","54497.5","MATCH","QR_MISMATCH exp~73571.6","35","73570.00"
"cmth52lae077b4kv30m1x2vle","GMD/2026-27/347","JSIW INFRASTRUCTURE PVT. LTD.","Providing, and supplying C. I. Temper proof Air valves with an isolation sluice valve. Air valves having SS 304 Float gun metal- nozzle of approved make & quality of following class and diameter including all taxes, insurance, transportation, freight charges, octroi, inspection charges, loading, unloading, conveyance to departmental stores, stacking etc. complete. With Isolating Sluice valve PN 1.6100 MM DIA","FVC010002","","6082","","NO_BOM_FOR_CODE|STALE_GATE","6929.83","6929.83","MATCH","QR_MISMATCH exp~9355.3","35","9360.00"
"cmth52lae076v4kv3urm8tlrt","GMD/2026-27/347","JSIW INFRASTRUCTURE PVT. LTD.","Providing and supplying ISI mark CI D/F Scour Valves as per IS:14846 (Latest Edition) of following class and diameter including all taxes, insurance, transportation, freight charges, octroi, inspection charges, loading, unloading, conveyance to departmental stores, stacking etc. complete. -PN 1.6 with gear operated (PD type short body)80 dia PN-1.6","FSC030062","","4000","","NO_BOM_FOR_CODE|STALE_GATE","4557.6","4557.6","MATCH","QR_MISMATCH exp~6152.8","35","6150.00"
"cmth52lae07704kv3z0stzddb","GMD/2026-27/347","JSIW INFRASTRUCTURE PVT. LTD.","Providing and supplying ISI mark CI D/F Scour Valves as per IS:14846 (Latest Edition) of following class and diameter including all taxes, insurance, transportation, freight charges, octroi, inspection charges, loading, unloading, conveyance to departmental stores, stacking etc. complete. -PN 1.6 with gear operated (PD type short body)350 dia PN-1.6","FSC030308","","47830","","NO_BOM_FOR_CODE|STALE_GATE","54497.5","54497.5","MATCH","QR_MISMATCH exp~73571.6","35","73570.00"
"cmth52lad076i4kv3ygqa2z93","GMD/2026-27/347","JSIW INFRASTRUCTURE PVT. LTD.","Providing and supplying ISI mark CI D/F Sluice Valves as per IS:14846 (Latest Edition) of following class and diameter including all taxes, insurance, transportation, freight charges, octroi, inspection charges, loading, unloading, conveyance to departmental stores, stacking etc. complete. -PN 1.6 with gear operated (PD type short body)300 dia PN-1.6","FSC030272","","30000","","NO_BOM_FOR_CODE|STALE_GATE","34182","34182","MATCH","QR_MISMATCH exp~46145.7","35","46150.00"
"cmth52lad076j4kv3m1zidt5r","GMD/2026-27/347","JSIW INFRASTRUCTURE PVT. LTD.","Providing and supplying ISI mark CI D/F Sluice Valves as per IS:14846 (Latest Edition) of following class and diameter including all taxes, insurance, transportation, freight charges, octroi, inspection charges, loading, unloading, conveyance to departmental stores, stacking etc. complete. -PN 1.6 with gear operated (PD type short body)350 dia PN-1.6","FRD010027","","47830","","NO_BOM_FOR_CODE|STALE_GATE","54497.5","54497.5","MATCH","QR_MISMATCH exp~73571.6","35","73570.00"
"cmth52laf07804kv36h1g9s4n","GMD/2026-27/347","JSIW INFRASTRUCTURE PVT. LTD.","HEADER LINE VALVES BFV For PS 2 Description: Supply, delivery, installation, testing and commissioning of ISI mark Butterfly Valve with flanged ends as per following size, rating, mode of operation & Material of Construction (MOC) of valve body conforming to IS 13095 with SS 410 shaft, Nitrile / EPDM seal, SS 304 Seat Rings & Clamping Rings with all carbon steel fasteners, etc. complete as per Data-sheet & Specifications Size : 1400 mm Rating : 1.6PN Mode of operation:-Motorised Material (MOC):-Ductile Iron","FBC010243","","510957","","NO_BOM_FOR_CODE|STALE_GATE","582184.41","582184.41","MATCH","QR_MISMATCH exp~902385.8","55","902390.00"
"cmth52lad076a4kv3wy01fifb","GMD/2026-27/347","JSIW INFRASTRUCTURE PVT. LTD.","Providing and supplying ISI mark CI D/F Sluice Valves as per IS:14846 (Latest Edition) of following class and diameter including all taxes, insurance, transportation, freight charges, octroi, inspection charges, loading, unloading, conveyance to departmental stores, stacking etc. complete. -PN 1.0 with gear operated (PD type short body)1000 dia PN-1.0","FSC030572","","412000","","NO_BOM_FOR_CODE|STALE_GATE","469432.8","469432.8","MATCH","QR_MISMATCH exp~633734.3","35","633730.00"
"cmth52laf077n4kv3n0731kxk","GMD/2026-27/347","JSIW INFRASTRUCTURE PVT. LTD.","Supply, installation, testing and commissioning wafer type PN 1.6 rated swing check type multidoor reflux valve (NRV), designed & tested as per IS 5312 (Part- 2): 1986, suitable to handle clear water having turbidity up to 5000 PPM, having CI body, door and diaphragm, leaded tin bronze seat rings and flange drilling standard end connection, etc., duly insulated complete all as specified and directed by the engineer-in-charge. 50 mm NB dia","FCG010015","RND010003","1800","","UNEXPECTED_FILLED","2050.92","2050.92","MATCH","QR_MISMATCH exp~2768.7","35","2770.00"
"cmth52lad076s4kv3c6u18y50","GMD/2026-27/347","JSIW INFRASTRUCTURE PVT. LTD.","Providing and supplying ISI mark CI D/F Sluice Valves as per IS:14846 (Latest Edition) of following class and diameter including all taxes, insurance, transportation, freight charges, octroi, inspection charges, loading, unloading, conveyance to departmental stores, stacking etc. complete. -PN 1.6 with gear operated (PD type short body)1400 dia PN-1.6","FSD030678","","766500","","NO_BOM_FOR_CODE|STALE_GATE","873350.1","873350.1","MATCH","QR_MISMATCH exp~1179022.6","35","1179020.00"
"cmth52lae076x4kv3svdv748t","GMD/2026-27/347","JSIW INFRASTRUCTURE PVT. LTD.","Providing and supplying ISI mark CI D/F Scour Valves as per IS:14846 (Latest Edition) of following class and diameter including all taxes, insurance, transportation, freight charges, octroi, inspection charges, loading, unloading, conveyance to departmental stores, stacking etc. complete. -PN 1.6 with gear operated (PD type short body)150 dia PN-1.6","FSD030182","","9000","","NO_BOM_FOR_CODE|STALE_GATE","10254.6","10254.6","MATCH","QR_MISMATCH exp~13843.7","35","13840.00"
"cmth52lad07664kv3kgz4lwoh","GMD/2026-27/347","JSIW INFRASTRUCTURE PVT. LTD.","Providing and supplying ISI mark CI D/F Sluice Valves as per IS:14846 (Latest Edition) of following class and diameter including all taxes, insurance, transportation, freight charges, octroi, inspection charges, loading, unloading, conveyance to departmental stores, stacking etc. complete. -PN 1.0 with gear operated (PD type short body)400 dia PN-1.0","FSC030339","","66808","","NO_BOM_FOR_CODE|STALE_GATE","76121.04","76121.04","MATCH","QR_MISMATCH exp~102763.4","35","102760.00"
"cmth52lad07674kv3yx3t1nwj","GMD/2026-27/347","JSIW INFRASTRUCTURE PVT. LTD.","Providing and supplying ISI mark CI D/F Sluice Valves as per IS:14846 (Latest Edition) of following class and diameter including all taxes, insurance, transportation, freight charges, octroi, inspection charges, loading, unloading, conveyance to departmental stores, stacking etc. complete. -PN 1.0 with gear operated (PD type short body)450 dia PN-1.0","FSC030362","","82661","","NO_BOM_FOR_CODE|STALE_GATE","94183.94","94183.94","MATCH","QR_MISMATCH exp~127148.3","35","127150.00"
"cmth52lad076b4kv3kahq9uc0","GMD/2026-27/347","JSIW INFRASTRUCTURE PVT. LTD.","Providing and supplying ISI mark CI D/F Sluice Valves as per IS:14846 (Latest Edition) of following class and diameter including all taxes, insurance, transportation, freight charges, octroi, inspection charges, loading, unloading, conveyance to departmental stores, stacking etc. complete. -PN 1.0 with gear operated (PD type short body)1200 dia PN-1.0","FSC030632","","550400","","NO_BOM_FOR_CODE|STALE_GATE","627125.76","627125.76","MATCH","QR_OK","35","846620.00"
"cmth52lad076d4kv3uekwoyl2","GMD/2026-27/347","JSIW INFRASTRUCTURE PVT. LTD.","Providing and supplying ISI mark CI D/F Sluice Valves as per IS:14846 (Latest Edition) of following class and diameter including all taxes, insurance, transportation, freight charges, octroi, inspection charges, loading, unloading, conveyance to departmental stores, stacking etc. complete. -PN 1.6 with gear operated (PD type short body) 80 dia PN-1.6","FSC030062","","4000","","NO_BOM_FOR_CODE|STALE_GATE","4557.6","4557.6","MATCH","QR_MISMATCH exp~6152.8","35","6150.00"
"cmth52lad076f4kv3623eamua","GMD/2026-27/347","JSIW INFRASTRUCTURE PVT. LTD.","Providing and supplying ISI mark CI D/F Sluice Valves as per IS:14846 (Latest Edition) of following class and diameter including all taxes, insurance, transportation, freight charges, octroi, inspection charges, loading, unloading, conveyance to departmental stores, stacking etc. complete. -PN 1.6 with gear operated (PD type short body)150 dia PN-1.6","FSD030182","","9000","","NO_BOM_FOR_CODE|STALE_GATE","10254.6","10254.6","MATCH","QR_MISMATCH exp~13843.7","35","13840.00"
"cmth52lad076g4kv38vfnkg0w","GMD/2026-27/347","JSIW INFRASTRUCTURE PVT. LTD.","Providing and supplying ISI mark CI D/F Sluice Valves as per IS:14846 (Latest Edition) of following class and diameter including all taxes, insurance, transportation, freight charges, octroi, inspection charges, loading, unloading, conveyance to departmental stores, stacking etc. complete. -PN 1.6 with gear operated (PD type short body)200 dia PN-1.6","FSC030212","","12000","","NO_BOM_FOR_CODE|STALE_GATE","13672.8","13672.8","MATCH","QR_MISMATCH exp~18458.3","35","18460.00"
"cmth52lad076h4kv3dy9lvmon","GMD/2026-27/347","JSIW INFRASTRUCTURE PVT. LTD.","Providing and supplying ISI mark CI D/F Sluice Valves as per IS:14846 (Latest Edition) of following class and diameter including all taxes, insurance, transportation, freight charges, octroi, inspection charges, loading, unloading, conveyance to departmental stores, stacking etc. complete. -PN 1.6 with gear operated (PD type short body)250 dia PN-1.6","FSC030242","","21000","","NO_BOM_FOR_CODE|STALE_GATE","23927.4","23927.4","MATCH","QR_MISMATCH exp~32302","35","32300.00"
"cmth52lae076y4kv35ub1xclf","GMD/2026-27/347","JSIW INFRASTRUCTURE PVT. LTD.","Providing and supplying ISI mark CI D/F Scour Valves as per IS:14846 (Latest Edition) of following class and diameter including all taxes, insurance, transportation, freight charges, octroi, inspection charges, loading, unloading, conveyance to departmental stores, stacking etc. complete. -PN 1.6 with gear operated (PD type short body)200 dia PN-1.6","FSC030212","","12000","","NO_BOM_FOR_CODE|STALE_GATE","13672.8","13672.8","MATCH","QR_MISMATCH exp~18458.3","35","18460.00"
"cmth52lae076z4kv3eh2bmamo","GMD/2026-27/347","JSIW INFRASTRUCTURE PVT. LTD.","Providing and supplying ISI mark CI D/F Scour Valves as per IS:14846 (Latest Edition) of following class and diameter including all taxes, insurance, transportation, freight charges, octroi, inspection charges, loading, unloading, conveyance to departmental stores, stacking etc. complete. -PN 1.6 with gear operated (PD type short body)250 dia PN-1.6","FSC030242","","21000","","NO_BOM_FOR_CODE|STALE_GATE","23927.4","23927.4","MATCH","QR_MISMATCH exp~32302","35","32300.00"
"cmth52lae07774kv39nyaaypk","GMD/2026-27/347","JSIW INFRASTRUCTURE PVT. LTD.","Providing, and supplying C. I. Temper proof Air valves with an isolation sluice valve. Air valves having SS 304 Float gun metal- nozzle of approved make & quality of following class and diameter including all taxes, insurance, transportation, freight charges, octroi, inspection charges, loading, unloading, conveyance to departmental stores, stacking etc. complete. With Isolating Sluice valve PN 1.0150 MM DIA","FVC010003","","11187","","NO_BOM_FOR_CODE|STALE_GATE","12746.47","12746.47","MATCH","QR_MISMATCH exp~17207.7","35","17210.00"
"cmth52laf078a4kv3jilpntcf","GMD/2026-27/347","JSIW INFRASTRUCTURE PVT. LTD.","AIR VALVES Type Temper Proof Kinetic Double Acting Description: Supply, delivery, installation, testing and commissioning of Temper proof Air valves (as per AWWA C 512) with an isolation sluice valve. Air Valves with SS 304 Float, gun metal / bras - nozzle of approved make & quality of following class and diameter including all taxes, insurance, transportation, freight charges, octroi, inspection charges, loading, unloading, conveyance to departmental stores, stacking etc. complete. incl lowering ,laying & jointing in position air valves incl. cost of all labour , jointing material incl nut bolts and giving satisfactory hydraulic testing etc. complete as per data sheet & specifications Size : 200 mm Rating : 1.0PN Material (MOC):-Ductile Iron","FTC040021","FTD050005","2520","2520","MATCH","2871.29","2871.29","MATCH","QR_MISMATCH exp~3876.2","35","3880.00"
"cmth52lad076e4kv3rpjiy8ay","GMD/2026-27/347","JSIW INFRASTRUCTURE PVT. LTD.","Providing and supplying ISI mark CI D/F Sluice Valves as per IS:14846 (Latest Edition) of following class and diameter including all taxes, insurance, transportation, freight charges, octroi, inspection charges, loading, unloading, conveyance to departmental stores, stacking etc. complete. -PN 1.6 with gear operated (PD type short body)100 dia PN-1.6","FSD030098","RSE100002","6000","","UNEXPECTED_FILLED","6836.4","6836.4","MATCH","QR_MISMATCH exp~9229.1","35","9230.00"
"cmth52lae07764kv379a3gt85","GMD/2026-27/347","JSIW INFRASTRUCTURE PVT. LTD.","Providing, and supplying C. I. Temper proof Air valves with an isolation sluice valve. Air valves having SS 304 Float gun metal- nozzle of approved make & quality of following class and diameter including all taxes, insurance, transportation, freight charges, octroi, inspection charges, loading, unloading, conveyance to departmental stores, stacking etc. complete. With Isolating Sluice valve PN 1.0100 MM DIA","FVC010002","","6082","","NO_BOM_FOR_CODE|STALE_GATE","6929.83","6929.83","MATCH","QR_MISMATCH exp~9355.3","35","9360.00"
"cmth52lae076w4kv3wlv2ioyq","GMD/2026-27/347","JSIW INFRASTRUCTURE PVT. LTD.","Providing and supplying ISI mark CI D/F Scour Valves as per IS:14846 (Latest Edition) of following class and diameter including all taxes, insurance, transportation, freight charges, octroi, inspection charges, loading, unloading, conveyance to departmental stores, stacking etc. complete. -PN 1.6 with gear operated (PD type short body)100 dia PN-1.6","FSD030098","RSE100002","6000","","UNEXPECTED_FILLED","6836.4","6836.4","MATCH","QR_MISMATCH exp~9229.1","35","9230.00"
"cmth52laf077j4kv3kpc4x4mp","GMD/2026-27/347","JSIW INFRASTRUCTURE PVT. LTD.","C.I wafer type lever operated butterfly valve conf. to IS-13095 PN-1.6 with fittings,flanges,nut,bolts & washers etc. MOC of the body & disc shall be CI as per IS-210 FG200,EPDM/neoprene seat,carbon steel(EN8) shaft and nylon/teflon bearing,valves exceeding 150mm dia shall be gear operated 150 mm NB dia","FBD010481","FBD010509","3514","378.5833333333333","MISMATCH diff=3135.42","4003.85","4003.85","MATCH","QR_MISMATCH exp~5805.6","45","5810.00"
"cmth52laf07874kv3e4u2xbkp","GMD/2026-27/347","JSIW INFRASTRUCTURE PVT. LTD.","By-pass to NRV (Sluice Valve) Size : 100mm Rating : 1.0PN Mode of operation:-Hand Operated Material (MOC):-Ductile Iron","FSD030098","RSE100002","6000","","UNEXPECTED_FILLED","6836.4","6836.4","MATCH","QR_MISMATCH exp~9229.1","35","9230.00"
"cmth52lad076o4kv3o2l8b4qc","GMD/2026-27/347","JSIW INFRASTRUCTURE PVT. LTD.","Providing and supplying ISI mark CI D/F Sluice Valves as per IS:14846 (Latest Edition) of following class and diameter including all taxes, insurance, transportation, freight charges, octroi, inspection charges, loading, unloading, conveyance to departmental stores, stacking etc. complete. -PN 1.6 with gear operated (PD type short body)700 dia PN-1.6","FSC030452","","165800","","NO_BOM_FOR_CODE|STALE_GATE","188912.52","188912.52","MATCH","QR_MISMATCH exp~255031.9","35","255030.00"
"cmth52lad076p4kv3geccvoz9","GMD/2026-27/347","JSIW INFRASTRUCTURE PVT. LTD.","Providing and supplying ISI mark CI D/F Sluice Valves as per IS:14846 (Latest Edition) of following class and diameter including all taxes, insurance, transportation, freight charges, octroi, inspection charges, loading, unloading, conveyance to departmental stores, stacking etc. complete. -PN 1.6 with gear operated (PD type short body)800 dia PN-1.6","FSC030512","","257800","","NO_BOM_FOR_CODE|STALE_GATE","293737.32","293737.32","MATCH","QR_MISMATCH exp~396545.4","35","396550.00"
"cmth52lac07604kv3jfeh4ogh","GMD/2026-27/347","JSIW INFRASTRUCTURE PVT. LTD.","Providing and supplying ISI mark CI D/F Sluice Valves as per IS:14846 (Latest Edition) of following class and diameter including all taxes, insurance, transportation, freight charges, octroi, inspection charges, loading, unloading, conveyance to departmental stores, stacking etc. complete. -PN 1.0 with gear operated (PD type short body)100 dia PN-1.0","FSD030098","RSE100002","6000","","UNEXPECTED_FILLED","6836.4","6836.4","MATCH","QR_MISMATCH exp~9229.1","35","9230.00"
"cmth52laf07824kv3dzycud1r","GMD/2026-27/347","JSIW INFRASTRUCTURE PVT. LTD.","AIR VALVES Type Temper Proof Kinetic Double Acting Description: Supply, delivery, installation, testing and commissioning of Temper proof Air valves (as per AWWA C 512) with an isolation sluice valve. Air Valves with SS 304 Float, gun metal / bras - nozzle of approved make & quality of following class and diameter including all taxes, insurance, transportation, freight charges, octroi, inspection charges, loading, unloading, conveyance to departmental stores, stacking etc. complete. incl lowering ,laying & jointing in position air valves incl. cost of all labour , jointing material incl nut bolts and giving satisfactory hydraulic testing etc. complete as per data sheet & specifications Size : 200 mm Rating : 1.6PN Material (MOC):-Ductile Iron","FVC010004","","16671","","NO_BOM_FOR_CODE|STALE_GATE","18994.94","18994.94","MATCH","QR_MISMATCH exp~25643.2","35","25640.00"
"cmth52lae07744kv36c2q2tkm","GMD/2026-27/347","JSIW INFRASTRUCTURE PVT. LTD.","Providing, and supplying C. I. Temper proof Air valves with an isolation sluice valve. Air valves having SS 304 Float gun metal- nozzle of approved make & quality of following class and diameter including all taxes, insurance, transportation, freight charges, octroi, inspection charges, loading, unloading, conveyance to departmental stores, stacking etc. complete. With Isolating Sluice valve PN 1.0 50 MM DIA","FVD020001","","3715","","NO_BOM_FOR_CODE|STALE_GATE","4232.87","4232.87","MATCH","QR_MISMATCH exp~5714.4","35","5710.00"
"cmth52lae077d4kv3q5slxmz7","GMD/2026-27/347","JSIW INFRASTRUCTURE PVT. LTD.","Providing, and supplying C. I. Temper proof Air valves with an isolation sluice valve. Air valves having SS 304 Float gun metal- nozzle of approved make & quality of following class and diameter including all taxes, insurance, transportation, freight charges, octroi, inspection charges, loading, unloading, conveyance to departmental stores, stacking etc. complete. With Isolating Sluice valve PN 1.6200 MM DIA","FVC010004","","16671","","NO_BOM_FOR_CODE|STALE_GATE","18994.94","18994.94","MATCH","QR_MISMATCH exp~25643.2","35","25640.00"
"cmth52laf07884kv3ekeo5wev","GMD/2026-27/347","JSIW INFRASTRUCTURE PVT. LTD.","HEADER LINE VALVES BFV For PS- 3 Description: Supply, delivery, installation, testing and commissioning of ISI mark Butterfly Valve with flanged ends as per following size, rating, mode of operation & Material of Construction (MOC) of valve body conforming to IS 13095 with SS 410 shaft, Nitrile / EPDM seal, SS 304 Seat Rings & Clamping Rings with all carbon steel fasteners, etc. complete as per Data-sheet & Specifications Size : 1000 mm Rating : 1.0PN Mode of operation:-Motorised Material (MOC):-Ductile Iron","FBC010163","","276185","","NO_BOM_FOR_CODE|STALE_GATE","314685.19","314685.19","MATCH","QR_MISMATCH exp~456293.5","45","456290.00"
"cmth52lac07644kv338k4kmkb","GMD/2026-27/347","JSIW INFRASTRUCTURE PVT. LTD.","Providing and supplying ISI mark CI D/F Sluice Valves as per IS:14846 (Latest Edition) of following class and diameter including all taxes, insurance, transportation, freight charges, octroi, inspection charges, loading, unloading, conveyance to departmental stores, stacking etc. complete. -PN 1.0 with gear operated (PD type short body)300 dia PN-1.0","FSC030272","","30000","","NO_BOM_FOR_CODE|STALE_GATE","34182","34182","MATCH","QR_MISMATCH exp~46145.7","35","46150.00"
"cmth52lad076q4kv3uww5j9ht","GMD/2026-27/347","JSIW INFRASTRUCTURE PVT. LTD.","Providing and supplying ISI mark CI D/F Sluice Valves as per IS:14846 (Latest Edition) of following class and diameter including all taxes, insurance, transportation, freight charges, octroi, inspection charges, loading, unloading, conveyance to departmental stores, stacking etc. complete. -PN 1.6 with gear operated (PD type short body)900 dia PN-1.6","FSC030542","","342800","","NO_BOM_FOR_CODE|STALE_GATE","390586.32","390586.32","MATCH","QR_MISMATCH exp~527291.5","35","527290.00"
"cmth52lae07794kv3546stjx9","GMD/2026-27/347","JSIW INFRASTRUCTURE PVT. LTD.","Providing, and supplying C. I. Temper proof Air valves with an isolation sluice valve. Air valves having SS 304 Float gun metal- nozzle of approved make & quality of following class and diameter including all taxes, insurance, transportation, freight charges, octroi, inspection charges, loading, unloading, conveyance to departmental stores, stacking etc. complete. With Isolating Sluice valve PN 1.6 50 MM DIA","FVD020001","","3715","","NO_BOM_FOR_CODE|STALE_GATE","4232.87","4232.87","MATCH","QR_MISMATCH exp~5714.4","35","5710.00"
"cmth52laf077z4kv3t5ypdygy","GMD/2026-27/347","JSIW INFRASTRUCTURE PVT. LTD.","By-pass to NRV (Sluice Valve) Size : 100mm Rating : 1.6 PN Mode of operation:-Hand Operated Material (MOC):-Ductile Iron","FSD030098","RSE100002","6000","","UNEXPECTED_FILLED","6836.4","6836.4","MATCH","QR_MISMATCH exp~9229.1","35","9230.00"
"cmth52laf07854kv3q1xhjt69","GMD/2026-27/347","JSIW INFRASTRUCTURE PVT. LTD.","By-pass to BFV (Sluice Valve) Size : 100mm Rating :1.0 PN Mode of operation:-Hand Operated Material (MOC):-Ductile Iron","FSD030098","RSE100002","6000","","UNEXPECTED_FILLED","6836.4","6836.4","MATCH","QR_MISMATCH exp~9229.1","35","9230.00"
"cmth52laf077m4kv3avu36lup","GMD/2026-27/347","JSIW INFRASTRUCTURE PVT. LTD.","Supply, installation, testing and commissioning wafer type PN 1.6 rated swing check type multidoor reflux valve (NRV), designed & tested as per IS 5312 (Part- 2): 1986, suitable to handle clear water having turbidity up to 5000 PPM, having CI body, door and diaphragm, leaded tin bronze seat rings and flange drilling standard end connection, etc., duly insulated complete all as specified and directed by the engineer-in-charge. 150 mm NB dia","FCF090032","RNC010004","7500","","UNEXPECTED_FILLED","8545.5","8545.5","MATCH","QR_MISMATCH exp~11536.4","35","11540.00"
"cmth52laf077t4kv3w1r076r4","GMD/2026-27/347","JSIW INFRASTRUCTURE PVT. LTD.","HEADER LINE VALVES BFV For PS 1 Description: Supply, delivery, installation, testing and commissioning of ISI mark Butterfly Valve with flanged ends as per following size, rating, mode of operation & Material of Construction (MOC) of valve body conforming to IS 13095 with SS 410 shaft, Nitrile / EPDM seal, SS 304 Seat Rings & Clamping Rings with all carbon steel fasteners, etc. complete as per Data-sheet & Specifications Size : 1600 mm Rating : 2.0PN Mode of operation:-Motorised Material (MOC):-Ductile Iron","FBC010295","","691107","","NO_BOM_FOR_CODE|STALE_GATE","787447.32","787447.32","MATCH","QR_MISMATCH exp~1220543.3","55","1220540.00"
"cmth52lae076t4kv3r17sykts","GMD/2026-27/347","JSIW INFRASTRUCTURE PVT. LTD.","Providing and supplying ISI mark CI D/F Sluice Valves as per IS:14846 (Latest Edition) of following class and diameter including all taxes, insurance, transportation, freight charges, octroi, inspection charges, loading, unloading, conveyance to departmental stores, stacking etc. complete. -PN 1.6 with gear operated (PD type short body)1500 dia PN-1.6","FSD030726","","1027600","","NO_BOM_FOR_CODE|STALE_GATE","1170847.44","1170847.44","MATCH","QR_MISMATCH exp~1580644","35","1580640.00"
"cmth52lae077f4kv3ntt48z0t","GMD/2026-27/347","JSIW INFRASTRUCTURE PVT. LTD.","Providing, supplying. lowering, laying, jointing of ""Series 100 Standard Dorot Pressure Reducing Valve Hydraulically Operated, MOC (DI) Pressure Rating:PN 16; ,Tubing High Pressure Polypropylene."" Pressure reducing valve 350 MM DIA","FCF080017","","50000","","NO_BOM_FOR_CODE|STALE_GATE","56970","56970","MATCH","QR_OK","200","170910.00"
"cmth52lae077c4kv3kx63ihi7","GMD/2026-27/347","JSIW INFRASTRUCTURE PVT. LTD.","Providing, and supplying C. I. Temper proof Air valves with an isolation sluice valve. Air valves having SS 304 Float gun metal- nozzle of approved make & quality of following class and diameter including all taxes, insurance, transportation, freight charges, octroi, inspection charges, loading, unloading, conveyance to departmental stores, stacking etc. complete. With Isolating Sluice valve PN 1.6150 MM DIA","FVC010003","","11187","","NO_BOM_FOR_CODE|STALE_GATE","12746.47","12746.47","MATCH","QR_MISMATCH exp~17207.7","35","17210.00"
"cmth52laf077r4kv34v27wyg0","GMD/2026-27/347","JSIW INFRASTRUCTURE PVT. LTD.","(iii) NON RETURN VALVE (NRV) NRV - Type DPCV Description: Design, Manufacturing. Supply, Delivery, Installation, Testing and Commissioning of Dual Plate Check Valve (as NRV) with flanged ends of following sizes, rating & body material conforming to API 594 / 598, SS 304 Seat Rings with all necessary hardwares, complete as per data-sheet & specification. Size : 800 mm Rating : 2.0 PN Body Material (MOC):-Ductile Iron","FHD010076","","175000","","NO_BOM_FOR_CODE|STALE_GATE","199395","199395","MATCH","QR_MISMATCH exp~239274","20","239270.00"
"cmth52lad076r4kv363cidwh8","GMD/2026-27/347","JSIW INFRASTRUCTURE PVT. LTD.","Providing and supplying ISI mark CI D/F Sluice Valves as per IS:14846 (Latest Edition) of following class and diameter including all taxes, insurance, transportation, freight charges, octroi, inspection charges, loading, unloading, conveyance to departmental stores, stacking etc. complete. -PN 1.6 with gear operated (PD type short body)1000 dia PN-1.6","FSC030572","","412000","","NO_BOM_FOR_CODE|STALE_GATE","469432.8","469432.8","MATCH","QR_MISMATCH exp~633734.3","35","633730.00"
"cmth52laf07844kv3f9ppuvj1","GMD/2026-27/347","JSIW INFRASTRUCTURE PVT. LTD.","PUMP DISCHARGE VALVES FOR PS-3 BFV Description: Design, Manufacturing. Supply, Delivery, Installation, Testing and Commissioning of ISI mark Butterfly Valve with flanged ends as per following size, rating, mode of operation & Material of Construction (MOC) of valve body conforming to IS 13095 with SS 410 shaft, Nitrile / EPDM seal, SS 304 Seat Rings & Clamping Rings with all carbon steel fasteners, etc. complete as per Data-sheet & Specifications. Size : 600 mm Rating : 1.0 PN Mode of operation :-Motorised Material (MOC):-Ductile Iron","FBC010063","","140263","","NO_BOM_FOR_CODE|STALE_GATE","159815.66","159815.66","MATCH","QR_MISMATCH exp~231732.7","45","231730.00"
"cmth52lad076n4kv39qbxu400","GMD/2026-27/347","JSIW INFRASTRUCTURE PVT. LTD.","Providing and supplying ISI mark CI D/F Sluice Valves as per IS:14846 (Latest Edition) of following class and diameter including all taxes, insurance, transportation, freight charges, octroi, inspection charges, loading, unloading, conveyance to departmental stores, stacking etc. complete. -PN 1.6 with gear operated (PD type short body)600 dia PN-1.6","FSC030422","","144158","","NO_BOM_FOR_CODE|STALE_GATE","164253.63","164253.63","MATCH","QR_MISMATCH exp~221742.4","35","221740.00"
"cmth52lad07694kv3m20iu8yj","GMD/2026-27/347","JSIW INFRASTRUCTURE PVT. LTD.","Providing and supplying ISI mark CI D/F Sluice Valves as per IS:14846 (Latest Edition) of following class and diameter including all taxes, insurance, transportation, freight charges, octroi, inspection charges, loading, unloading, conveyance to departmental stores, stacking etc. complete. -PN 1.0 with gear operated (PD type short body)600 dia PN-1.0","FSC030422","","144158","","NO_BOM_FOR_CODE|STALE_GATE","164253.63","164253.63","MATCH","QR_MISMATCH exp~221742.4","35","221740.00"
"cmth54vrr078f4kv3ih7irkbj","GMD/2026-27/393","JWIL Infra Ltd.","“DALUI” make Lever OP. Ductile Iron Body & Disc  Concentric type Butterfly Valve 2400MM P.N. 10 Of PN - 1.6 MPa. As Per BS: 5155 // IS : 13095 with Flange End As Per IS: 1538.","FBC010441","","","","NO_BOM_FOR_CODE","1189024","","PRODUCT_NULL_BUT_COST_EXISTS","QR_OK","65","1961890.00"
"cmth5npja078g4kv33by3npnj","GMD/2026-27/393","JWIL Infra Ltd.","“DALUI” make HW Op. Ductile Iron Body & Disc  Resilient Seated type Sluice Valve 700MM P.N. 10 Of PN - 1.0 MPa.  The Valve face to face shall be as per BS : 5163/IS : 14846(PD type, Short Body)  with Flange End As Per IS: 1538.","FSD040075","","","","NO_BOM_FOR_CODE","230734","","PRODUCT_NULL_BUT_COST_EXISTS","QR_MISMATCH exp~299954.2","30","299950.00"
"cmth5t88f078h4kv3xcdcl4zt","GMD/2026-27/393","JWIL Infra Ltd.","“DALUI” make Auto + HW OP. Ductile Iron Body & Disc  Resilient Seated type Tamper Proof Air Valve 200MM P.N. 10 With Isolation Sluice Valve Of PN - 1.0 MPa. AIR VALVE AS PER AWWA C 512  & SLUICE VALVE AS AS PER IS 5163/IS : 14846 PER with Flange End As Per IS: 1538.","FVC030012","","1600","","NO_BOM_FOR_CODE|STALE_GATE","1745.28","1745.28","MATCH","QR_OK","35.22","2360.00"
"cmth5t9kd078n4kv3u80th9iq","GMD/2026-27/392","LCC Projects Limited","Ductile Iron Body & Disc Resilient Seated type Sluice Valve Of PN - 16 MPa. The Valve face to face shall be as per BS : 5163/IS : 14846(PD type, Short Body) with Flange End As Per IS: 1538,250mm","FSC030242","","21000","","NO_BOM_FOR_CODE|STALE_GATE","22906.8","22906.8","MATCH","QR_MISMATCH exp~30924.2","35","30920.00"
"cmth5t9kd078w4kv3qig292cw","GMD/2026-27/392","LCC Projects Limited","Ductile Iron Body & Disc Resilient Seated type Scour Valve Of PN - 1.6 MPa. The Valve face to face shall be as per BS : 5163/IS : 14846(PD type, Short Body) with Flange End As Per IS: 1538,1000mm","FSC030572","","412000","","NO_BOM_FOR_CODE|STALE_GATE","449409.6","449409.6","MATCH","QR_MISMATCH exp~629173.4","40","629170.00"
"cmth5t9kd078x4kv3yruj2t9h","GMD/2026-27/392","LCC Projects Limited","“DALUI” make Auto + HW OP. Ductile Iron Body & Disc Resilient Seated type Tamper Proof Air Valve With Isolation Sluice Valve Of PN - 1.0 MPa. AIR VALVE AS PER AWWA C 512 & SLUICE VALVE AS AS PER IS 5163/IS : 14846 PER with Flange End As Per IS: 1538,200mm","FSC030212","","12000","","NO_BOM_FOR_CODE|STALE_GATE","13089.6","13089.6","MATCH","QR_MISMATCH exp~17671","35","17670.00"
"cmth5t9kd078i4kv3r5cx9bpx","GMD/2026-27/392","LCC Projects Limited","Ductile Iron Body & Disc Concentric type Butterfly Valve Of PN - 1.6 MPa. As Per BS: 5155 // IS : 13095 with Flange End As Per IS: 1538,1200mm","FBC010201","","349112","","NO_BOM_FOR_CODE|STALE_GATE","380811.37","380811.37","MATCH","QR_MISMATCH exp~628338.8","65","628340.00"
"cmth5t9kd078k4kv35vwzz9vp","GMD/2026-27/392","LCC Projects Limited","Ductile Iron Body & Disc Concentric type Butterfly Valve Of PN - 1.6 MPa. As Per BS: 5155 // IS : 13095 with Flange End As Per IS: 1538,800mm","FBC010121","","131088","","NO_BOM_FOR_CODE|STALE_GATE","142990.79","142990.79","MATCH","QR_MISMATCH exp~193037.6","35","193040.00"
"cmth5t9kd07924kv36lapmrj3","GMD/2026-27/392","LCC Projects Limited","“DALUI” make Lever OP. Cast steel Body & Disc Concentric type Butterfly Valve Of PN - 1.6 MPa. As Per BS: 5155 // IS : 13095 with Flange End As Per IS: 1538,1200mm","FBS010016","FBC010201","349112","","UNEXPECTED_FILLED","380811.37","380811.37","MATCH","QR_MISMATCH exp~628338.8","65","628340.00"
"cmth5t9kd07964kv3lzb153fp","GMD/2026-27/392","LCC Projects Limited","“DALUI” make Auto + HW OP. Cast steel Body & Disc Resilient Seated type Tamper Proof Air Valve With Isolation Sluice Valve Of PN - 1.0 MPa. AIR VALVE AS PER AWWA C 512 & SLUICE VALVE AS AS PER IS 5163/IS : 14846 PER with Flange End As Per IS: 1538,200mm","FVS010001","","31442","","NO_BOM_FOR_CODE|STALE_GATE","34296.93","34296.93","MATCH","QR_MISMATCH exp~46300.9","35","46300.00"
"cmth5t9kd078j4kv3jf4pvn1w","GMD/2026-27/392","LCC Projects Limited","Ductile Iron Body & Disc Resilient Seated type Sluice Valve Of PN - 16 MPa. The Valve face to face shall be as per BS : 5163/IS : 14846(PD type, Short Body) with Flange End As Per IS: 1538,250mm","FSC030242","","21000","","NO_BOM_FOR_CODE|STALE_GATE","22906.8","22906.8","MATCH","QR_MISMATCH exp~30924.2","35","30920.00"
"cmth5t9kd07914kv3exnej00u","GMD/2026-27/392","LCC Projects Limited","“DALUI” make Lever OP. Cast steel Body & Disc Concentric type Butterfly Valve Of PN - 1.6 MPa. As Per BS: 5155 // IS : 13095 with Flange End As Per IS: 1538,600mm","FBS010031","","72263","","NO_BOM_FOR_CODE|STALE_GATE","78824.48","78824.48","MATCH","QR_MISMATCH exp~106413","35","106410.00"
"cmth5t9kd078m4kv339urvsd1","GMD/2026-27/392","LCC Projects Limited","Ductile Iron Body & Disc Concentric type Butterfly Valve Of PN - 1.6 MPa. As Per BS: 5155 // IS : 13095 with Flange End As Per IS: 1538,2000mm","FBC010361","FBD010369","863633","990000","MISMATCH diff=126367.00","942050.88","942050.88","MATCH","QR_MISMATCH exp~1781795","89.14","1781820.00"
"cmth5t9kd078v4kv37zqcrzjg","GMD/2026-27/392","LCC Projects Limited","Ductile Iron Body & Disc Resilient Seated type Scour Valve Of PN - 1.6 MPa. The Valve face to face shall be as per BS : 5163/IS : 14846(PD type, Short Body) with Flange End As Per IS: 1538,600mm","FSC030428","FSC030428","96400","","UNEXPECTED_FILLED","105153.12","105153.12","MATCH","QR_MISMATCH exp~147214.4","40","147210.00"
"cmth5t9kd07904kv31z7u4ueu","GMD/2026-27/392","LCC Projects Limited","“DALUI” make Auto Op. Cast steel Body & Disc Resilient Seated type Dual Plate Check Valve Of PN - 1.6 MPa. As Per API : 594 with Flange End As Per IS: 1538,600mm","FHD010011","","49700","","NO_BOM_FOR_CODE|STALE_GATE","54212.76","54212.76","MATCH","QR_MISMATCH exp~162638.3","200","162640.00"
"cmth5t9kd078z4kv3wmiogz6m","GMD/2026-27/392","LCC Projects Limited","“DALUI” make HW Op. Ductile Iron Body & Disc Resilient Seated type Sluice Valve Of PN - 1.6 MPa. The Valve face to face shall be as per BS : 5163/IS : 14846(PD type, Short Body) with Flange End As Per IS: 1538,300mm","FSC030272","","21000","","NO_BOM_FOR_CODE|STALE_GATE","22906.8","22906.8","MATCH","QR_MISMATCH exp~30924.2","35","30920.00"
"cmth5t9kd078l4kv3pzbwygh3","GMD/2026-27/392","LCC Projects Limited","Ductile Iron Body & Disc Resilient Seated type Sluice Valve Of PN - 16 MPa. The Valve face to face shall be as per BS : 5163/IS : 14846(PD type, Short Body) with Flange End As Per IS: 1538,250mm","FSC030242","","21000","","NO_BOM_FOR_CODE|STALE_GATE","22906.8","22906.8","MATCH","QR_MISMATCH exp~30924.2","35","30920.00"
"cmth5t9kd07944kv3ugvypr4r","GMD/2026-27/392","LCC Projects Limited","“DALUI” make HW Op.Cast steel Body & Disc Resilient Seated type Sluice Valve Of PN - 1.0 MPa. The Valve face to face shall be as per BS : 5163/IS : 14846(PD type, Short Body) with Flange End As Per IS: 1538,200mm","FGS010004","","24440","","NO_BOM_FOR_CODE|STALE_GATE","26659.15","26659.15","MATCH","QR_OK","35","35990.00"
"cmth5x6ov07974kv36wip97eo","GMD/2026-27/393","JWIL Infra Ltd.","“DALUI” make Lever OP. Ductile Iron Body & Disc  Concentric type Butterfly Valve 1600MM P.N. 10 Of PN - 1.6 MPa. As Per BS: 5155 // IS : 13095 with Flange End As Per IS: 1538.","FBC010281","","","","NO_BOM_FOR_CODE","623106","","PRODUCT_NULL_BUT_COST_EXISTS","QR_MISMATCH exp~1028124.9","65","1028120.00"
"cmth6ibj8079d4kv39dpzd3vj","GMD/2026-27/393","JWIL Infra Ltd.","“DALUI” make Auto + HW OP. Ductile Iron Body & Disc  Resilient Seated type Tamper Proof Air Valve 200MM P.N. 10 With Isolation Sluice Valve Of PN - 1.0 MPa. AIR VALVE AS PER AWWA C 512  & SLUICE VALVE AS AS PER IS 5163/IS : 14846 PER with Flange End As Per IS: 1538.","FVC030012","","1600","","NO_BOM_FOR_CODE|STALE_GATE","1745.28","1745.28","MATCH","QR_MISMATCH exp~2356.1","35","2360.00"
"cmth6ibj8079b4kv3exmzb5lt","GMD/2026-27/393","JWIL Infra Ltd.","“DALUI” make Lever OP. Ductile Iron Body & Disc  Concentric type Butterfly Valve 2400MM P.N. 10 Of PN - 1.6 MPa. As Per BS: 5155 // IS : 13095 with Flange End As Per IS: 1538.","FBC010441","","","","NO_BOM_FOR_CODE","1189024","","PRODUCT_NULL_BUT_COST_EXISTS","QR_OK","65","1961890.00"
"cmth6ibj807984kv3tmrs9lcf","GMD/2026-27/393","JWIL Infra Ltd.","“DALUI” make HW Op. Ductile Iron Body & Disc  Resilient Seated type Sluice Valve 250MM P.N. 10 Of PN - 1.0 MPa.  The Valve face to face shall be as per BS : 5163/IS : 14846(PD type, Short Body)  with Flange End As Per IS: 1538.","FSD040084","","","","NO_BOM_FOR_CODE","13048","","PRODUCT_NULL_BUT_COST_EXISTS","QR_OK","20.02","15660.00"
"cmth6ibj8079c4kv3jvdzoiz9","GMD/2026-27/393","JWIL Infra Ltd.","“DALUI” make HW Op. Ductile Iron Body & Disc  Resilient Seated type Sluice Valve 300MM P.N. 10 Of PN - 1.0 MPa.  The Valve face to face shall be as per BS : 5163/IS : 14846(PD type, Short Body)  with Flange End As Per IS: 1538.","FSD040003","RCB040002","","","NULL_BOTH","16443","","PRODUCT_NULL_BUT_COST_EXISTS","QR_OK","19.99","19730.00"
"cmth6ibj807994kv39636lgo3","GMD/2026-27/393","JWIL Infra Ltd.","“DALUI” make Auto Op. Ductile Iron Body & Disc  Resilient Seated type Dual Plate Check Valve 1600MM P.N. 10 Of PN - 1.6 MPa. As Per API : 594 with Flange End As Per IS: 1538.","FCF090047","","","","NO_BOM_FOR_CODE","111","","PRODUCT_NULL_BUT_COST_EXISTS","QR_OK","197.3","330.00"
"cmth6ibj8079a4kv3w1nqnv79","GMD/2026-27/393","JWIL Infra Ltd.","“DALUI” make HW Op. Ductile Iron Body & Disc  Resilient Seated type Sluice Valve 250MM P.N. 10 Of PN - 1.0 MPa.  The Valve face to face shall be as per BS : 5163/IS : 14846(PD type, Short Body)  with Flange End As Per IS: 1538.","FSD040084","","","","NO_BOM_FOR_CODE","13048","","PRODUCT_NULL_BUT_COST_EXISTS","QR_OK","20.02","15660.00"
"cmtjoiecx0005jsv3jw2qwvp9","GMD/2026-27/394","Rubrik Infrastructure Pvt Ltd","“DALUI” make HW Op. Ductile Iron Body & Disc  Resilient Seated type Sluice Valve 200MM P.N. 16 Of PN - 1.0 MPa.  The Valve face to face shall be as per BS : 5163/IS : 14846(PD type, Short Body)  with Flange End As Per IS: 1538.","FSC060011","RSD120003","1600","1600","MATCH","1745.28","1745.28","MATCH","QR_MISMATCH exp~2181.6","25","2180.00"
"cmtjoiecx0008jsv38b1kcc2x","GMD/2026-27/394","Rubrik Infrastructure Pvt Ltd","“DALUI” make HW Op. Ductile Iron Body & Disc  Resilient Seated type Sluice Valve 350MM P.N. 16 Of PN - 1.0 MPa.  The Valve face to face shall be as per BS : 5163/IS : 14846(PD type, Short Body)  with Flange End As Per IS: 1538.","FSD040028","RSD130032","","","NULL_BOTH","26521","","PRODUCT_NULL_BUT_COST_EXISTS","QR_MISMATCH exp~31825.2","20","31830.00"
"cmtjoiecx0009jsv30f645u44","GMD/2026-27/394","Rubrik Infrastructure Pvt Ltd","“DALUI” make HW Op. Ductile Iron Body & Disc  Resilient Seated type Sluice Valve 400MM P.N. 16 Of PN - 1.0 MPa.  The Valve face to face shall be as per BS : 5163/IS : 14846(PD type, Short Body)  with Flange End As Per IS: 1538.","FSD040029","RSD110045","","","NULL_BOTH","31125","","PRODUCT_NULL_BUT_COST_EXISTS","QR_OK","20","37350.00"
"cmtjoiecx000bjsv3uytdmd0l","GMD/2026-27/394","Rubrik Infrastructure Pvt Ltd","“DALUI” make HW Op. Ductile Iron Body & Disc  Resilient Seated type Sluice Valve 600MM P.N. 16 Of PN - 1.0 MPa.  The Valve face to face shall be as per BS : 5163/IS : 14846(PD type, Short Body)  with Flange End As Per IS: 1538.","FSD040076","RSD130035","","","NULL_BOTH","113723","","PRODUCT_NULL_BUT_COST_EXISTS","QR_OK","30","147840.00"
"cmtjoiecx000ajsv3g3bevp2m","GMD/2026-27/394","Rubrik Infrastructure Pvt Ltd","“DALUI” make HW Op. Ductile Iron Body & Disc  Resilient Seated type Sluice Valve 500MM P.N. 16 Of PN - 1.0 MPa.  The Valve face to face shall be as per BS : 5163/IS : 14846(PD type, Short Body)  with Flange End As Per IS: 1538.","FSD040031","","","","NO_BOM_FOR_CODE","63014","","PRODUCT_NULL_BUT_COST_EXISTS","QR_MISMATCH exp~81918.2","30","81920.00"
"cmtjoiecx0007jsv3rr8oryue","GMD/2026-27/394","Rubrik Infrastructure Pvt Ltd","“DALUI” make HW Op. Ductile Iron Body & Disc  Resilient Seated type Sluice Valve 300MM P.N. 16 Of PN - 1.0 MPa.  The Valve face to face shall be as per BS : 5163/IS : 14846(PD type, Short Body)  with Flange End As Per IS: 1538.","FSD040003","RCB040002","","","NULL_BOTH","19646","","PRODUCT_NULL_BUT_COST_EXISTS","QR_MISMATCH exp~23575.2","20","23580.00"
"cmtjoiecx0002jsv3c0cwzgh6","GMD/2026-27/394","Rubrik Infrastructure Pvt Ltd","“DALUI” make Auto Op. Ductile Iron Body & Disc  Resilient Seated type Tamper Proof Air Valve 80MM P.N. 16 Of PN - 1.6 MPa. As Per AWWA C 512   with Flange End As Per IS: 1538.","FDC040009","FTD050023","141.90625","141.90625","MATCH","154.79","154.79","MATCH","QR_OK","2600.43","4180.00"
"cmtjoiecx0006jsv392x7l3o6","GMD/2026-27/394","Rubrik Infrastructure Pvt Ltd","“DALUI” make HW Op. Ductile Iron Body & Disc  Resilient Seated type Sluice Valve 250MM P.N. 16 Of PN - 1.0 MPa.  The Valve face to face shall be as per BS : 5163/IS : 14846(PD type, Short Body)  with Flange End As Per IS: 1538.","FSD040084","","","","NO_BOM_FOR_CODE","14469","","PRODUCT_NULL_BUT_COST_EXISTS","QR_MISMATCH exp~17362.8","20","17360.00"
"cmtjoiecx0003jsv30r8iv1ia","GMD/2026-27/394","Rubrik Infrastructure Pvt Ltd","“DALUI” make Auto Op. Ductile Iron Body & Disc  Resilient Seated type Tamper Proof Air Valve 100MM P.N. 16 Of PN - 1.6 MPa. As Per AWWA C 512   with Flange End As Per IS: 1538.","FDC040013","FTD050018","5421","5421","MATCH","5913.23","5913.23","MATCH","QR_OK","-20.52","4700.00"
"cmtjoiecx0004jsv3t7fzb8vd","GMD/2026-27/394","Rubrik Infrastructure Pvt Ltd","“DALUI” make Auto Op. Ductile Iron Body & Disc  Resilient Seated type Tamper Proof Air Valve 150MM P.N. 16 Of PN - 1.6 MPa. As Per AWWA C 512   with Flange End As Per IS: 1538.","FDC040017","FBD010509","378.5833333333333","378.5833333333333","MATCH","412.96","412.96","MATCH","QR_OK","2030.96","8800.00"
"cmto28g84000401q7iajw0ui7","GMD/2026-27/398","PLR Projects Pvt Ltd","Ductile Iron Body & Disc Resilient Seated type Sluice Valve Of PN - 1.0 MPa. The Valve face to face shall be as per BS : 5163/IS : 14846(PD type, Short Body) with Flange End As Per IS: 1538,300mm","FSC030272","","","","NO_BOM_FOR_CODE","","","NULL_BOTH","","35",""
"cmto38j0u074x01q7l4osp39n","GMD/2026-27/399","Vishnu Prakash R Punglia Limited","Ductile Iron Body & Disc Metal Seated type Sluice Valve Of PN - 1.6 MPa.  The Valve face to face shall be as per IS : 14846 with Flange End As Per IS: 1538,500mm","FRD010039","","","","NO_BOM_FOR_CODE","","","NULL_BOTH","","40","65000.00"
"cmto7thcd000301rvmhnb35dn","GMD/2026-27/400","G V P R Engineers Limited","BUTTERFLY 600MM DISC SEAT RING","FBC020516","","","","NO_BOM_FOR_CODE","570","","PRODUCT_NULL_BUT_COST_EXISTS","QR_OK","200","1710.00"